<?xml version="1.0" encoding="UTF-8"?>
<kml xmlns="http://www.opengis.net/kml/2.2">
  <Document>
    <name>Directions from 5 Thorpdale Rd, Mirboo North VIC 3871, Australia to 35 Giles St, Mirboo North VIC 3871, Australia</name>
    <Style id="icon-1899-DB4436-nodesc-normal">
      <IconStyle>
        <color>ff3644db</color>
        <scale>1</scale>
        <Icon>
          <href>https://www.gstatic.com/mapspro/images/stock/503-wht-blank_maps.png</href>
        </Icon>
        <hotSpot x="32" xunits="pixels" y="64" yunits="insetPixels"/>
      </IconStyle>
      <LabelStyle>
        <scale>0</scale>
      </LabelStyle>
      <BalloonStyle>
        <text><![CDATA[<h3>$[name]</h3>]]></text>
      </BalloonStyle>
    </Style>
    <Style id="icon-1899-DB4436-nodesc-highlight">
      <IconStyle>
        <color>ff3644db</color>
        <scale>1</scale>
        <Icon>
          <href>https://www.gstatic.com/mapspro/images/stock/503-wht-blank_maps.png</href>
        </Icon>
        <hotSpot x="32" xunits="pixels" y="64" yunits="insetPixels"/>
      </IconStyle>
      <LabelStyle>
        <scale>1</scale>
      </LabelStyle>
      <BalloonStyle>
        <text><![CDATA[<h3>$[name]</h3>]]></text>
      </BalloonStyle>
    </Style>
    <StyleMap id="icon-1899-DB4436-nodesc">
      <Pair>
        <key>normal</key>
        <styleUrl>#icon-1899-DB4436-nodesc-normal</styleUrl>
      </Pair>
      <Pair>
        <key>highlight</key>
        <styleUrl>#icon-1899-DB4436-nodesc-highlight</styleUrl>
      </Pair>
    </StyleMap>
    <Style id="line-1267FF-5000-nodesc-normal">
      <LineStyle>
        <color>ffff6712</color>
        <width>5</width>
      </LineStyle>
      <BalloonStyle>
        <text><![CDATA[<h3>$[name]</h3>]]></text>
      </BalloonStyle>
    </Style>
    <Style id="line-1267FF-5000-nodesc-highlight">
      <LineStyle>
        <color>ffff6712</color>
        <width>7.5</width>
      </LineStyle>
      <BalloonStyle>
        <text><![CDATA[<h3>$[name]</h3>]]></text>
      </BalloonStyle>
    </Style>
    <StyleMap id="line-1267FF-5000-nodesc">
      <Pair>
        <key>normal</key>
        <styleUrl>#line-1267FF-5000-nodesc-normal</styleUrl>
      </Pair>
      <Pair>
        <key>highlight</key>
        <styleUrl>#line-1267FF-5000-nodesc-highlight</styleUrl>
      </Pair>
    </StyleMap>
    <Placemark>
      <name>Directions from 5 Thorpdale Rd, Mirboo North VIC 3871, Australia to 35 Giles St, Mirboo North VIC 3871, Australia</name>
      <styleUrl>#line-1267FF-5000-nodesc</styleUrl>
      <LineString>
        <tessellate>1</tessellate>
        <coordinates>
          146.16324,-38.39902,0
          146.16339,-38.39834,0
          146.16355,-38.39784,0
          146.16384,-38.39739,0
          146.16513,-38.39609,0
          146.16543,-38.39556,0
          146.16568,-38.39448,0
          146.16594,-38.39287,0
          146.16598,-38.39278,0
          146.16671,-38.38993,0
          146.16694,-38.38941,0
          146.16708,-38.38919,0
          146.1674,-38.38878,0
          146.17234,-38.38487,0
          146.17307,-38.3842,0
          146.17421,-38.38294,0
          146.17489,-38.38208,0
          146.17495,-38.38197,0
          146.17607,-38.3805,0
          146.17643,-38.37991,0
          146.17658,-38.37957,0
          146.17664,-38.37933,0
          146.17665,-38.37922,0
          146.17669,-38.37915,0
          146.1771,-38.37717,0
          146.17779,-38.37535,0
          146.17779,-38.37529,0
          146.17818,-38.37459,0
          146.17876,-38.37381,0
          146.17996,-38.37237,0
          146.18009,-38.37215,0
          146.18031,-38.37158,0
          146.18035,-38.37128,0
          146.18032,-38.37075,0
          146.1802,-38.37045,0
          146.18,-38.37009,0
          146.1799,-38.36997,0
          146.17804,-38.3682,0
          146.17776,-38.36785,0
          146.17748,-38.36742,0
          146.17737,-38.36712,0
          146.1773,-38.36683,0
          146.17727,-38.36649,0
          146.17728,-38.36609,0
          146.17749,-38.36528,0
          146.17787,-38.36437,0
          146.17806,-38.36404,0
          146.17854,-38.36345,0
          146.17928,-38.36295,0
          146.18133,-38.36203,0
          146.18199,-38.36161,0
          146.18209,-38.36157,0
          146.18353,-38.36053,0
          146.18403,-38.36028,0
          146.18621,-38.3598,0
          146.18786,-38.35904,0
          146.18844,-38.35866,0
          146.1888,-38.35835,0
          146.18906,-38.35807,0
          146.18906,-38.35806,0
          146.1893,-38.35771,0
          146.18975,-38.35681,0
          146.19008,-38.356,0
          146.19013,-38.35582,0
          146.19013,-38.35574,0
          146.19102,-38.35251,0
          146.19115,-38.35217,0
          146.193,-38.34902,0
          146.19324,-38.34868,0
          146.19376,-38.34819,0
          146.19391,-38.34808,0
          146.1943,-38.34787,0
          146.19513,-38.34756,0
          146.19696,-38.34727,0
          146.1976,-38.34709,0
          146.19823,-38.34677,0
          146.19871,-38.34641,0
          146.19899,-38.34612,0
          146.19929,-38.3457,0
          146.19958,-38.34521,0
          146.19979,-38.34475,0
          146.20004,-38.34438,0
          146.20047,-38.34389,0
          146.2007,-38.34371,0
          146.20108,-38.34347,0
          146.20163,-38.34325,0
          146.20178,-38.34317,0
          146.20237,-38.34295,0
          146.20286,-38.34282,0
          146.20408,-38.34262,0
          146.20583,-38.34255,0
          146.2065,-38.34246,0
          146.2072,-38.34228,0
          146.20792,-38.34202,0
          146.20916,-38.34133,0
          146.20969,-38.34096,0
          146.21005,-38.34075,0
          146.21006,-38.34075,0
          146.2105,-38.34053,0
          146.21065,-38.34048,0
          146.21066,-38.34047,0
          146.21106,-38.34033,0
          146.21185,-38.34012,0
          146.2137,-38.33986,0
          146.21396,-38.3398,0
          146.21499,-38.33941,0
          146.21743,-38.33818,0
          146.21801,-38.33777,0
          146.21939,-38.33658,0
          146.22017,-38.33606,0
          146.22395,-38.33439,0
          146.22539,-38.33362,0
          146.2254,-38.33362,0
          146.22558,-38.33353,0
          146.22559,-38.33353,0
          146.22626,-38.33324,0
          146.22723,-38.33294,0
          146.22872,-38.33265,0
          146.23157,-38.33229,0
          146.23165,-38.33226,0
          146.23178,-38.33216,0
          146.2337,-38.33145,0
          146.23438,-38.33127,0
          146.23469,-38.33123,0
          146.23471,-38.33122,0
          146.23541,-38.33118,0
          146.236,-38.33119,0
          146.24138,-38.33098,0
          146.24884,-38.33135,0
          146.24984,-38.33135,0
          146.24986,-38.33134,0
          146.25068,-38.33123,0
          146.25171,-38.3309,0
          146.25259,-38.33048,0
          146.25785,-38.32731,0
          146.25816,-38.32703,0
          146.25875,-38.32638,0
          146.25918,-38.32574,0
          146.25943,-38.3252,0
          146.25968,-38.32418,0
          146.25975,-38.32398,0
          146.26053,-38.31922,0
          146.26067,-38.31883,0
          146.26099,-38.3182,0
          146.26121,-38.31793,0
          146.26121,-38.31791,0
          146.26193,-38.31722,0
          146.26462,-38.31554,0
          146.26522,-38.31507,0
          146.26559,-38.31473,0
          146.26618,-38.31404,0
          146.26625,-38.31393,0
          146.26818,-38.31159,0
          146.26932,-38.31057,0
          146.27281,-38.30786,0
          146.27294,-38.3078,0
          146.27345,-38.3074,0
          146.27428,-38.30691,0
          146.27478,-38.30668,0
          146.27586,-38.30628,0
          146.276,-38.30625,0
          146.27686,-38.30589,0
          146.27767,-38.30544,0
          146.27805,-38.30517,0
          146.27808,-38.30516,0
          146.27824,-38.30503,0
          146.27824,-38.30502,0
          146.27882,-38.30449,0
          146.27976,-38.30329,0
          146.27977,-38.30326,0
          146.28068,-38.30195,0
          146.28128,-38.30126,0
          146.28197,-38.3006,0
          146.28258,-38.30013,0
          146.28266,-38.30002,0
          146.28936,-38.29478,0
          146.29043,-38.29416,0
          146.29163,-38.29363,0
          146.2971,-38.29162,0
          146.29719,-38.29156,0
          146.29869,-38.29097,0
          146.29881,-38.29095,0
          146.30714,-38.28775,0
          146.30789,-38.28757,0
          146.31587,-38.28634,0
          146.3171,-38.28609,0
          146.31761,-38.28592,0
          146.31812,-38.2857,0
          146.31881,-38.28531,0
          146.31924,-38.285,0
          146.31977,-38.28449,0
          146.32009,-38.28403,0
          146.32015,-38.28399,0
          146.32032,-38.28373,0
          146.32047,-38.28343,0
          146.32069,-38.28284,0
          146.32072,-38.28264,0
          146.32069,-38.28254,0
          146.32072,-38.28236,0
          146.32076,-38.28139,0
          146.3208,-38.28138,0
          146.32078,-38.28131,0
          146.3207,-38.28005,0
          146.3207,-38.27931,0
          146.32073,-38.27897,0
          146.32092,-38.27807,0
          146.3215,-38.27671,0
          146.32186,-38.27619,0
          146.32252,-38.27544,0
          146.32817,-38.27074,0
          146.32828,-38.27069,0
          146.32902,-38.27009,0
          146.32946,-38.26966,0
          146.33008,-38.26891,0
          146.33036,-38.26847,0
          146.33078,-38.26762,0
          146.33108,-38.26664,0
          146.33117,-38.26589,0
          146.33114,-38.26491,0
          146.33097,-38.26402,0
          146.33094,-38.26394,0
          146.33039,-38.26122,0
          146.3303,-38.26102,0
          146.33028,-38.26067,0
          146.32993,-38.25921,0
          146.32983,-38.25858,0
          146.32979,-38.2575,0
          146.32984,-38.25693,0
          146.33001,-38.25607,0
          146.33016,-38.25556,0
          146.33051,-38.2547,0
          146.33051,-38.25468,0
          146.33315,-38.24928,0
          146.33324,-38.24918,0
          146.33365,-38.24837,0
          146.33365,-38.24823,0
          146.33505,-38.24539,0
          146.33576,-38.2443,0
          146.33683,-38.24298,0
          146.33759,-38.24221,0
          146.339,-38.24104,0
          146.34042,-38.24012,0
          146.34151,-38.23952,0
          146.34264,-38.23901,0
          146.34365,-38.23862,0
          146.34589,-38.23797,0
          146.34688,-38.23777,0
          146.34926,-38.23749,0
          146.3522,-38.23737,0
          146.35239,-38.23734,0
          146.3675,-38.2365,0
          146.36855,-38.23637,0
          146.36936,-38.23621,0
          146.3716,-38.23564,0
          146.37213,-38.23545,0
          146.3721,-38.2354,0
          146.37272,-38.23505,0
          146.37275,-38.23501,0
          146.37319,-38.23464,0
          146.37329,-38.23458,0
          146.37359,-38.23447,0
          146.37362,-38.23447,0
          146.37363,-38.23446,0
          146.37367,-38.23445,0
          146.37422,-38.23463,0
          146.37465,-38.23481,0
          146.3751,-38.23493,0
          146.3752,-38.23499,0
          146.37566,-38.23504,0
          146.37595,-38.23504,0
          146.37656,-38.23498,0
          146.37725,-38.23479,0
          146.37802,-38.23444,0
          146.37835,-38.23421,0
          146.37891,-38.23365,0
          146.37893,-38.23364,0
          146.37924,-38.23333,0
          146.37939,-38.23323,0
          146.37943,-38.23319,0
          146.38004,-38.23285,0
          146.38022,-38.23278,0
          146.38055,-38.23271,0
          146.3809,-38.23268,0
          146.38143,-38.23272,0
          146.38169,-38.23277,0
          146.38342,-38.23344,0
          146.38365,-38.23357,0
          146.38439,-38.23387,0
          146.38452,-38.23389,0
          146.38472,-38.23397,0
          146.39047,-38.23551,0
          146.39058,-38.23557,0
          146.3921,-38.23598,0
          146.39242,-38.23611,0
          146.3925,-38.23616,0
          146.3925,-38.2362,0
          146.39254,-38.23625,0
          146.39254,-38.23626,0
          146.39255,-38.23627,0
          146.39256,-38.23627,0
          146.39256,-38.23628,0
          146.39257,-38.23628,0
          146.39258,-38.23629,0
          146.39259,-38.23629,0
          146.39259,-38.2363,0
          146.3926,-38.2363,0
          146.39261,-38.23631,0
          146.39263,-38.23631,0
          146.39265,-38.23632,0
          146.3927,-38.23632,0
          146.39271,-38.23631,0
          146.39276,-38.23631,0
          146.39277,-38.2363,0
          146.39278,-38.2363,0
          146.39279,-38.23629,0
          146.39306,-38.23625,0
          146.39476,-38.23672,0
          146.39482,-38.23658,0
          146.39499,-38.23666,0
          146.39648,-38.23706,0
          146.3966,-38.23711,0
          146.39733,-38.23729,0
          146.39743,-38.23734,0
          146.39773,-38.23743,0
          146.39779,-38.23741,0
          146.3983,-38.23758,0
          146.39888,-38.23772,0
          146.3992,-38.23771,0
          146.39993,-38.23791,0
          146.40025,-38.23803,0
          146.40029,-38.23803,0
          146.40029,-38.23802,0
          146.4003,-38.23802,0
          146.40031,-38.23803,0
          146.40036,-38.23803,0
          146.40036,-38.23804,0
          146.40038,-38.23804,0
          146.40038,-38.23805,0
          146.40039,-38.23805,0
          146.40041,-38.23807,0
          146.40069,-38.23809,0
          146.40096,-38.23818,0
          146.40127,-38.23837,0
          146.40148,-38.23846,0
          146.40157,-38.23846,0
          146.40158,-38.23847,0
          146.4016,-38.23847,0
          146.40161,-38.23848,0
          146.40162,-38.23848,0
          146.40164,-38.2385,0
          146.40168,-38.23849,0
          146.402,-38.23857,0
          146.40207,-38.2386,0
          146.40288,-38.23881,0
          146.40283,-38.23892,0
          146.40442,-38.23935,0
          146.40451,-38.23919,0
          146.40468,-38.23876,0
          146.40474,-38.23873,0
          146.40495,-38.23869,0
          146.40503,-38.23869,0
          146.40789,-38.23955,0
          146.40803,-38.23957,0
          146.41491,-38.24135,0
          146.41539,-38.24142,0
          146.41585,-38.24144,0
          146.41655,-38.24139,0
          146.41743,-38.24117,0
          146.4177,-38.24105,0
          146.4184,-38.24065,0
          146.41904,-38.24008,0
          146.41909,-38.24,0
          146.4199,-38.23928,0
          146.41994,-38.2393,0
          146.42044,-38.23887,0
          146.4205,-38.23879,0
          146.42161,-38.23786,0
          146.42197,-38.23761,0
          146.42207,-38.23756,0
          146.4221,-38.23751,0
          146.42298,-38.23705,0
          146.42492,-38.23643,0
          146.42678,-38.23599,0
          146.4269,-38.236,0
          146.42764,-38.23584,0
          146.42775,-38.23579,0
          146.43821,-38.23351,0
          146.43826,-38.23345,0
          146.43855,-38.23338,0
          146.43858,-38.2332,0
          146.43853,-38.23308,0
          146.43861,-38.23308,0
          146.43959,-38.23282,0
          146.43975,-38.23281,0
          146.44125,-38.23251,0
          146.44254,-38.23232,0
          146.44944,-38.23167,0
          146.45213,-38.23108,0
          146.45224,-38.23103,0
          146.45633,-38.22974,0
          146.45817,-38.22901,0
          146.46015,-38.22806,0
          146.46029,-38.22803,0
          146.46227,-38.22693,0
          146.4628,-38.22659,0
          146.46285,-38.22661,0
          146.46293,-38.22672,0
          146.46305,-38.22683,0
          146.47005,-38.22214,0
          146.47012,-38.22207,0
          146.47172,-38.22096,0
          146.47183,-38.22092,0
          146.47336,-38.21992,0
          146.47343,-38.21984,0
          146.48429,-38.21263,0
          146.48489,-38.21229,0
          146.48501,-38.2122,0
          146.48583,-38.2118,0
          146.48705,-38.21129,0
          146.48856,-38.21078,0
          146.50938,-38.20568,0
          146.50947,-38.20562,0
          146.51727,-38.20374,0
          146.51739,-38.20369,0
          146.51778,-38.20359,0
          146.51791,-38.20358,0
          146.51946,-38.2032,0
          146.51972,-38.20311,0
          146.52187,-38.20258,0
          146.52216,-38.20254,0
          146.52959,-38.20069,0
          146.53134,-38.20041,0
          146.53216,-38.20023,0
          146.53244,-38.20011,0
          146.53252,-38.20003,0
          146.53267,-38.19995,0
          146.53308,-38.19966,0
          146.53313,-38.19961,0
          146.53325,-38.19953,0
          146.53333,-38.19952,0
          146.53363,-38.19937,0
          146.53986,-38.19783,0
          146.54028,-38.19768,0
          146.5403,-38.19766,0
          146.54041,-38.19763,0
          146.54088,-38.19728,0
          146.54106,-38.19704,0
          146.54116,-38.19684,0
          146.54117,-38.19672,0
          146.54125,-38.19645,0
          146.54125,-38.19638,0
          146.54137,-38.19577,0
          146.54137,-38.19568,0
          146.54144,-38.19549,0
          146.54154,-38.19531,0
          146.5418,-38.19499,0
          146.54207,-38.1948,0
          146.54389,-38.19395,0
          146.54409,-38.1939,0
          146.54418,-38.19385,0
          146.54512,-38.1936,0
          146.54668,-38.19333,0
          146.54662,-38.19313,0
          146.56035,-38.19079,0
          146.56054,-38.1907,0
          146.56064,-38.1906,0
          146.56062,-38.19041,0
          146.56066,-38.19002,0
          146.56061,-38.18989,0
          146.56076,-38.18907,0
          146.56084,-38.18886,0
          146.56094,-38.18838,0
          146.56108,-38.1884,0
          146.56201,-38.18393,0
          146.56204,-38.18385,0
          146.56236,-38.18216,0
          146.5624,-38.18206,0
          146.56268,-38.18075,0
          146.56263,-38.18062,0
          146.56285,-38.1796,0
          146.56297,-38.17947,0
          146.56377,-38.17557,0
          146.56389,-38.17549,0
          146.56398,-38.17537,0
          146.56457,-38.17242,0
          146.56458,-38.17241,0
          146.56672,-38.16239,0
          146.56678,-38.1622,0
          146.56686,-38.16149,0
          146.57398,-38.1277,0
          146.574,-38.12765,0
          146.57397,-38.12744,0
          146.57387,-38.12746,0
          146.57387,-38.12726,0
          146.57406,-38.1264,0
          146.57412,-38.12595,0
          146.57413,-38.12559,0
          146.57412,-38.12555,0
          146.57411,-38.12554,0
          146.57442,-38.1254,0
          146.5745,-38.12534,0
          146.57453,-38.1253,0
          146.57457,-38.12519,0
          146.57466,-38.12454,0
          146.5749,-38.1234,0
          146.5749,-38.12336,0
          146.57506,-38.12273,0
          146.57526,-38.12213,0
          146.5756,-38.12131,0
          146.57643,-38.11983,0
          146.57723,-38.11874,0
          146.57839,-38.11753,0
          146.58242,-38.1142,0
          146.58242,-38.11419,0
          146.5868,-38.11059,0
          146.5868,-38.11058,0
          146.58698,-38.11048,0
          146.58835,-38.10952,0
          146.58948,-38.10892,0
          146.58949,-38.10892,0
          146.58988,-38.10874,0
          146.58997,-38.10867,0
          146.59092,-38.1082,0
          146.59134,-38.1079,0
          146.59134,-38.10789,0
          146.59177,-38.10749,0
          146.59217,-38.10729,0
          146.59221,-38.10728,0
          146.59239,-38.10716,0
          146.59265,-38.10692,0
          146.59291,-38.10661,0
          146.59316,-38.10618,0
          146.5934,-38.10566,0
          146.59345,-38.1055,0
          146.59356,-38.10492,0
          146.59357,-38.1049,0
          146.59376,-38.10386,0
          146.59409,-38.1026,0
          146.59466,-38.10142,0
          146.59619,-38.0992,0
          146.59632,-38.09909,0
          146.59672,-38.09861,0
          146.59683,-38.0984,0
          146.59685,-38.0983,0
          146.59695,-38.09805,0
          146.60095,-38.09211,0
          146.60095,-38.0921,0
          146.61047,-38.07799,0
          146.61047,-38.07798,0
          146.61702,-38.06828,0
          146.61703,-38.06825,0
          146.6194,-38.06477,0
          146.61997,-38.06417,0
          146.62055,-38.06371,0
          146.6207,-38.06356,0
          146.62235,-38.06254,0
          146.62273,-38.06237,0
          146.62607,-38.06022,0
          146.62616,-38.06013,0
          146.6262,-38.06006,0
          146.6275,-38.06015,0
          146.62847,-38.06013,0
          146.63618,-38.05922,0
          146.63733,-38.05918,0
          146.6387,-38.05927,0
          146.63977,-38.05943,0
          146.64025,-38.05945,0
          146.65169,-38.06081,0
          146.65293,-38.06088,0
          146.65375,-38.06084,0
          146.65508,-38.0606,0
          146.6609,-38.05867,0
          146.66135,-38.05846,0
          146.74194,-38.0301,0
          146.74543,-38.02873,0
          146.74582,-38.02854,0
          146.74612,-38.02843,0
          146.7478,-38.02803,0
          146.76424,-38.0222,0
          146.76441,-38.02217,0
          146.76456,-38.02217,0
          146.7647,-38.02221,0
          146.76476,-38.02221,0
          146.76496,-38.02215,0
          146.76494,-38.02202,0
          146.76498,-38.02194,0
          146.76503,-38.02188,0
          146.76515,-38.02183,0
          146.76523,-38.02183,0
          146.76523,-38.0218,0
          146.7655,-38.02164,0
          146.76617,-38.02113,0
          146.77926,-38.0091,0
          146.7793,-38.00902,0
          146.7795,-38.00875,0
          146.77968,-38.00836,0
          146.78066,-38.00415,0
          146.78071,-38.00361,0
          146.78067,-38.00321,0
          146.78035,-38.00235,0
          146.7794,-38.00034,0
          146.77937,-38.00023,0
          146.77823,-37.99773,0
          146.77829,-37.99771,0
          146.7774,-37.99577,0
          146.77608,-37.99158,0
          146.77604,-37.99138,0
          146.77605,-37.99099,0
          146.77654,-37.98936,0
          146.7768,-37.98885,0
          146.7774,-37.98804,0
          146.77766,-37.98782,0
          146.77792,-37.98767,0
          146.77921,-37.98725,0
          146.77959,-37.98699,0
          146.7797,-37.98689,0
          146.7797,-37.98688,0
          146.77985,-37.98666,0
          146.78021,-37.98592,0
          146.78026,-37.98585,0
          146.78043,-37.98547,0
          146.78065,-37.98512,0
          146.78089,-37.98489,0
          146.78114,-37.98476,0
          146.7825,-37.98451,0
          146.78267,-37.98443,0
          146.78278,-37.98435,0
          146.78298,-37.98407,0
          146.78307,-37.98381,0
          146.78397,-37.98023,0
          146.7899,-37.98097,0
          146.79001,-37.98097,0
          146.79002,-37.98098,0
          146.79003,-37.98098,0
          146.79007,-37.98101,0
          146.79024,-37.9808,0
          146.79032,-37.98067,0
          146.79041,-37.98043,0
          146.79053,-37.97993,0
          146.79128,-37.98001,0
          146.79187,-37.97999,0
          146.79285,-37.97989,0
          146.79348,-37.9799,0
          146.80854,-37.98178,0
          146.80855,-37.98179,0
          146.81937,-37.98315,0
          146.81938,-37.98316,0
          146.82362,-37.98365,0
          146.82404,-37.98366,0
          146.82504,-37.98376,0
          146.82507,-37.98375,0
          146.82511,-37.9837,0
          146.82517,-37.98355,0
          146.82542,-37.98353,0
          146.82556,-37.98356,0
          146.82559,-37.98355,0
          146.82564,-37.98355,0
          146.85668,-37.97757,0
          146.85825,-37.9771,0
          146.85959,-37.97663,0
          146.86606,-37.97383,0
          146.86785,-37.96474,0
          146.86786,-37.96473,0
          146.8689,-37.9594,0
          146.89111,-37.96214,0
          146.89127,-37.96221,0
          146.89164,-37.96227,0
          146.89174,-37.96227,0
          146.89176,-37.96229,0
          146.89176,-37.9623,0
          146.89177,-37.9623,0
          146.89177,-37.96231,0
          146.89178,-37.96231,0
          146.89181,-37.96233,0
          146.89182,-37.96233,0
          146.89182,-37.96234,0
          146.89188,-37.96234,0
          146.89189,-37.96241,0
          146.89193,-37.96241,0
          146.89194,-37.9624,0
          146.89196,-37.9624,0
          146.89197,-37.96239,0
          146.89198,-37.96239,0
          146.89198,-37.96238,0
          146.89199,-37.96238,0
          146.89203,-37.96233,0
          146.89234,-37.96231,0
          146.89754,-37.96294,0
          146.89795,-37.96307,0
          146.8986,-37.96339,0
          146.89996,-37.96441,0
          146.90073,-37.96486,0
          146.90121,-37.96506,0
          146.90201,-37.96527,0
          146.91018,-37.96619,0
          146.9107,-37.96619,0
          146.9117,-37.9661,0
          146.91227,-37.96597,0
          146.91324,-37.96567,0
          146.91334,-37.96566,0
          146.9146,-37.96534,0
          146.91526,-37.96526,0
          146.91565,-37.96525,0
          146.91666,-37.96533,0
          146.91679,-37.96536,0
          146.91898,-37.96561,0
          146.9191,-37.9656,0
          146.94094,-37.9683,0
          146.94104,-37.96829,0
          146.94866,-37.96926,0
          146.94883,-37.96926,0
          146.9494,-37.96933,0
          146.94953,-37.96938,0
          146.95396,-37.96989,0
          146.95475,-37.96986,0
          146.95562,-37.96971,0
          146.95653,-37.96944,0
          146.95691,-37.96927,0
          146.95831,-37.96848,0
          146.9597,-37.96761,0
          146.95979,-37.96757,0
          146.96112,-37.96675,0
          146.9612,-37.96668,0
          146.96216,-37.96614,0
          146.96294,-37.96583,0
          146.9654,-37.96534,0
          146.9658,-37.96529,0
          146.97249,-37.96511,0
          146.97269,-37.96513,0
          146.97291,-37.96521,0
          146.9736,-37.96555,0
          146.97385,-37.96575,0
          146.97386,-37.9658,0
          146.97387,-37.9658,0
          146.97387,-37.96582,0
          146.97388,-37.96582,0
          146.97389,-37.96583,0
          146.97389,-37.96584,0
          146.9739,-37.96584,0
          146.9739,-37.96585,0
          146.97392,-37.96585,0
          146.97392,-37.96586,0
          146.97394,-37.96586,0
          146.97395,-37.96587,0
          146.97397,-37.96587,0
          146.97399,-37.96588,0
          146.97403,-37.96588,0
          146.97405,-37.96587,0
          146.97433,-37.96598,0
          146.97554,-37.96667,0
          146.97567,-37.96677,0
          146.97781,-37.96799,0
          146.97794,-37.96802,0
          146.97814,-37.96817,0
          146.97816,-37.96821,0
          146.97816,-37.96823,0
          146.97817,-37.96824,0
          146.97817,-37.96825,0
          146.97818,-37.96825,0
          146.97818,-37.96826,0
          146.97819,-37.96826,0
          146.97821,-37.96828,0
          146.97822,-37.96828,0
          146.97822,-37.96829,0
          146.97824,-37.96829,0
          146.97825,-37.9683,0
          146.97836,-37.96831,0
          146.97837,-37.9683,0
          146.97869,-37.96844,0
          146.97873,-37.96844,0
          146.97935,-37.96883,0
          146.97948,-37.96888,0
          146.98257,-37.9706,0
          146.98359,-37.97134,0
          146.98359,-37.97135,0
          146.98363,-37.97136,0
          146.98362,-37.97141,0
          146.98364,-37.97147,0
          146.98369,-37.97153,0
          146.98376,-37.97157,0
          146.98378,-37.97157,0
          146.9838,-37.97158,0
          146.98393,-37.97158,0
          146.98398,-37.97156,0
          146.984,-37.97158,0
          146.98401,-37.97158,0
          146.98402,-37.97157,0
          146.98434,-37.97158,0
          146.98522,-37.97174,0
          147.00783,-37.97446,0
          147.008,-37.97446,0
          147.03505,-37.97765,0
          147.03516,-37.97768,0
          147.05071,-37.97952,0
          147.05078,-37.97954,0
          147.06476,-37.9812,0
          147.06638,-37.98116,0
          147.06676,-37.98121,0
          147.06763,-37.98153,0
          147.07104,-37.98193,0
          147.07117,-37.982,0
          147.07177,-37.98212,0
          147.07201,-37.98221,0
          147.07219,-37.98181,0
          147.07221,-37.98169,0
          147.07236,-37.98127,0
          147.07235,-37.98113,0
          147.07263,-37.97959,0
          147.07258,-37.97946,0
          147.07294,-37.97768,0
          147.07315,-37.97706,0
          147.07366,-37.97614,0
          147.07436,-37.97531,0
          147.07636,-37.97324,0
          147.07641,-37.97316,0
          147.07884,-37.97068,0
          147.07912,-37.97027,0
          147.07919,-37.9702,0
          147.07926,-37.97005,0
          147.07926,-37.96995,0
          147.07934,-37.96973,0
          147.07936,-37.96973,0
          147.07937,-37.96972,0
          147.07939,-37.96972,0
          147.0794,-37.96971,0
          147.07941,-37.96971,0
          147.07944,-37.96969,0
          147.07948,-37.96964,0
          147.07948,-37.96961,0
          147.07951,-37.96957,0
          147.07949,-37.96955,0
          147.07949,-37.96953,0
          147.07939,-37.96946,0
          147.07939,-37.9693,0
          147.07944,-37.96922,0
          147.0801,-37.96612,0
          147.08154,-37.9663,0
          147.08158,-37.96616,0
          147.08213,-37.96519,0
          147.083,-37.96436,0
          147.08308,-37.96412,0
          147.08529,-37.9644,0
          147.08566,-37.96439,0
          147.08599,-37.96429,0
          147.08924,-37.96245,0
          147.08971,-37.96225,0
          147.09286,-37.96135,0
          147.09287,-37.96134,0
          147.09307,-37.96128,0
          147.09308,-37.96127,0
          147.09374,-37.96099,0
          147.09404,-37.96082,0
          147.09455,-37.96047,0
          147.09505,-37.96001,0
          147.09752,-37.95731,0
          147.09813,-37.95687,0
          147.09846,-37.95668,0
          147.10425,-37.95412,0
          147.10439,-37.95408,0
          147.10613,-37.95337,0
          147.10749,-37.95271,0
          147.1134,-37.95012,0
          147.11341,-37.95012,0
          147.12698,-37.9442,0
          147.12771,-37.94398,0
          147.1283,-37.94386,0
          147.14178,-37.94216,0
          147.14275,-37.94199,0
          147.14364,-37.94176,0
          147.15102,-37.93893,0
          147.15379,-37.93803,0
          147.15449,-37.93786,0
          147.18669,-37.93244,0
          147.18694,-37.93242,0
          147.20116,-37.92999,0
          147.20119,-37.92997,0
          147.20314,-37.92965,0
          147.20317,-37.9298,0
          147.20317,-37.92996,0
          147.20303,-37.93062,0
          147.20285,-37.9319,0
          147.20284,-37.93192,0
          147.20269,-37.93294,0
          147.2026,-37.93334,0
          147.23929,-37.93783,0
          147.23971,-37.93639,0
          147.23983,-37.93581,0
          147.24003,-37.93426,0
          147.24025,-37.93364,0
          147.24031,-37.93335,0
          147.24038,-37.93255,0
          147.24058,-37.93147,0
          147.24112,-37.92939,0
          147.24229,-37.92347,0
          147.24226,-37.92322,0
          147.24204,-37.92287,0
          147.24472,-37.92244,0
          147.24484,-37.9224,0
          147.26078,-37.91965,0
          147.26162,-37.91955,0
          147.26208,-37.91953,0
          147.26223,-37.91949,0
          147.26286,-37.9195,0
          147.27175,-37.92065,0
          147.27192,-37.9207,0
          147.27473,-37.92108,0
          147.27486,-37.92107,0
          147.27592,-37.92119,0
          147.27604,-37.92124,0
          147.27671,-37.92134,0
          147.27684,-37.92138,0
          147.27816,-37.92143,0
          147.27819,-37.92142,0
          147.27857,-37.92139,0
          147.27931,-37.92127,0
          147.28043,-37.92101,0
          147.28152,-37.92082,0
          147.28337,-37.92038,0
          147.28385,-37.92019,0
          147.28472,-37.91975,0
          147.2854,-37.91935,0
          147.28541,-37.91935,0
          147.28638,-37.91883,0
          147.28769,-37.9183,0
          147.28781,-37.91823,0
          147.29175,-37.91681,0
          147.29246,-37.91665,0
          147.29258,-37.91658,0
          147.29848,-37.91512,0
          147.30195,-37.91413,0
          147.30211,-37.91412,0
          147.31333,-37.91118,0
          147.31423,-37.91078,0
          147.31499,-37.91034,0
          147.31558,-37.91006,0
          147.31678,-37.90959,0
          147.318,-37.90925,0
          147.32129,-37.90851,0
          147.32144,-37.9085,0
          147.33413,-37.90554,0
          147.33427,-37.90549,0
          147.34247,-37.90367,0
          147.34262,-37.90362,0
          147.34266,-37.90362,0
          147.35518,-37.90074,0
          147.35646,-37.90032,0
          147.35659,-37.9003,0
          147.38761,-37.89008,0
          147.38772,-37.89002,0
          147.38791,-37.88998,0
          147.40007,-37.88602,0
          147.41349,-37.88305,0
          147.41358,-37.883,0
          147.41501,-37.8827,0
          147.41511,-37.88266,0
          147.4155,-37.88258,0
          147.41563,-37.88258,0
          147.42538,-37.88043,0
          147.42551,-37.88038,0
          147.42563,-37.88037,0
          147.44336,-37.87646,0
          147.44359,-37.87643,0
          147.48696,-37.86693,0
          147.48711,-37.86688,0
          147.50057,-37.86388,0
          147.50063,-37.86385,0
          147.50075,-37.86384,0
          147.5085,-37.86205,0
          147.51133,-37.86164,0
          147.51148,-37.86165,0
          147.51236,-37.86152,0
          147.52347,-37.85898,0
          147.52402,-37.85881,0
          147.52423,-37.85877,0
          147.52495,-37.85855,0
          147.52504,-37.8585,0
          147.5261,-37.85815,0
          147.52623,-37.85814,0
          147.52888,-37.85731,0
          147.52892,-37.85728,0
          147.52905,-37.85726,0
          147.53402,-37.85587,0
          147.53415,-37.85581,0
          147.54151,-37.85369,0
          147.54162,-37.85363,0
          147.54493,-37.85268,0
          147.54507,-37.85267,0
          147.55481,-37.84999,0
          147.56335,-37.84863,0
          147.56352,-37.84857,0
          147.56355,-37.84857,0
          147.56597,-37.84779,0
          147.56605,-37.84774,0
          147.56622,-37.84768,0
          147.56628,-37.84769,0
          147.56879,-37.84689,0
          147.5689,-37.84688,0
          147.57601,-37.84484,0
          147.57782,-37.84448,0
          147.57793,-37.84444,0
          147.57874,-37.84434,0
          147.57885,-37.84436,0
          147.58093,-37.84429,0
          147.58244,-37.84442,0
          147.58584,-37.84492,0
          147.58617,-37.84492,0
          147.58633,-37.8449,0
          147.58677,-37.84479,0
          147.58706,-37.84465,0
          147.58798,-37.84399,0
          147.58809,-37.84395,0
          147.58893,-37.84345,0
          147.59135,-37.84236,0
          147.59178,-37.84207,0
          147.5921,-37.84178,0
          147.59238,-37.84145,0
          147.5924,-37.8414,0
          147.59242,-37.84139,0
          147.59288,-37.84059,0
          147.59288,-37.84058,0
          147.59327,-37.83995,0
          147.59362,-37.83961,0
          147.59347,-37.83951,0
          147.5937,-37.83932,0
          147.59443,-37.8389,0
          147.59457,-37.83886,0
          147.5951,-37.83859,0
          147.59519,-37.83852,0
          147.59577,-37.83825,0
          147.59588,-37.83822,0
          147.59624,-37.83804,0
          147.59633,-37.83802,0
          147.59669,-37.83784,0
          147.59675,-37.83791,0
          147.59679,-37.83791,0
          147.59687,-37.83789,0
          147.59698,-37.83791,0
          147.59702,-37.83795,0
          147.59706,-37.83796,0
          147.59707,-37.83795,0
          147.5971,-37.83795,0
          147.59718,-37.83791,0
          147.59728,-37.8378,0
          147.5975,-37.83766,0
          147.59773,-37.83762,0
          147.59782,-37.83757,0
          147.59799,-37.83736,0
          147.59816,-37.83725,0
          147.59827,-37.83721,0
          147.59858,-37.83718,0
          147.5988,-37.83707,0
          147.59911,-37.83685,0
          147.59944,-37.8367,0
          147.59994,-37.83641,0
          147.60068,-37.83612,0
          147.60112,-37.83587,0
          147.60123,-37.83578,0
          147.60125,-37.83575,0
          147.6014,-37.83564,0
          147.60184,-37.83547,0
          147.60203,-37.83534,0
          147.60218,-37.8353,0
          147.60228,-37.83529,0
          147.60254,-37.83515,0
          147.60262,-37.83513,0
          147.60307,-37.83492,0
          147.6032,-37.8349,0
          147.60337,-37.83481,0
          147.60388,-37.83443,0
          147.60422,-37.83425,0
          147.60437,-37.83422,0
          147.60448,-37.83422,0
          147.60459,-37.8342,0
          147.60522,-37.83391,0
          147.60574,-37.8336,0
          147.60621,-37.83338,0
          147.60631,-37.83328,0
          147.60636,-37.83325,0
          147.60636,-37.83324,0
          147.6068,-37.83304,0
          147.60707,-37.83297,0
          147.60722,-37.83281,0
          147.60729,-37.83276,0
          147.60792,-37.83254,0
          147.60816,-37.83238,0
          147.60845,-37.83226,0
          147.60848,-37.83226,0
          147.60863,-37.83218,0
          147.60877,-37.83236,0
          147.61099,-37.83128,0
          147.61103,-37.83119,0
          147.61113,-37.8312,0
          147.61124,-37.83114,0
          147.61125,-37.83111,0
          147.61133,-37.83112,0
          147.61154,-37.83104,0
          147.61308,-37.83029,0
          147.61352,-37.83012,0
          147.61556,-37.82966,0
          147.61566,-37.82962,0
          147.62205,-37.82822,0
          147.6222,-37.82822,0
          147.62433,-37.82775,0
          147.62446,-37.8277,0
          147.6269,-37.82716,0
          147.627,-37.82711,0
          147.62708,-37.82712,0
          147.63436,-37.82554,0
          147.63444,-37.82557,0
          147.63785,-37.82597,0
          147.63798,-37.82595,0
          147.63946,-37.82607,0
          147.63966,-37.82606,0
          147.64007,-37.82598,0
          147.64048,-37.82578,0
          147.64049,-37.82576,0
          147.64202,-37.82459,0
          147.64217,-37.8245,0
          147.64253,-37.82434,0
          147.64342,-37.82409,0
          147.6435,-37.82408,0
          147.64425,-37.82386,0
          147.64488,-37.82379,0
          147.64493,-37.82381,0
          147.64503,-37.82381,0
          147.64512,-37.82378,0
          147.6452,-37.82372,0
          147.64524,-37.82366,0
          147.64527,-37.8238,0
          147.64579,-37.82371,0
          147.64581,-37.8237,0
          147.64667,-37.82367,0
          147.64672,-37.82368,0
          147.64677,-37.82366,0
          147.64678,-37.82365,0
          147.64681,-37.82364,0
          147.64748,-37.82364,0
          147.6537,-37.82443,0
          147.65384,-37.8245,0
          147.66263,-37.82553,0
          147.66687,-37.82549,0
          147.6669,-37.82548,0
          147.69918,-37.82501,0
          147.69922,-37.825,0
          147.70071,-37.82519,0
          147.70073,-37.82508,0
          147.69927,-37.82489,0
          147.69928,-37.82486,0
          147.69931,-37.82484,0
          147.69976,-37.82488,0
          147.70004,-37.82485,0
          147.70022,-37.8249,0
          147.70032,-37.8249,0
          147.7018,-37.82468,0
          147.71724,-37.82046,0
          147.72682,-37.8183,0
          147.72756,-37.818,0
          147.7281,-37.81772,0
          147.73231,-37.81508,0
          147.73321,-37.81468,0
          147.73322,-37.81467,0
          147.73417,-37.81438,0
          147.74062,-37.81302,0
          147.74194,-37.81256,0
          147.74856,-37.80929,0
          147.74915,-37.80908,0
          147.75542,-37.80734,0
          147.75607,-37.8072,0
          147.75723,-37.80708,0
          147.75774,-37.80708,0
          147.75879,-37.80717,0
          147.75947,-37.80731,0
          147.76349,-37.80864,0
          147.77066,-37.80472,0
          147.77085,-37.80458,0
          147.77096,-37.80446,0
          147.77099,-37.80444,0
          147.7711,-37.80432,0
          147.77111,-37.80432,0
          147.77135,-37.80399,0
          147.77386,-37.79826,0
          147.77406,-37.79794,0
          147.77433,-37.79764,0
          147.77469,-37.79734,0
          147.77625,-37.79621,0
          147.7763,-37.79615,0
          147.77765,-37.79516,0
          147.77776,-37.7951,0
          147.77871,-37.79441,0
          147.77926,-37.79411,0
          147.77996,-37.79387,0
          147.78823,-37.79191,0
          147.78878,-37.79168,0
          147.78923,-37.79132,0
          147.7894,-37.79114,0
          147.79182,-37.78791,0
          147.79204,-37.78767,0
          147.7924,-37.78742,0
          147.79303,-37.7871,0
          147.7933,-37.78685,0
          147.79341,-37.78672,0
          147.79354,-37.78643,0
          147.79361,-37.7862,0
          147.79375,-37.78601,0
          147.79397,-37.78581,0
          147.7941,-37.78573,0
          147.79438,-37.78563,0
          147.79453,-37.78561,0
          147.79455,-37.7856,0
          147.79548,-37.78555,0
          147.79582,-37.78549,0
          147.79927,-37.7844,0
          147.79943,-37.7843,0
          147.79944,-37.7843,0
          147.79956,-37.78417,0
          147.79956,-37.78415,0
          147.7996,-37.78408,0
          147.79969,-37.78381,0
          147.7997,-37.7837,0
          147.79968,-37.78358,0
          147.79963,-37.78345,0
          147.79952,-37.78329,0
          147.79924,-37.783,0
          147.79914,-37.78279,0
          147.79912,-37.78266,0
          147.79911,-37.78264,0
          147.79913,-37.78238,0
          147.79921,-37.78222,0
          147.79937,-37.78203,0
          147.80089,-37.7809,0
          147.80114,-37.78067,0
          147.80138,-37.78034,0
          147.80142,-37.78023,0
          147.80186,-37.77939,0
          147.80186,-37.77938,0
          147.80367,-37.77572,0
          147.80555,-37.77302,0
          147.80557,-37.77301,0
          147.80582,-37.77273,0
          147.80757,-37.77107,0
          147.8085,-37.77029,0
          147.80908,-37.76997,0
          147.8091,-37.76995,0
          147.81042,-37.76929,0
          147.81504,-37.76674,0
          147.81538,-37.76663,0
          147.81565,-37.7666,0
          147.81712,-37.76662,0
          147.81776,-37.76648,0
          147.81871,-37.76615,0
          147.81883,-37.76616,0
          147.81893,-37.7662,0
          147.81903,-37.76628,0
          147.81926,-37.76656,0
          147.81938,-37.76665,0
          147.81952,-37.76671,0
          147.81964,-37.76673,0
          147.82039,-37.76675,0
          147.82696,-37.76608,0
          147.83169,-37.76546,0
          147.83299,-37.76536,0
          147.83389,-37.76537,0
          147.8342,-37.76541,0
          147.83587,-37.76579,0
          147.83765,-37.7661,0
          147.83873,-37.76623,0
          147.83883,-37.76622,0
          147.84121,-37.76653,0
          147.8424,-37.7666,0
          147.84272,-37.76667,0
          147.84287,-37.76674,0
          147.84388,-37.76743,0
          147.84439,-37.7669,0
          147.84442,-37.76684,0
          147.8452,-37.76603,0
          147.84523,-37.76601,0
          147.84526,-37.76597,0
          147.84593,-37.76538,0
          147.84742,-37.76431,0
          147.84748,-37.76428,0
          147.84795,-37.7639,0
          147.84808,-37.76374,0
          147.84856,-37.76298,0
          147.84878,-37.76271,0
          147.85144,-37.76017,0
          147.85174,-37.75977,0
          147.85188,-37.75938,0
          147.85193,-37.75929,0
          147.85194,-37.75925,0
          147.85209,-37.75899,0
          147.85229,-37.75872,0
          147.85258,-37.75842,0
          147.85464,-37.75702,0
          147.85536,-37.75669,0
          147.85632,-37.75599,0
          147.85647,-37.75581,0
          147.8566,-37.75555,0
          147.85674,-37.75508,0
          147.85676,-37.75505,0
          147.85708,-37.75491,0
          147.85743,-37.75469,0
          147.85811,-37.75415,0
          147.85847,-37.75393,0
          147.85939,-37.75346,0
          147.85972,-37.75325,0
          147.85975,-37.75324,0
          147.86052,-37.7527,0
          147.86115,-37.75209,0
          147.86117,-37.75208,0
          147.86164,-37.75162,0
          147.86263,-37.75048,0
          147.86298,-37.74997,0
          147.86335,-37.7496,0
          147.86361,-37.74944,0
          147.86444,-37.7488,0
          147.86462,-37.7487,0
          147.86487,-37.74866,0
          147.86489,-37.74867,0
          147.86497,-37.74867,0
          147.86529,-37.74875,0
          147.86532,-37.74877,0
          147.86718,-37.74945,0
          147.86758,-37.74949,0
          147.86787,-37.74947,0
          147.868,-37.74944,0
          147.86825,-37.74933,0
          147.86877,-37.7489,0
          147.86891,-37.74881,0
          147.86891,-37.7488,0
          147.86909,-37.74872,0
          147.87059,-37.74841,0
          147.8708,-37.74832,0
          147.87129,-37.74804,0
          147.87259,-37.7476,0
          147.87308,-37.74733,0
          147.87359,-37.7469,0
          147.87428,-37.74663,0
          147.87462,-37.74654,0
          147.87494,-37.7465,0
          147.87516,-37.7465,0
          147.87541,-37.74653,0
          147.87593,-37.74666,0
          147.87769,-37.7474,0
          147.87814,-37.74755,0
          147.87838,-37.7476,0
          147.88065,-37.7478,0
          147.88124,-37.74778,0
          147.88182,-37.74769,0
          147.88387,-37.74714,0
          147.88402,-37.74713,0
          147.88404,-37.74714,0
          147.88414,-37.74715,0
          147.88427,-37.7472,0
          147.88429,-37.7472,0
          147.88442,-37.74728,0
          147.8845,-37.74735,0
          147.88698,-37.75032,0
          147.88707,-37.75039,0
          147.88726,-37.75047,0
          147.88758,-37.75052,0
          147.88843,-37.75058,0
          147.88959,-37.75054,0
          147.88962,-37.75055,0
          147.88968,-37.75055,0
          147.89102,-37.75081,0
          147.89157,-37.75103,0
          147.89163,-37.75103,0
          147.89165,-37.75104,0
          147.89208,-37.75102,0
          147.89253,-37.75108,0
          147.89257,-37.7511,0
          147.89302,-37.75116,0
          147.89316,-37.75116,0
          147.89481,-37.75089,0
          147.89542,-37.75074,0
          147.89583,-37.75057,0
          147.89648,-37.75016,0
          147.89674,-37.75005,0
          147.89687,-37.75003,0
          147.89744,-37.75004,0
          147.89793,-37.75009,0
          147.89855,-37.74976,0
          147.89857,-37.74974,0
          147.89968,-37.74919,0
          147.9014,-37.7486,0
          147.90221,-37.74801,0
          147.90364,-37.74856,0
          147.9053,-37.74909,0
          147.90678,-37.74976,0
          147.91196,-37.7524,0
          147.91276,-37.75264,0
          147.91296,-37.75267,0
          147.91298,-37.75268,0
          147.91365,-37.75277,0
          147.91976,-37.75327,0
          147.92064,-37.75341,0
          147.9216,-37.75373,0
          147.9295,-37.75743,0
          147.92951,-37.75743,0
          147.9297,-37.75753,0
          147.93011,-37.75783,0
          147.93129,-37.75888,0
          147.93174,-37.75921,0
          147.93175,-37.75921,0
          147.9319,-37.75931,0
          147.93236,-37.75954,0
          147.93295,-37.75971,0
          147.93353,-37.7598,0
          147.93708,-37.75986,0
          147.93816,-37.75974,0
          147.9386,-37.75965,0
          147.94212,-37.75865,0
          147.94297,-37.75847,0
          147.94372,-37.75838,0
          147.94449,-37.75836,0
          147.9526,-37.75908,0
          147.95374,-37.75907,0
          147.95432,-37.75902,0
          147.95591,-37.75873,0
          147.96744,-37.75606,0
          147.96805,-37.75587,0
          147.9687,-37.7556,0
          147.96926,-37.7553,0
          147.96985,-37.75489,0
          147.97238,-37.75261,0
          147.97238,-37.7526,0
          147.97332,-37.75173,0
          147.97387,-37.75133,0
          147.97457,-37.75093,0
          147.97769,-37.74953,0
          147.97825,-37.74933,0
          147.97901,-37.74912,0
          147.98004,-37.74893,0
          147.98083,-37.74885,0
          147.98227,-37.74883,0
          147.98611,-37.74909,0
          147.9866,-37.74907,0
          147.98741,-37.74893,0
          147.9883,-37.74855,0
          147.98968,-37.74749,0
          147.99004,-37.74728,0
          147.99063,-37.74702,0
          147.99064,-37.74701,0
          147.99108,-37.74687,0
          147.99152,-37.74677,0
          147.99209,-37.74669,0
          147.99546,-37.74655,0
          147.99596,-37.74645,0
          147.99649,-37.74628,0
          147.997,-37.74601,0
          147.99838,-37.74486,0
          147.99842,-37.74484,0
          147.99896,-37.7444,0
          148.00035,-37.74364,0
          148.00127,-37.74306,0
          148.00132,-37.74304,0
          148.00181,-37.74261,0
          148.00189,-37.74256,0
          148.00342,-37.74122,0
          148.00406,-37.74073,0
          148.00446,-37.74051,0
          148.00491,-37.74032,0
          148.00545,-37.74019,0
          148.00598,-37.74012,0
          148.01228,-37.74031,0
          148.01515,-37.74022,0
          148.01669,-37.74004,0
          148.01809,-37.73979,0
          148.01999,-37.73979,0
          148.02091,-37.73987,0
          148.02224,-37.7401,0
          148.02266,-37.74023,0
          148.02887,-37.74156,0
          148.02906,-37.74163,0
          148.02978,-37.74174,0
          148.03061,-37.74198,0
          148.03131,-37.74235,0
          148.03163,-37.74258,0
          148.03204,-37.74302,0
          148.03264,-37.7438,0
          148.0329,-37.74408,0
          148.03303,-37.7443,0
          148.03333,-37.74459,0
          148.03362,-37.74482,0
          148.03432,-37.74516,0
          148.0352,-37.7454,0
          148.03544,-37.74542,0
          148.036,-37.74541,0
          148.03653,-37.74536,0
          148.03693,-37.74526,0
          148.03738,-37.7451,0
          148.03786,-37.74485,0
          148.0399,-37.74362,0
          148.04041,-37.74337,0
          148.04106,-37.74313,0
          148.04185,-37.74297,0
          148.04221,-37.74294,0
          148.04293,-37.74295,0
          148.04314,-37.74299,0
          148.04406,-37.74336,0
          148.04499,-37.74359,0
          148.04634,-37.74405,0
          148.04655,-37.7441,0
          148.04706,-37.74416,0
          148.04785,-37.74417,0
          148.04993,-37.74401,0
          148.05364,-37.74387,0
          148.06097,-37.74334,0
          148.06218,-37.74314,0
          148.06279,-37.74298,0
          148.06282,-37.74296,0
          148.06323,-37.74281,0
          148.06386,-37.74252,0
          148.0646,-37.74204,0
          148.06507,-37.74165,0
          148.0654,-37.74123,0
          148.06612,-37.73994,0
          148.06614,-37.73992,0
          148.06621,-37.73978,0
          148.06621,-37.73977,0
          148.06652,-37.73919,0
          148.0667,-37.73894,0
          148.06712,-37.73854,0
          148.06757,-37.73819,0
          148.06797,-37.73795,0
          148.06834,-37.73777,0
          148.07566,-37.73501,0
          148.07652,-37.7346,0
          148.08153,-37.73179,0
          148.08153,-37.73178,0
          148.0819,-37.73162,0
          148.08235,-37.73148,0
          148.083,-37.73134,0
          148.08366,-37.73125,0
          148.08452,-37.73124,0
          148.0851,-37.7313,0
          148.08572,-37.73129,0
          148.08572,-37.73128,0
          148.08689,-37.73113,0
          148.08812,-37.73087,0
          148.08856,-37.7307,0
          148.08853,-37.73054,0
          148.08854,-37.7305,0
          148.08857,-37.73047,0
          148.08863,-37.73044,0
          148.0894,-37.73023,0
          148.08941,-37.73021,0
          148.0896,-37.73014,0
          148.08967,-37.73028,0
          148.08997,-37.73069,0
          148.09021,-37.73091,0
          148.09061,-37.73115,0
          148.09121,-37.73134,0
          148.09159,-37.73139,0
          148.09228,-37.73139,0
          148.09261,-37.73134,0
          148.0932,-37.73116,0
          148.0933,-37.73109,0
          148.09433,-37.73058,0
          148.09441,-37.73056,0
          148.09446,-37.73053,0
          148.09462,-37.73049,0
          148.09473,-37.73043,0
          148.09524,-37.73035,0
          148.09642,-37.73041,0
          148.09659,-37.73044,0
          148.09797,-37.73092,0
          148.10085,-37.73223,0
          148.10136,-37.73239,0
          148.10137,-37.7324,0
          148.1018,-37.7325,0
          148.10244,-37.73258,0
          148.10245,-37.73259,0
          148.10267,-37.7326,0
          148.10269,-37.73261,0
          148.10313,-37.73267,0
          148.10556,-37.73249,0
          148.10567,-37.7325,0
          148.10972,-37.73228,0
          148.11101,-37.73198,0
          148.1135,-37.73115,0
          148.11424,-37.73095,0
          148.11648,-37.73049,0
          148.11818,-37.73029,0
          148.12087,-37.73019,0
          148.12218,-37.73024,0
          148.12233,-37.73029,0
          148.12303,-37.73033,0
          148.12394,-37.73045,0
          148.12519,-37.73052,0
          148.1263,-37.73042,0
          148.13007,-37.72973,0
          148.13106,-37.7296,0
          148.13221,-37.72956,0
          148.13274,-37.72959,0
          148.13377,-37.72972,0
          148.14002,-37.73119,0
          148.14098,-37.73159,0
          148.15145,-37.73804,0
          148.15145,-37.73805,0
          148.15555,-37.74055,0
          148.15604,-37.74093,0
          148.15667,-37.74151,0
          148.15681,-37.74156,0
          148.15732,-37.74196,0
          148.15739,-37.74206,0
          148.15773,-37.74234,0
          148.15924,-37.74309,0
          148.15956,-37.7432,0
          148.15956,-37.74321,0
          148.16113,-37.74361,0
          148.16231,-37.74375,0
          148.16586,-37.74375,0
          148.16717,-37.74384,0
          148.16749,-37.74383,0
          148.16824,-37.74396,0
          148.17022,-37.74445,0
          148.17253,-37.74525,0
          148.17352,-37.74568,0
          148.1744,-37.74617,0
          148.17441,-37.74617,0
          148.17603,-37.74715,0
          148.17604,-37.74715,0
          148.17848,-37.74873,0
          148.17858,-37.74877,0
          148.1799,-37.74966,0
          148.18105,-37.75022,0
          148.18135,-37.75032,0
          148.18656,-37.75156,0
          148.18764,-37.75173,0
          148.19165,-37.752,0
          148.19252,-37.75215,0
          148.19544,-37.75305,0
          148.19673,-37.75339,0
          148.19733,-37.75344,0
          148.19816,-37.75342,0
          148.19917,-37.75322,0
          148.20088,-37.75275,0
          148.201,-37.75269,0
          148.20283,-37.75222,0
          148.20363,-37.75211,0
          148.20532,-37.75213,0
          148.20597,-37.75222,0
          148.20609,-37.75227,0
          148.21143,-37.75268,0
          148.21283,-37.7527,0
          148.21357,-37.75263,0
          148.21474,-37.7524,0
          148.21505,-37.75226,0
          148.21582,-37.752,0
          148.22063,-37.7501,0
          148.22106,-37.74989,0
          148.22351,-37.74895,0
          148.22404,-37.74879,0
          148.22455,-37.74868,0
          148.22569,-37.74855,0
          148.22574,-37.74856,0
          148.22631,-37.74856,0
          148.23283,-37.74929,0
          148.23474,-37.7496,0
          148.23718,-37.74989,0
          148.23763,-37.75005,0
          148.23992,-37.75054,0
          148.24361,-37.75108,0
          148.24363,-37.75109,0
          148.24786,-37.75176,0
          148.24786,-37.75177,0
          148.24809,-37.75178,0
          148.25187,-37.75238,0
          148.25189,-37.75239,0
          148.25493,-37.75287,0
          148.25504,-37.75287,0
          148.25966,-37.7536,0
          148.26175,-37.75402,0
          148.2642,-37.7548,0
          148.26428,-37.75485,0
          148.26975,-37.75665,0
          148.27064,-37.75688,0
          148.27148,-37.757,0
          148.27255,-37.75703,0
          148.27393,-37.75687,0
          148.27394,-37.75686,0
          148.27478,-37.75666,0
          148.27538,-37.75646,0
          148.27601,-37.75617,0
          148.27659,-37.75583,0
          148.27813,-37.75474,0
          148.27867,-37.75441,0
          148.27942,-37.75407,0
          148.27971,-37.75397,0
          148.28102,-37.75364,0
          148.28599,-37.75262,0
          148.28611,-37.75263,0
          148.28899,-37.75205,0
          148.28909,-37.75201,0
          148.29029,-37.75177,0
          148.29139,-37.75168,0
          148.29238,-37.75175,0
          148.29302,-37.75186,0
          148.29378,-37.75205,0
          148.29455,-37.75233,0
          148.29522,-37.75269,0
          148.29535,-37.75273,0
          148.29602,-37.75321,0
          148.29752,-37.75458,0
          148.29796,-37.75489,0
          148.29843,-37.75517,0
          148.29883,-37.75536,0
          148.29969,-37.75566,0
          148.29982,-37.75567,0
          148.30018,-37.75576,0
          148.30032,-37.75576,0
          148.3008,-37.75584,0
          148.30153,-37.7559,0
          148.30366,-37.75579,0
          148.31123,-37.75504,0
          148.31142,-37.75508,0
          148.32994,-37.75322,0
          148.33006,-37.75323,0
          148.33108,-37.75314,0
          148.33121,-37.75309,0
          148.33165,-37.75305,0
          148.33178,-37.75306,0
          148.33222,-37.75302,0
          148.33233,-37.75303,0
          148.3337,-37.75289,0
          148.34074,-37.75305,0
          148.34082,-37.75304,0
          148.34775,-37.75326,0
          148.34787,-37.75324,0
          148.35055,-37.75338,0
          148.35151,-37.75336,0
          148.35304,-37.7532,0
          148.35975,-37.75149,0
          148.35997,-37.75146,0
          148.37235,-37.7484,0
          148.37255,-37.7483,0
          148.37352,-37.74807,0
          148.37389,-37.74804,0
          148.37735,-37.74719,0
          148.37752,-37.74712,0
          148.38494,-37.74533,0
          148.38646,-37.74513,0
          148.38841,-37.74509,0
          148.38956,-37.74518,0
          148.39027,-37.74518,0
          148.396,-37.74549,0
          148.39611,-37.74551,0
          148.40864,-37.74614,0
          148.40991,-37.7461,0
          148.41051,-37.74603,0
          148.41152,-37.74584,0
          148.41287,-37.74542,0
          148.41367,-37.74505,0
          148.41466,-37.74445,0
          148.4153,-37.74394,0
          148.41775,-37.74175,0
          148.41823,-37.74139,0
          148.41885,-37.741,0
          148.41982,-37.74052,0
          148.4225,-37.73941,0
          148.42253,-37.73938,0
          148.42556,-37.73813,0
          148.42562,-37.73821,0
          148.43126,-37.73586,0
          148.43149,-37.73579,0
          148.43248,-37.73531,0
          148.44031,-37.73111,0
          148.44039,-37.73104,0
          148.44239,-37.72981,0
          148.44388,-37.72878,0
          148.44397,-37.72868,0
          148.4452,-37.72776,0
          148.44654,-37.72664,0
          148.44654,-37.72663,0
          148.4488,-37.7247,0
          148.44892,-37.72462,0
          148.45018,-37.72352,0
          148.4509,-37.7227,0
          148.45096,-37.7226,0
          148.45099,-37.72257,0
          148.45153,-37.72172,0
          148.45197,-37.72075,0
          148.45212,-37.72028,0
          148.45239,-37.7191,0
          148.45254,-37.71864,0
          148.45262,-37.71853,0
          148.45304,-37.71743,0
          148.45286,-37.71745,0
          148.45294,-37.71729,0
          148.45306,-37.71733,0
          148.45316,-37.71712,0
          148.45318,-37.71704,0
          148.45353,-37.7163,0
          148.45468,-37.71452,0
          148.45474,-37.71446,0
          148.45475,-37.71443,0
          148.45524,-37.71383,0
          148.4562,-37.71282,0
          148.4576,-37.7117,0
          148.45907,-37.71081,0
          148.46019,-37.71029,0
          148.4612,-37.70992,0
          148.46207,-37.70968,0
          148.46455,-37.70914,0
          148.4653,-37.70891,0
          148.46649,-37.70838,0
          148.46756,-37.70768,0
          148.4687,-37.70671,0
          148.46878,-37.70666,0
          148.46896,-37.7065,0
          148.46937,-37.70621,0
          148.47085,-37.7054,0
          148.47971,-37.70189,0
          148.48048,-37.70166,0
          148.4811,-37.70154,0
          148.48221,-37.70146,0
          148.48294,-37.70148,0
          148.48355,-37.70154,0
          148.4842,-37.70167,0
          148.48479,-37.70186,0
          148.48569,-37.70224,0
          148.48851,-37.70364,0
          148.48959,-37.70401,0
          148.49162,-37.70438,0
          148.49177,-37.70438,0
          148.49472,-37.70483,0
          148.49484,-37.70488,0
          148.4968,-37.70519,0
          148.49719,-37.70532,0
          148.49738,-37.70542,0
          148.49739,-37.70542,0
          148.4987,-37.70623,0
          148.49916,-37.70646,0
          148.4994,-37.70654,0
          148.49994,-37.70663,0
          148.50067,-37.70661,0
          148.503,-37.70631,0
          148.5036,-37.70612,0
          148.50394,-37.70597,0
          148.50511,-37.70523,0
          148.50557,-37.70506,0
          148.50577,-37.70501,0
          148.50625,-37.70496,0
          148.50673,-37.70498,0
          148.50719,-37.70508,0
          148.50846,-37.70547,0
          148.50897,-37.70558,0
          148.50971,-37.70567,0
          148.51017,-37.70569,0
          148.51257,-37.7055,0
          148.51319,-37.70532,0
          148.51352,-37.70517,0
          148.51387,-37.70496,0
          148.51547,-37.70372,0
          148.5156,-37.70364,0
          148.51563,-37.70361,0
          148.51612,-37.70336,0
          148.51631,-37.70329,0
          148.51694,-37.70313,0
          148.51756,-37.70305,0
          148.51807,-37.70304,0
          148.51827,-37.70306,0
          148.51837,-37.7031,0
          148.51895,-37.70321,0
          148.51919,-37.70328,0
          148.52353,-37.70519,0
          148.52404,-37.70535,0
          148.5245,-37.70543,0
          148.52518,-37.70543,0
          148.52536,-37.70541,0
          148.52908,-37.70453,0
          148.52974,-37.70448,0
          148.53045,-37.70455,0
          148.53107,-37.70466,0
          148.53263,-37.70483,0
          148.53305,-37.70482,0
          148.53343,-37.70477,0
          148.53398,-37.70461,0
          148.53544,-37.70403,0
          148.53595,-37.70387,0
          148.53638,-37.70378,0
          148.53686,-37.70374,0
          148.53759,-37.70374,0
          148.5382,-37.70381,0
          148.53871,-37.70393,0
          148.53939,-37.70417,0
          148.53978,-37.70436,0
          148.54015,-37.7046,0
          148.54132,-37.7055,0
          148.54165,-37.70567,0
          148.54219,-37.70589,0
          148.54544,-37.70699,0
          148.54609,-37.70715,0
          148.54647,-37.7072,0
          148.54719,-37.7072,0
          148.54794,-37.7071,0
          148.55054,-37.7065,0
          148.5514,-37.70621,0
          148.5534,-37.70521,0
          148.55368,-37.70503,0
          148.55407,-37.7047,0
          148.55438,-37.70433,0
          148.55448,-37.70426,0
          148.55463,-37.70409,0
          148.55503,-37.70373,0
          148.55528,-37.70356,0
          148.55598,-37.70318,0
          148.55803,-37.70238,0
          148.55978,-37.70183,0
          148.5612,-37.7015,0
          148.5616,-37.70146,0
          148.56201,-37.70146,0
          148.56211,-37.70144,0
          148.56269,-37.70151,0
          148.56341,-37.70169,0
          148.56379,-37.70182,0
          148.56403,-37.70195,0
          148.56465,-37.7024,0
          148.5651,-37.70282,0
          148.56528,-37.70303,0
          148.56758,-37.70531,0
          148.56822,-37.70581,0
          148.56836,-37.70595,0
          148.56887,-37.70631,0
          148.56892,-37.70636,0
          148.56911,-37.70648,0
          148.5702,-37.7068,0
          148.57043,-37.70684,0
          148.57119,-37.70687,0
          148.57324,-37.70669,0
          148.57335,-37.7067,0
          148.57488,-37.70644,0
          148.57541,-37.7063,0
          148.57556,-37.70624,0
          148.57611,-37.70593,0
          148.57629,-37.70578,0
          148.57663,-37.70543,0
          148.57723,-37.70449,0
          148.57784,-37.70373,0
          148.57809,-37.70348,0
          148.57823,-37.7034,0
          148.57824,-37.7034,0
          148.57911,-37.70302,0
          148.57939,-37.70295,0
          148.5801,-37.70285,0
          148.58011,-37.70284,0
          148.58197,-37.70265,0
          148.58257,-37.70253,0
          148.58258,-37.70252,0
          148.58299,-37.70243,0
          148.58361,-37.70218,0
          148.58395,-37.702,0
          148.5854,-37.70109,0
          148.58645,-37.70031,0
          148.58653,-37.70029,0
          148.5868,-37.70012,0
          148.58733,-37.7,0
          148.58776,-37.69995,0
          148.58818,-37.69995,0
          148.58847,-37.70004,0
          148.58934,-37.70051,0
          148.58984,-37.70084,0
          148.58999,-37.7009,0
          148.59011,-37.7009,0
          148.59038,-37.70086,0
          148.59053,-37.70087,0
          148.59068,-37.70093,0
          148.59125,-37.70139,0
          148.5914,-37.70142,0
          148.59262,-37.7014,0
          148.59313,-37.70148,0
          148.59431,-37.7015,0
          148.59585,-37.70144,0
          148.59623,-37.70152,0
          148.59928,-37.70264,0
          148.59942,-37.70273,0
          148.59965,-37.70282,0
          148.59996,-37.70286,0
          148.60172,-37.70348,0
          148.60173,-37.70349,0
          148.60197,-37.7036,0
          148.60214,-37.70364,0
          148.60282,-37.70366,0
          148.60327,-37.70309,0
          148.60344,-37.70297,0
          148.60381,-37.7024,0
          148.60416,-37.70203,0
          148.60439,-37.70188,0
          148.60548,-37.70137,0
          148.60549,-37.70137,0
          148.60616,-37.70106,0
          148.60616,-37.70102,0
          148.60658,-37.70094,0
          148.60721,-37.70076,0
          148.60779,-37.70052,0
          148.60832,-37.70023,0
          148.60898,-37.69974,0
          148.60928,-37.69943,0
          148.60933,-37.69931,0
          148.61038,-37.698,0
          148.61046,-37.69793,0
          148.61318,-37.69448,0
          148.61321,-37.69438,0
          148.61544,-37.69165,0
          148.61627,-37.69087,0
          148.6167,-37.69054,0
          148.61701,-37.69037,0
          148.61725,-37.69027,0
          148.61741,-37.69014,0
          148.61762,-37.69005,0
          148.61819,-37.68987,0
          148.61834,-37.68986,0
          148.61901,-37.68972,0
          148.61917,-37.68964,0
          148.61936,-37.68961,0
          148.6203,-37.68959,0
          148.6214,-37.68974,0
          148.62519,-37.69054,0
          148.62627,-37.69096,0
          148.62814,-37.69206,0
          148.62821,-37.69212,0
          148.63454,-37.69592,0
          148.63543,-37.6963,0
          148.63584,-37.69643,0
          148.63746,-37.69681,0
          148.63816,-37.69704,0
          148.63873,-37.6973,0
          148.63905,-37.69749,0
          148.63967,-37.69797,0
          148.64016,-37.69847,0
          148.64039,-37.69879,0
          148.64141,-37.70055,0
          148.64181,-37.70107,0
          148.64264,-37.70178,0
          148.64266,-37.70181,0
          148.64329,-37.70229,0
          148.64332,-37.7023,0
          148.64645,-37.70453,0
          148.64725,-37.70494,0
          148.64746,-37.70501,0
          148.64746,-37.70502,0
          148.64828,-37.70527,0
          148.64885,-37.7054,0
          148.65013,-37.70579,0
          148.65041,-37.70591,0
          148.6511,-37.70629,0
          148.65165,-37.70671,0
          148.6522,-37.70733,0
          148.6534,-37.70904,0
          148.65344,-37.70907,0
          148.65349,-37.70914,0
          148.65421,-37.70985,0
          148.65476,-37.71026,0
          148.65566,-37.71077,0
          148.65612,-37.71097,0
          148.65678,-37.7112,0
          148.65938,-37.71178,0
          148.66216,-37.71262,0
          148.66303,-37.71279,0
          148.66386,-37.71287,0
          148.6647,-37.71287,0
          148.66594,-37.71272,0
          148.67549,-37.71078,0
          148.6761,-37.7107,0
          148.67884,-37.71059,0
          148.67997,-37.71038,0
          148.68173,-37.70982,0
          148.68184,-37.70981,0
          148.68191,-37.70978,0
          148.68709,-37.70894,0
          148.688,-37.70886,0
          148.69308,-37.7088,0
          148.69341,-37.70877,0
          148.6957,-37.70838,0
          148.69867,-37.70803,0
          148.69965,-37.70803,0
          148.70009,-37.70799,0
          148.70049,-37.7079,0
          148.70076,-37.70781,0
          148.70129,-37.70754,0
          148.70131,-37.70752,0
          148.70365,-37.70618,0
          148.70422,-37.70596,0
          148.70476,-37.70585,0
          148.70615,-37.70566,0
          148.70693,-37.70541,0
          148.7078,-37.70494,0
          148.70785,-37.7049,0
          148.70786,-37.7049,0
          148.70806,-37.7048,0
          148.70847,-37.70466,0
          148.70911,-37.70453,0
          148.71054,-37.70448,0
          148.71095,-37.70441,0
          148.7115,-37.70423,0
          148.71184,-37.70405,0
          148.71222,-37.70379,0
          148.71248,-37.70365,0
          148.71254,-37.70359,0
          148.71272,-37.7035,0
          148.71296,-37.70344,0
          148.71326,-37.70328,0
          148.71359,-37.70316,0
          148.71383,-37.70304,0
          148.71462,-37.70253,0
          148.71505,-37.7023,0
          148.71591,-37.70159,0
          148.7164,-37.70112,0
          148.71687,-37.70082,0
          148.71945,-37.69877,0
          148.71967,-37.69855,0
          148.71987,-37.69842,0
          148.72065,-37.69778,0
          148.7207,-37.69772,0
          148.72209,-37.69663,0
          148.72259,-37.69614,0
          148.72267,-37.69609,0
          148.72287,-37.6959,0
          148.72343,-37.6952,0
          148.72346,-37.69519,0
          148.72363,-37.69507,0
          148.7241,-37.69485,0
          148.72471,-37.69468,0
          148.72605,-37.69455,0
          148.72651,-37.69458,0
          148.7267,-37.69462,0
          148.72716,-37.69477,0
          148.72784,-37.69524,0
          148.72883,-37.69611,0
          148.7292,-37.69638,0
          148.73046,-37.697,0
          148.73128,-37.69731,0
          148.73165,-37.69738,0
          148.73195,-37.69739,0
          148.73203,-37.69738,0
          148.73222,-37.69732,0
          148.73235,-37.69725,0
          148.7326,-37.69706,0
          148.73271,-37.69695,0
          148.73317,-37.69633,0
          148.73337,-37.69614,0
          148.73369,-37.6959,0
          148.73386,-37.69581,0
          148.73407,-37.69575,0
          148.7345,-37.6957,0
          148.73485,-37.69573,0
          148.73639,-37.69607,0
          148.73756,-37.6962,0
          148.73799,-37.69615,0
          148.73843,-37.69606,0
          148.73902,-37.69572,0
          148.73916,-37.6956,0
          148.73945,-37.69546,0
          148.73965,-37.69539,0
          148.73998,-37.69536,0
          148.74042,-37.69538,0
          148.7413,-37.69555,0
          148.74168,-37.69566,0
          148.74199,-37.69571,0
          148.74267,-37.6957,0
          148.74305,-37.6956,0
          148.74503,-37.69464,0
          148.74554,-37.69446,0
          148.74764,-37.69392,0
          148.74801,-37.69378,0
          148.74865,-37.69341,0
          148.74919,-37.6929,0
          148.74935,-37.69268,0
          148.74952,-37.69236,0
          148.74967,-37.69192,0
          148.75016,-37.68925,0
          148.75032,-37.68885,0
          148.75045,-37.68864,0
          148.75072,-37.68831,0
          148.75097,-37.68809,0
          148.75128,-37.6879,0
          148.75154,-37.68778,0
          148.75196,-37.68764,0
          148.75929,-37.68658,0
          148.76317,-37.68547,0
          148.76332,-37.68545,0
          148.76745,-37.68431,0
          148.76826,-37.684,0
          148.76885,-37.68364,0
          148.76892,-37.68358,0
          148.7693,-37.6834,0
          148.77016,-37.6829,0
          148.77067,-37.68254,0
          148.77179,-37.68163,0
          148.77314,-37.68037,0
          148.77374,-37.67994,0
          148.77415,-37.67971,0
          148.77471,-37.67947,0
          148.77521,-37.6793,0
          148.78476,-37.67713,0
          148.78496,-37.67711,0
          148.78512,-37.67705,0
          148.78649,-37.67672,0
          148.78776,-37.67632,0
          148.78869,-37.67594,0
          148.78961,-37.67546,0
          148.78972,-37.67537,0
          148.79156,-37.67418,0
          148.79156,-37.67417,0
          148.79503,-37.67194,0
          148.79518,-37.67182,0
          148.79716,-37.67057,0
          148.79788,-37.67003,0
          148.79861,-37.6693,0
          148.79917,-37.66852,0
          148.79948,-37.66792,0
          148.79974,-37.66708,0
          148.79984,-37.66641,0
          148.79986,-37.66527,0
          148.79988,-37.66523,0
          148.79996,-37.66422,0
          148.80002,-37.66394,0
          148.80006,-37.66387,0
          148.8001,-37.6637,0
          148.80029,-37.66322,0
          148.80059,-37.6627,0
          148.80112,-37.66207,0
          148.80147,-37.66159,0
          148.80163,-37.66142,0
          148.80164,-37.66136,0
          148.80168,-37.6613,0
          148.80176,-37.66125,0
          148.8026,-37.6603,0
          148.80302,-37.65993,0
          148.80365,-37.65953,0
          148.80449,-37.65917,0
          148.80541,-37.65894,0
          148.80674,-37.65869,0
          148.80762,-37.65842,0
          148.81088,-37.657,0
          148.81101,-37.65686,0
          148.81408,-37.65487,0
          148.81463,-37.65446,0
          148.81732,-37.65212,0
          148.8178,-37.6518,0
          148.81813,-37.65153,0
          148.81907,-37.65089,0
          148.81958,-37.65067,0
          148.81974,-37.65067,0
          148.82061,-37.65044,0
          148.82657,-37.64992,0
          148.8267,-37.64987,0
          148.82688,-37.64984,0
          148.82809,-37.64944,0
          148.82919,-37.64886,0
          148.82927,-37.6488,0
          148.83152,-37.64764,0
          148.83162,-37.64756,0
          148.83291,-37.64687,0
          148.83359,-37.64657,0
          148.83423,-37.64636,0
          148.83511,-37.64624,0
          148.83545,-37.64624,0
          148.8382,-37.64663,0
          148.83879,-37.64667,0
          148.8396,-37.64663,0
          148.84025,-37.64651,0
          148.8407,-37.64635,0
          148.84095,-37.64623,0
          148.84134,-37.64598,0
          148.84176,-37.64561,0
          148.84214,-37.64515,0
          148.84225,-37.64497,0
          148.84225,-37.64496,0
          148.84244,-37.64465,0
          148.84285,-37.6436,0
          148.84306,-37.64327,0
          148.84341,-37.64293,0
          148.84354,-37.64284,0
          148.84359,-37.64279,0
          148.84444,-37.64224,0
          148.84648,-37.64038,0
          148.84704,-37.64001,0
          148.84803,-37.63965,0
          148.84993,-37.63922,0
          148.85045,-37.63905,0
          148.85106,-37.63878,0
          148.85172,-37.63833,0
          148.85324,-37.63716,0
          148.85576,-37.63594,0
          148.85648,-37.63568,0
          148.85683,-37.63562,0
          148.85717,-37.6356,0
          148.85794,-37.63567,0
          148.85929,-37.63617,0
          148.8595,-37.63621,0
          148.85997,-37.63636,0
          148.86334,-37.63645,0
          148.86335,-37.63644,0
          148.86413,-37.63638,0
          148.86437,-37.63631,0
          148.86741,-37.63508,0
          148.86793,-37.63496,0
          148.86825,-37.63492,0
          148.87049,-37.63488,0
          148.8718,-37.63478,0
          148.87338,-37.63449,0
          148.87462,-37.63395,0
          148.88164,-37.63041,0
          148.88212,-37.6303,0
          148.88548,-37.62906,0
          148.88555,-37.62901,0
          148.88568,-37.62898,0
          148.88622,-37.62878,0
          148.88704,-37.6284,0
          148.88778,-37.62793,0
          148.88836,-37.62744,0
          148.88837,-37.62742,0
          148.88847,-37.62734,0
          148.88875,-37.62703,0
          148.88919,-37.62632,0
          148.88949,-37.62566,0
          148.88972,-37.62488,0
          148.89003,-37.62354,0
          148.89003,-37.62345,0
          148.89037,-37.62216,0
          148.89038,-37.62215,0
          148.89071,-37.62134,0
          148.89169,-37.61941,0
          148.89178,-37.61915,0
          148.8918,-37.61865,0
          148.89176,-37.61827,0
          148.89167,-37.61793,0
          148.8915,-37.61753,0
          148.89131,-37.61723,0
          148.89131,-37.61722,0
          148.8898,-37.61543,0
          148.8898,-37.61542,0
          148.88913,-37.61462,0
          148.88889,-37.61421,0
          148.88884,-37.61405,0
          148.88879,-37.61368,0
          148.8888,-37.61345,0
          148.8889,-37.61302,0
          148.88904,-37.61273,0
          148.88939,-37.61229,0
          148.88969,-37.61203,0
          148.89022,-37.61173,0
          148.89236,-37.61087,0
          148.89273,-37.61066,0
          148.89302,-37.61041,0
          148.89409,-37.60918,0
          148.8943,-37.60899,0
          148.89452,-37.60884,0
          148.89515,-37.60852,0
          148.89586,-37.60834,0
          148.89624,-37.60832,0
          148.8969,-37.60834,0
          148.89746,-37.60831,0
          148.89793,-37.60834,0
          148.89835,-37.6083,0
          148.90012,-37.60792,0
          148.90283,-37.60714,0
          148.90332,-37.60694,0
          148.90365,-37.60674,0
          148.90404,-37.60639,0
          148.90428,-37.60603,0
          148.90443,-37.60573,0
          148.90452,-37.60544,0
          148.90494,-37.60356,0
          148.90506,-37.6032,0
          148.90514,-37.60304,0
          148.90519,-37.60287,0
          148.90527,-37.60272,0
          148.90551,-37.60242,0
          148.90551,-37.6024,0
          148.90556,-37.60232,0
          148.9059,-37.60197,0
          148.90622,-37.60157,0
          148.90643,-37.60118,0
          148.90643,-37.60117,0
          148.90654,-37.60098,0
          148.90676,-37.60039,0
          148.90691,-37.59982,0
          148.90737,-37.59891,0
          148.90778,-37.59844,0
          148.90805,-37.59819,0
          148.91064,-37.59617,0
          148.91129,-37.59573,0
          148.9121,-37.59535,0
          148.91303,-37.59504,0
          148.91344,-37.59486,0
          148.91365,-37.59474,0
          148.91367,-37.59474,0
          148.91553,-37.59361,0
          148.91729,-37.59234,0
          148.91761,-37.59207,0
          148.91762,-37.59207,0
          148.91817,-37.59159,0
          148.91833,-37.59141,0
          148.91853,-37.5911,0
          148.91865,-37.59083,0
          148.91872,-37.5905,0
          148.91875,-37.58974,0
          148.91871,-37.58775,0
          148.91865,-37.58745,0
          148.91847,-37.58708,0
          148.91836,-37.58663,0
          148.91831,-37.58604,0
          148.91834,-37.58585,0
          148.91853,-37.5852,0
          148.91907,-37.58422,0
          148.91934,-37.58389,0
          148.91935,-37.58389,0
          148.91967,-37.58364,0
          148.92001,-37.58345,0
          148.92221,-37.5826,0
          148.92359,-37.58226,0
          148.92454,-37.58228,0
          148.92599,-37.58254,0
          148.92662,-37.5826,0
          148.92713,-37.58271,0
          148.92724,-37.58276,0
          148.92764,-37.58287,0
          148.92836,-37.58326,0
          148.92953,-37.58423,0
          148.93004,-37.58454,0
          148.93059,-37.58471,0
          148.93284,-37.58506,0
          148.93299,-37.5851,0
          148.93461,-37.58533,0
          148.93692,-37.58528,0
          148.93729,-37.5853,0
          148.93773,-37.58538,0
          148.93871,-37.58571,0
          148.93874,-37.58571,0
          148.9403,-37.58626,0
          148.94095,-37.58639,0
          148.94192,-37.58633,0
          148.94227,-37.58625,0
          148.94262,-37.58611,0
          148.94272,-37.58605,0
          148.94286,-37.58602,0
          148.94293,-37.58599,0
          148.94347,-37.58557,0
          148.94358,-37.58545,0
          148.94364,-37.58534,0
          148.94465,-37.58459,0
          148.94507,-37.58437,0
          148.94546,-37.58426,0
          148.94641,-37.58416,0
          148.94713,-37.58423,0
          148.94714,-37.58424,0
          148.94718,-37.58424,0
          148.94753,-37.58434,0
          148.94791,-37.58449,0
          148.94861,-37.58488,0
          148.94895,-37.58511,0
          148.94928,-37.58528,0
          148.95079,-37.58573,0
          148.95162,-37.5859,0
          148.95216,-37.58609,0
          148.95249,-37.58625,0
          148.95394,-37.5871,0
          148.95483,-37.58772,0
          148.95484,-37.58772,0
          148.95768,-37.58969,0
          148.95893,-37.59083,0
          148.9592,-37.59103,0
          148.95977,-37.59132,0
          148.96051,-37.59151,0
          148.96108,-37.59159,0
          148.96315,-37.59203,0
          148.96691,-37.59307,0
          148.96756,-37.59316,0
          148.96829,-37.5932,0
          148.97432,-37.59303,0
          148.97538,-37.59294,0
          148.97604,-37.59283,0
          148.97888,-37.59209,0
          148.97995,-37.59189,0
          148.98063,-37.59185,0
          148.98169,-37.59191,0
          148.98606,-37.59256,0
          148.98713,-37.59266,0
          148.98785,-37.59262,0
          148.98841,-37.5925,0
          148.98896,-37.59227,0
          148.98933,-37.59205,0
          148.98935,-37.59203,0
          148.98936,-37.59203,0
          148.98971,-37.59169,0
          148.98992,-37.59143,0
          148.99002,-37.59123,0
          148.99053,-37.58886,0
          148.99078,-37.58803,0
          148.99086,-37.5879,0
          148.99105,-37.58742,0
          148.99132,-37.58687,0
          148.99163,-37.58642,0
          148.99232,-37.58571,0
          148.99271,-37.58547,0
          148.99274,-37.58544,0
          148.99305,-37.58528,0
          148.99453,-37.58471,0
          148.99612,-37.58422,0
          148.99626,-37.58415,0
          148.99682,-37.58402,0
          148.99754,-37.584,0
          148.99992,-37.58445,0
          149.00054,-37.58452,0
          149.00113,-37.58448,0
          149.00164,-37.58434,0
          149.00232,-37.58404,0
          149.00325,-37.58349,0
          149.00403,-37.58309,0
          149.00448,-37.58296,0
          149.00507,-37.58289,0
          149.00651,-37.58285,0
          149.00718,-37.58273,0
          149.0075,-37.58262,0
          149.00781,-37.58247,0
          149.0114,-37.58003,0
          149.01175,-37.57986,0
          149.01267,-37.57954,0
          149.01421,-37.57918,0
          149.01444,-37.5791,0
          149.01496,-37.57883,0
          149.01513,-37.57871,0
          149.01685,-37.57724,0
          149.01735,-37.57693,0
          149.01807,-37.57656,0
          149.0204,-37.57569,0
          149.02107,-37.57538,0
          149.02194,-37.57486,0
          149.02827,-37.57038,0
          149.02882,-37.57009,0
          149.02965,-37.56984,0
          149.03239,-37.56944,0
          149.03296,-37.56929,0
          149.03326,-37.56918,0
          149.03391,-37.56879,0
          149.03392,-37.56879,0
          149.03428,-37.56852,0
          149.03537,-37.56737,0
          149.03539,-37.56736,0
          149.03562,-37.56714,0
          149.03616,-37.56675,0
          149.03674,-37.56643,0
          149.0372,-37.56624,0
          149.03792,-37.56604,0
          149.03848,-37.56593,0
          149.04312,-37.56532,0
          149.04313,-37.56531,0
          149.04434,-37.56523,0
          149.04503,-37.56525,0
          149.04703,-37.56542,0
          149.04813,-37.56541,0
          149.04888,-37.56531,0
          149.0517,-37.56477,0
          149.05247,-37.56472,0
          149.06037,-37.56461,0
          149.06158,-37.56449,0
          149.06233,-37.56429,0
          149.06303,-37.56397,0
          149.06417,-37.5633,0
          149.06513,-37.56266,0
          149.06585,-37.5623,0
          149.06647,-37.56214,0
          149.06738,-37.56205,0
          149.06799,-37.56207,0
          149.0685,-37.56214,0
          149.06905,-37.56228,0
          149.06955,-37.56246,0
          149.07026,-37.56283,0
          149.07104,-37.56343,0
          149.07252,-37.56481,0
          149.07272,-37.56494,0
          149.073,-37.5652,0
          149.07377,-37.56557,0
          149.07439,-37.56579,0
          149.07478,-37.56586,0
          149.07581,-37.56592,0
          149.08258,-37.5652,0
          149.08354,-37.56524,0
          149.08769,-37.56602,0
          149.09637,-37.56685,0
          149.09708,-37.56685,0
          149.09778,-37.56679,0
          149.10108,-37.56596,0
          149.10115,-37.56593,0
          149.1028,-37.56553,0
          149.1028,-37.56552,0
          149.1037,-37.56543,0
          149.10422,-37.56545,0
          149.10459,-37.56556,0
          149.10487,-37.56561,0
          149.10527,-37.56579,0
          149.10579,-37.56597,0
          149.10691,-37.56648,0
          149.10781,-37.56671,0
          149.10796,-37.5668,0
          149.10875,-37.56713,0
          149.10968,-37.56737,0
          149.11086,-37.56749,0
          149.11122,-37.56748,0
          149.11124,-37.56747,0
          149.11185,-37.56741,0
          149.11278,-37.56716,0
          149.11357,-37.56683,0
          149.11737,-37.56494,0
          149.11786,-37.56477,0
          149.11906,-37.56452,0
          149.11976,-37.56449,0
          149.12034,-37.56453,0
          149.12127,-37.56469,0
          149.12176,-37.56484,0
          149.12247,-37.56515,0
          149.12283,-37.56535,0
          149.12494,-37.56686,0
          149.1292,-37.5691,0
          149.13357,-37.57054,0
          149.13407,-37.57064,0
          149.13467,-37.57071,0
          149.13532,-37.57072,0
          149.13677,-37.57055,0
          149.13759,-37.57028,0
          149.13799,-37.57009,0
          149.14316,-37.56706,0
          149.14355,-37.56688,0
          149.14459,-37.56651,0
          149.1457,-37.56632,0
          149.14656,-37.56632,0
          149.14895,-37.56655,0
          149.14934,-37.56656,0
          149.14939,-37.56655,0
          149.14946,-37.56657,0
          149.14981,-37.56654,0
          149.15094,-37.56633,0
          149.15097,-37.56634,0
          149.15098,-37.56635,0
          149.15101,-37.56635,0
          149.15102,-37.56636,0
          149.15109,-37.56637,0
          149.1511,-37.56636,0
          149.15112,-37.56636,0
          149.1514,-37.56624,0
          149.15258,-37.56598,0
          149.15271,-37.5659,0
          149.15375,-37.56554,0
          149.15409,-37.56538,0
          149.1542,-37.56529,0
          149.1558,-37.56449,0
          149.15616,-37.56439,0
          149.15679,-37.56429,0
          149.16149,-37.56385,0
          149.16254,-37.56394,0
          149.16264,-37.56397,0
          149.16509,-37.56432,0
          149.16559,-37.56436,0
          149.16695,-37.56433,0
          149.16709,-37.5643,0
          149.17023,-37.56419,0
          149.17119,-37.56421,0
          149.17121,-37.56422,0
          149.17167,-37.56427,0
          149.17322,-37.56458,0
          149.17391,-37.56467,0
          149.17694,-37.56477,0
          149.17737,-37.56483,0
          149.17786,-37.56495,0
          149.1831,-37.56683,0
          149.18388,-37.56702,0
          149.18429,-37.56708,0
          149.18532,-37.56715,0
          149.1909,-37.567,0
          149.19427,-37.56701,0
          149.19539,-37.56696,0
          149.20083,-37.56612,0
          149.20149,-37.56608,0
          149.20208,-37.56609,0
          149.2025,-37.56614,0
          149.20681,-37.56704,0
          149.20758,-37.56725,0
          149.20769,-37.56731,0
          149.21095,-37.56849,0
          149.21179,-37.56869,0
          149.21307,-37.56882,0
          149.21404,-37.56877,0
          149.21982,-37.56763,0
          149.21983,-37.56762,0
          149.22408,-37.56592,0
          149.2241,-37.56592,0
          149.22493,-37.56567,0
          149.2256,-37.56555,0
          149.22647,-37.56552,0
          149.23232,-37.56588,0
          149.2331,-37.56586,0
          149.23362,-37.56578,0
          149.24072,-37.56423,0
          149.24151,-37.5641,0
          149.24306,-37.56374,0
          149.24357,-37.56357,0
          149.24552,-37.56258,0
          149.24678,-37.56213,0
          149.24713,-37.56209,0
          149.24766,-37.56209,0
          149.24816,-37.56213,0
          149.24876,-37.56227,0
          149.24938,-37.56251,0
          149.25007,-37.56288,0
          149.25035,-37.56307,0
          149.25063,-37.56336,0
          149.25089,-37.56369,0
          149.25129,-37.56446,0
          149.2513,-37.56446,0
          149.25151,-37.56495,0
          149.25173,-37.56559,0
          149.25171,-37.56572,0
          149.25237,-37.56727,0
          149.25261,-37.56766,0
          149.25292,-37.56802,0
          149.2534,-37.56842,0
          149.25402,-37.56876,0
          149.25474,-37.56899,0
          149.2552,-37.56908,0
          149.25763,-37.56928,0
          149.25858,-37.56921,0
          149.25894,-37.56913,0
          149.25899,-37.56913,0
          149.25916,-37.56909,0
          149.25998,-37.56899,0
          149.26082,-37.56883,0
          149.26232,-37.56863,0
          149.26309,-37.56859,0
          149.26478,-37.56863,0
          149.26523,-37.56871,0
          149.2653,-37.56871,0
          149.26615,-37.56889,0
          149.26632,-37.56887,0
          149.27977,-37.57209,0
          149.28035,-37.57217,0
          149.28086,-37.57218,0
          149.28524,-37.57196,0
          149.28644,-37.57203,0
          149.29385,-37.57291,0
          149.29507,-37.57298,0
          149.29941,-37.57294,0
          149.30007,-37.57298,0
          149.30079,-37.57308,0
          149.30148,-37.57323,0
          149.30216,-37.57347,0
          149.30737,-37.57595,0
          149.30796,-37.57617,0
          149.30901,-37.57638,0
          149.30994,-37.5764,0
          149.31098,-37.57623,0
          149.31136,-37.57611,0
          149.312,-37.57584,0
          149.31267,-37.57542,0
          149.31303,-37.57515,0
          149.31477,-37.57328,0
          149.31675,-37.57083,0
          149.3175,-37.57016,0
          149.31822,-37.56976,0
          149.32059,-37.56873,0
          149.32215,-37.56765,0
          149.323,-37.56713,0
          149.32417,-37.56651,0
          149.32758,-37.56498,0
          149.32846,-37.5648,0
          149.3291,-37.56477,0
          149.32972,-37.56483,0
          149.33038,-37.56502,0
          149.33379,-37.56647,0
          149.33451,-37.56665,0
          149.33494,-37.56668,0
          149.33497,-37.56669,0
          149.33593,-37.56669,0
          149.33722,-37.56659,0
          149.33788,-37.56645,0
          149.33835,-37.56629,0
          149.33883,-37.56606,0
          149.33943,-37.56584,0
          149.34009,-37.56569,0
          149.34054,-37.56565,0
          149.34232,-37.56562,0
          149.34284,-37.56555,0
          149.34353,-37.56533,0
          149.34427,-37.56491,0
          149.3451,-37.56429,0
          149.34623,-37.56375,0
          149.34624,-37.56375,0
          149.34661,-37.56358,0
          149.34662,-37.56358,0
          149.3474,-37.56324,0
          149.3495,-37.56203,0
          149.34993,-37.56185,0
          149.35032,-37.56181,0
          149.35097,-37.56183,0
          149.35248,-37.56159,0
          149.35274,-37.56152,0
          149.353,-37.56139,0
          149.35314,-37.56129,0
          149.35331,-37.56102,0
          149.35336,-37.56085,0
          149.35335,-37.56066,0
          149.35299,-37.55929,0
          149.35276,-37.5588,0
          149.35214,-37.55817,0
          149.35207,-37.55807,0
          149.35203,-37.55786,0
          149.35205,-37.55772,0
          149.35213,-37.55752,0
          149.35223,-37.55743,0
          149.35245,-37.55735,0
          149.35261,-37.55733,0
          149.35316,-37.55735,0
          149.35338,-37.55731,0
          149.35358,-37.55722,0
          149.35381,-37.55702,0
          149.35397,-37.55678,0
          149.35408,-37.55643,0
          149.35417,-37.55628,0
          149.3543,-37.55614,0
          149.35446,-37.55602,0
          149.35495,-37.55575,0
          149.35534,-37.55536,0
          149.35547,-37.55527,0
          149.35572,-37.55514,0
          149.35656,-37.55495,0
          149.35728,-37.55464,0
          149.35746,-37.55459,0
          149.3584,-37.5545,0
          149.35856,-37.55442,0
          149.35865,-37.55435,0
          149.35886,-37.55411,0
          149.35891,-37.55397,0
          149.35893,-37.55385,0
          149.35892,-37.55372,0
          149.35887,-37.55353,0
          149.35875,-37.55326,0
          149.35872,-37.55312,0
          149.35873,-37.55302,0
          149.35872,-37.55298,0
          149.35877,-37.55273,0
          149.35899,-37.55224,0
          149.35903,-37.55211,0
          149.35906,-37.55189,0
          149.35892,-37.55113,0
          149.35892,-37.55093,0
          149.35901,-37.55064,0
          149.35912,-37.55043,0
          149.35949,-37.55001,0
          149.35977,-37.54979,0
          149.36017,-37.54964,0
          149.36065,-37.54959,0
          149.3615,-37.54942,0
          149.36241,-37.54911,0
          149.36299,-37.54881,0
          149.36336,-37.54858,0
          149.36384,-37.54821,0
          149.36429,-37.54779,0
          149.36471,-37.54728,0
          149.36802,-37.54268,0
          149.36822,-37.5421,0
          149.36827,-37.54186,0
          149.36826,-37.54149,0
          149.36791,-37.53949,0
          149.36792,-37.53932,0
          149.36793,-37.5393,0
          149.36795,-37.53891,0
          149.36811,-37.53838,0
          149.36827,-37.53803,0
          149.36844,-37.53776,0
          149.36889,-37.53724,0
          149.36923,-37.53692,0
          149.37041,-37.5362,0
          149.37218,-37.53536,0
          149.37246,-37.53527,0
          149.37306,-37.53515,0
          149.37356,-37.5351,0
          149.3771,-37.53498,0
          149.37899,-37.53482,0
          149.37925,-37.53485,0
          149.3796,-37.53494,0
          149.37987,-37.53504,0
          149.38085,-37.53565,0
          149.38129,-37.53599,0
          149.38164,-37.5362,0
          149.38233,-37.53639,0
          149.38332,-37.53647,0
          149.38366,-37.53653,0
          149.38507,-37.53708,0
          149.38543,-37.53716,0
          149.38569,-37.53718,0
          149.3862,-37.53717,0
          149.3865,-37.53712,0
          149.38678,-37.53703,0
          149.3868,-37.53703,0
          149.38742,-37.53679,0
          149.38898,-37.53631,0
          149.3894,-37.53624,0
          149.39048,-37.53625,0
          149.39062,-37.53623,0
          149.39437,-37.53642,0
          149.39601,-37.53644,0
          149.39638,-37.53651,0
          149.4003,-37.53792,0
          149.40143,-37.53824,0
          149.40189,-37.53831,0
          149.4027,-37.53833,0
          149.40369,-37.53828,0
          149.40412,-37.53821,0
          149.40413,-37.5382,0
          149.40435,-37.53817,0
          149.40691,-37.53746,0
          149.40783,-37.53731,0
          149.40853,-37.53729,0
          149.40892,-37.53731,0
          149.40959,-37.53742,0
          149.41011,-37.53756,0
          149.41092,-37.53794,0
          149.41144,-37.5383,0
          149.41187,-37.53868,0
          149.41312,-37.54004,0
          149.41376,-37.54057,0
          149.4147,-37.54111,0
          149.41555,-37.54146,0
          149.42748,-37.54574,0
          149.42821,-37.54594,0
          149.42891,-37.54605,0
          149.43039,-37.54611,0
          149.43642,-37.54589,0
          149.43766,-37.54573,0
          149.43838,-37.54556,0
          149.43909,-37.54532,0
          149.43912,-37.5453,0
          149.43953,-37.54515,0
          149.44155,-37.54406,0
          149.44202,-37.54388,0
          149.44307,-37.54362,0
          149.44359,-37.54355,0
          149.44656,-37.54343,0
          149.44701,-37.54346,0
          149.44753,-37.54355,0
          149.44763,-37.54361,0
          149.44829,-37.54379,0
          149.44864,-37.54392,0
          149.45029,-37.54468,0
          149.45043,-37.54471,0
          149.45124,-37.54503,0
          149.45221,-37.54521,0
          149.45296,-37.54523,0
          149.45381,-37.54515,0
          149.45417,-37.54508,0
          149.45737,-37.54421,0
          149.45768,-37.5441,0
          149.45866,-37.54364,0
          149.45916,-37.54334,0
          149.463,-37.54039,0
          149.46391,-37.5399,0
          149.46487,-37.53954,0
          149.47308,-37.53783,0
          149.4739,-37.53761,0
          149.47698,-37.53614,0
          149.47699,-37.53614,0
          149.47783,-37.53573,0
          149.47918,-37.53525,0
          149.48235,-37.53439,0
          149.48287,-37.53421,0
          149.4838,-37.53376,0
          149.4846,-37.53324,0
          149.4849,-37.53301,0
          149.48559,-37.53238,0
          149.48624,-37.53155,0
          149.48936,-37.52661,0
          149.48992,-37.52581,0
          149.49051,-37.52514,0
          149.49107,-37.52462,0
          149.49578,-37.52077,0
          149.49596,-37.52057,0
          149.49597,-37.52057,0
          149.49619,-37.52029,0
          149.49662,-37.51964,0
          149.49678,-37.51934,0
          149.49724,-37.51824,0
          149.49742,-37.51794,0
          149.49772,-37.51756,0
          149.49789,-37.5174,0
          149.49856,-37.51693,0
          149.50017,-37.51622,0
          149.5029,-37.51515,0
          149.50719,-37.5141,0
          149.51089,-37.51281,0
          149.5109,-37.5128,0
          149.51262,-37.51216,0
          149.51299,-37.51197,0
          149.51332,-37.51176,0
          149.51386,-37.51135,0
          149.51469,-37.5106,0
          149.51474,-37.51052,0
          149.51534,-37.50998,0
          149.51608,-37.50941,0
          149.51636,-37.50924,0
          149.51741,-37.50884,0
          149.51804,-37.50869,0
          149.52629,-37.50782,0
          149.52705,-37.50769,0
          149.52808,-37.50743,0
          149.52833,-37.50734,0
          149.52852,-37.5073,0
          149.52923,-37.50704,0
          149.53019,-37.50662,0
          149.53115,-37.50613,0
          149.53716,-37.50213,0
          149.53723,-37.50204,0
          149.53787,-37.50164,0
          149.54193,-37.49978,0
          149.54194,-37.49978,0
          149.54196,-37.49976,0
          149.54417,-37.49876,0
          149.54485,-37.49839,0
          149.54572,-37.4978,0
          149.54681,-37.49688,0
          149.54681,-37.49687,0
          149.54695,-37.49674,0
          149.54695,-37.49673,0
          149.54962,-37.49387,0
          149.55035,-37.49286,0
          149.55047,-37.49262,0
          149.55059,-37.49222,0
          149.55065,-37.49191,0
          149.55068,-37.49135,0
          149.55048,-37.48965,0
          149.55047,-37.48965,0
          149.55018,-37.48708,0
          149.55023,-37.48653,0
          149.55038,-37.4858,0
          149.55063,-37.48511,0
          149.55114,-37.4842,0
          149.55126,-37.48403,0
          149.55196,-37.48324,0
          149.55245,-37.48281,0
          149.55287,-37.48252,0
          149.55409,-37.48185,0
          149.55467,-37.48159,0
          149.55492,-37.48154,0
          149.55493,-37.48153,0
          149.55538,-37.48135,0
          149.55575,-37.48129,0
          149.55592,-37.48129,0
          149.55721,-37.48111,0
          149.55822,-37.48113,0
          149.55836,-37.48111,0
          149.559,-37.48116,0
          149.56042,-37.48142,0
          149.56058,-37.48147,0
          149.56254,-37.48187,0
          149.56341,-37.482,0
          149.56429,-37.48199,0
          149.56467,-37.48191,0
          149.56592,-37.48179,0
          149.56661,-37.48177,0
          149.56728,-37.48184,0
          149.56776,-37.48196,0
          149.57203,-37.48363,0
          149.57225,-37.48368,0
          149.57267,-37.48373,0
          149.57333,-37.48373,0
          149.57366,-37.48369,0
          149.57425,-37.48355,0
          149.57502,-37.48327,0
          149.57625,-37.48257,0
          149.57662,-37.48243,0
          149.57705,-37.48231,0
          149.57778,-37.48218,0
          149.57981,-37.48199,0
          149.57983,-37.48198,0
          149.58007,-37.48195,0
          149.58094,-37.48172,0
          149.58131,-37.48153,0
          149.58128,-37.48147,0
          149.58167,-37.48117,0
          149.58197,-37.48089,0
          149.58204,-37.48079,0
          149.5825,-37.4803,0
          149.58276,-37.47994,0
          149.58278,-37.47993,0
          149.58299,-37.47957,0
          149.583,-37.47957,0
          149.58345,-37.47892,0
          149.58336,-37.47883,0
          149.58332,-37.47877,0
          149.58329,-37.47868,0
          149.5833,-37.47856,0
          149.58374,-37.47789,0
          149.58423,-37.47739,0
          149.5848,-37.47696,0
          149.58538,-37.47663,0
          149.58576,-37.47647,0
          149.58694,-37.47623,0
          149.58766,-37.47621,0
          149.58895,-37.47632,0
          149.58955,-37.47626,0
          149.5903,-37.47599,0
          149.59066,-37.4758,0
          149.59082,-37.47569,0
          149.59162,-37.4749,0
          149.59176,-37.47456,0
          149.59239,-37.47338,0
          149.59246,-37.47316,0
          149.59247,-37.47308,0
          149.59246,-37.473,0
          149.59235,-37.47273,0
          149.59226,-37.47263,0
          149.59198,-37.47244,0
          149.59079,-37.47191,0
          149.58999,-37.47149,0
          149.58967,-37.4712,0
          149.58932,-37.47076,0
          149.58912,-37.47033,0
          149.5887,-37.46917,0
          149.58875,-37.46908,0
          149.58882,-37.46902,0
          149.5885,-37.46862,0
          149.58848,-37.46854,0
          149.58835,-37.46836,0
          149.58818,-37.46803,0
          149.58814,-37.4679,0
          149.58805,-37.46772,0
          149.5875,-37.46629,0
          149.58742,-37.46601,0
          149.58731,-37.46521,0
          149.58731,-37.46474,0
          149.58735,-37.46439,0
          149.58758,-37.46354,0
          149.58782,-37.46298,0
          149.58825,-37.46229,0
          149.58859,-37.46188,0
          149.58865,-37.46178,0
          149.58945,-37.46093,0
          149.5903,-37.46015,0
          149.59137,-37.45906,0
          149.59183,-37.45874,0
          149.59226,-37.45851,0
          149.59293,-37.45827,0
          149.59381,-37.45817,0
          149.59432,-37.45819,0
          149.59492,-37.45827,0
          149.59527,-37.45835,0
          149.59981,-37.4603,0
          149.60088,-37.46069,0
          149.60166,-37.46088,0
          149.6033,-37.46105,0
          149.60436,-37.46103,0
          149.6055,-37.46087,0
          149.60638,-37.46065,0
          149.60757,-37.46021,0
          149.60857,-37.45968,0
          149.61575,-37.4553,0
          149.6164,-37.45483,0
          149.61676,-37.4545,0
          149.61752,-37.45369,0
          149.61892,-37.45201,0
          149.61937,-37.4516,0
          149.62005,-37.45081,0
          149.62113,-37.44998,0
          149.62159,-37.4497,0
          149.62492,-37.44818,0
          149.62492,-37.44817,0
          149.62995,-37.44594,0
          149.6307,-37.44566,0
          149.6308,-37.4456,0
          149.63248,-37.44509,0
          149.63379,-37.4448,0
          149.634,-37.44478,0
          149.63463,-37.44463,0
          149.63471,-37.44463,0
          149.63609,-37.44436,0
          149.63619,-37.44432,0
          149.63655,-37.44426,0
          149.63665,-37.44426,0
          149.63931,-37.4438,0
          149.6398,-37.44365,0
          149.64063,-37.44333,0
          149.64127,-37.44302,0
          149.64222,-37.44244,0
          149.64281,-37.44195,0
          149.64352,-37.44118,0
          149.64389,-37.44062,0
          149.64432,-37.43974,0
          149.64445,-37.43932,0
          149.64489,-37.43715,0
          149.64498,-37.43632,0
          149.64499,-37.43555,0
          149.64467,-37.42902,0
          149.64471,-37.42816,0
          149.6448,-37.42752,0
          149.6448,-37.42741,0
          149.64507,-37.42629,0
          149.64534,-37.42552,0
          149.64601,-37.42418,0
          149.64673,-37.42314,0
          149.64724,-37.42254,0
          149.64732,-37.42248,0
          149.64816,-37.42155,0
          149.65077,-37.41902,0
          149.65204,-37.41746,0
          149.65206,-37.41737,0
          149.6555,-37.41157,0
          149.65638,-37.4104,0
          149.65692,-37.4098,0
          149.65806,-37.40884,0
          149.65919,-37.40803,0
          149.6599,-37.4076,0
          149.66386,-37.40556,0
          149.66514,-37.40478,0
          149.66575,-37.40434,0
          149.66688,-37.40342,0
          149.66898,-37.40137,0
          149.66899,-37.40137,0
          149.67163,-37.39879,0
          149.67196,-37.39828,0
          149.67379,-37.39655,0
          149.67438,-37.39593,0
          149.67552,-37.39458,0
          149.67554,-37.39454,0
          149.67556,-37.39452,0
          149.6762,-37.39326,0
          149.67675,-37.39182,0
          149.67696,-37.39088,0
          149.67696,-37.39076,0
          149.67715,-37.38989,0
          149.67751,-37.38915,0
          149.67771,-37.3889,0
          149.67826,-37.38842,0
          149.67863,-37.38821,0
          149.67928,-37.38795,0
          149.67929,-37.38794,0
          149.67989,-37.3878,0
          149.68185,-37.38764,0
          149.68237,-37.38751,0
          149.68296,-37.38721,0
          149.68327,-37.38693,0
          149.6834,-37.38678,0
          149.6836,-37.38644,0
          149.68372,-37.3861,0
          149.68376,-37.38591,0
          149.68392,-37.38549,0
          149.68406,-37.38527,0
          149.6847,-37.38463,0
          149.6849,-37.38438,0
          149.68502,-37.38418,0
          149.68514,-37.38385,0
          149.68519,-37.38362,0
          149.68535,-37.38319,0
          149.68553,-37.3829,0
          149.68567,-37.38275,0
          149.68585,-37.38262,0
          149.68621,-37.38244,0
          149.6875,-37.38206,0
          149.68781,-37.3819,0
          149.68801,-37.38175,0
          149.68812,-37.38161,0
          149.68936,-37.38037,0
          149.68943,-37.38032,0
          149.69024,-37.37954,0
          149.69044,-37.37924,0
          149.69058,-37.37889,0
          149.69066,-37.37837,0
          149.69066,-37.37781,0
          149.69069,-37.37768,0
          149.6907,-37.37767,0
          149.69072,-37.37756,0
          149.6908,-37.37738,0
          149.6908,-37.37737,0
          149.69097,-37.37708,0
          149.69112,-37.37692,0
          149.69152,-37.37664,0
          149.69175,-37.37654,0
          149.692,-37.37647,0
          149.69226,-37.37643,0
          149.69285,-37.37645,0
          149.694,-37.37659,0
          149.69437,-37.37659,0
          149.69469,-37.37655,0
          149.69509,-37.37643,0
          149.69588,-37.37609,0
          149.69597,-37.37607,0
          149.69646,-37.37583,0
          149.6965,-37.37582,0
          149.69657,-37.37577,0
          149.69785,-37.37515,0
          149.69789,-37.37514,0
          149.69845,-37.37476,0
          149.69896,-37.37434,0
          149.69904,-37.3743,0
          149.70163,-37.3721,0
          149.70216,-37.37171,0
          149.70241,-37.37156,0
          149.70309,-37.37123,0
          149.704,-37.37095,0
          149.70432,-37.37088,0
          149.70518,-37.37077,0
          149.70614,-37.37079,0
          149.70916,-37.37117,0
          149.70962,-37.37117,0
          149.71054,-37.37107,0
          149.71108,-37.37096,0
          149.71521,-37.36946,0
          149.71533,-37.36938,0
          149.7158,-37.36923,0
          149.71595,-37.36922,0
          149.71725,-37.36873,0
          149.71765,-37.36853,0
          149.71823,-37.3681,0
          149.72061,-37.36562,0
          149.72086,-37.36525,0
          149.72113,-37.36473,0
          149.72134,-37.36404,0
          149.72136,-37.36372,0
          149.72138,-37.36365,0
          149.72154,-37.36233,0
          149.72155,-37.36137,0
          149.72161,-37.36113,0
          149.72164,-37.36062,0
          149.72169,-37.36034,0
          149.72168,-37.36012,0
          149.72173,-37.35981,0
          149.72173,-37.35945,0
          149.72178,-37.35908,0
          149.72183,-37.35897,0
          149.72183,-37.35892,0
          149.72189,-37.35874,0
          149.72232,-37.35789,0
          149.72244,-37.3578,0
          149.72268,-37.35756,0
          149.72271,-37.35751,0
          149.72308,-37.35727,0
          149.7232,-37.35716,0
          149.72658,-37.35506,0
          149.72659,-37.35506,0
          149.72745,-37.35457,0
          149.72878,-37.35407,0
          149.73108,-37.35281,0
          149.73137,-37.35259,0
          149.7334,-37.35055,0
          149.73358,-37.3503,0
          149.73375,-37.34998,0
          149.73409,-37.34897,0
          149.73416,-37.34842,0
          149.73415,-37.34812,0
          149.73381,-37.34617,0
          149.73377,-37.34569,0
          149.73379,-37.34543,0
          149.73398,-37.34445,0
          149.73408,-37.3442,0
          149.73426,-37.34343,0
          149.73437,-37.34255,0
          149.73503,-37.33924,0
          149.7352,-37.33871,0
          149.73545,-37.33742,0
          149.73551,-37.33725,0
          149.73624,-37.33303,0
          149.73624,-37.33277,0
          149.73618,-37.33237,0
          149.73593,-37.33172,0
          149.73527,-37.33075,0
          149.73524,-37.33064,0
          149.73515,-37.33045,0
          149.73512,-37.33029,0
          149.73474,-37.32922,0
          149.73447,-37.32868,0
          149.7343,-37.3281,0
          149.73428,-37.32764,0
          149.73427,-37.32761,0
          149.73425,-37.32717,0
          149.73429,-37.32661,0
          149.73433,-37.3265,0
          149.73435,-37.32632,0
          149.73484,-37.32443,0
          149.73502,-37.32392,0
          149.73553,-37.32305,0
          149.73577,-37.32278,0
          149.73651,-37.32213,0
          149.73652,-37.32213,0
          149.73668,-37.32199,0
          149.73703,-37.32176,0
          149.73742,-37.3214,0
          149.73837,-37.32069,0
          149.73886,-37.32041,0
          149.7396,-37.32011,0
          149.74065,-37.31978,0
          149.74118,-37.31966,0
          149.74338,-37.31931,0
          149.74483,-37.31895,0
          149.74531,-37.31878,0
          149.74809,-37.31751,0
          149.74875,-37.31715,0
          149.74907,-37.31693,0
          149.74952,-37.31656,0
          149.75064,-37.31547,0
          149.75069,-37.3154,0
          149.75099,-37.31511,0
          149.75133,-37.31484,0
          149.75201,-37.31443,0
          149.75253,-37.31418,0
          149.75516,-37.31319,0
          149.75575,-37.3129,0
          149.75897,-37.31103,0
          149.75904,-37.31097,0
          149.75912,-37.31094,0
          149.75956,-37.31068,0
          149.75962,-37.31063,0
          149.76242,-37.30899,0
          149.76281,-37.3087,0
          149.76281,-37.30869,0
          149.76289,-37.30864,0
          149.76307,-37.30839,0
          149.7635,-37.30792,0
          149.76353,-37.30785,0
          149.76389,-37.3074,0
          149.76467,-37.3061,0
          149.76493,-37.30573,0
          149.76539,-37.30522,0
          149.76693,-37.30415,0
          149.76708,-37.304,0
          149.76765,-37.30355,0
          149.76838,-37.30276,0
          149.76857,-37.30242,0
          149.76882,-37.30185,0
          149.76893,-37.30143,0
          149.76895,-37.30124,0
          149.76906,-37.30082,0
          149.76906,-37.30028,0
          149.76915,-37.29984,0
          149.76928,-37.29868,0
          149.76956,-37.29803,0
          149.76972,-37.29774,0
          149.77103,-37.29586,0
          149.77104,-37.29586,0
          149.77127,-37.29549,0
          149.77146,-37.2951,0
          149.77153,-37.29481,0
          149.77172,-37.29305,0
          149.77191,-37.29191,0
          149.77201,-37.29151,0
          149.77229,-37.29089,0
          149.7725,-37.2906,0
          149.7731,-37.29001,0
          149.77373,-37.28957,0
          149.77392,-37.28947,0
          149.77482,-37.28915,0
          149.77732,-37.2885,0
          149.77789,-37.28826,0
          149.77821,-37.28809,0
          149.77871,-37.28776,0
          149.77923,-37.28735,0
          149.77972,-37.28685,0
          149.77999,-37.28649,0
          149.78049,-37.28571,0
          149.78066,-37.28537,0
          149.78196,-37.28325,0
          149.78218,-37.28304,0
          149.78233,-37.28293,0
          149.78252,-37.28272,0
          149.78319,-37.28219,0
          149.78331,-37.28214,0
          149.78388,-37.28179,0
          149.78458,-37.28146,0
          149.78803,-37.28033,0
          149.78815,-37.28027,0
          149.78816,-37.28027,0
          149.78873,-37.27994,0
          149.79102,-37.27825,0
          149.79102,-37.27824,0
          149.79315,-37.27664,0
          149.79316,-37.27664,0
          149.79433,-37.27583,0
          149.79841,-37.27348,0
          149.79842,-37.27348,0
          149.79982,-37.27268,0
          149.80013,-37.27247,0
          149.80383,-37.2695,0
          149.8039,-37.26946,0
          149.8068,-37.26717,0
          149.80701,-37.26696,0
          149.80728,-37.26675,0
          149.80794,-37.26603,0
          149.80824,-37.26561,0
          149.80915,-37.26398,0
          149.80921,-37.26392,0
          149.80924,-37.26385,0
          149.80985,-37.2629,0
          149.81019,-37.2625,0
          149.81045,-37.26226,0
          149.81089,-37.26193,0
          149.81144,-37.26162,0
          149.81211,-37.26138,0
          149.81256,-37.26126,0
          149.81347,-37.2611,0
          149.8136,-37.26106,0
          149.81517,-37.2608,0
          149.81569,-37.26059,0
          149.81616,-37.26032,0
          149.81682,-37.25977,0
          149.81702,-37.25956,0
          149.81731,-37.25916,0
          149.81756,-37.25873,0
          149.81767,-37.25848,0
          149.81823,-37.25663,0
          149.81845,-37.25538,0
          149.81876,-37.25468,0
          149.82022,-37.25007,0
          149.82034,-37.24937,0
          149.82035,-37.24935,0
          149.82036,-37.24876,0
          149.8203,-37.24813,0
          149.81999,-37.24695,0
          149.81996,-37.24689,0
          149.81984,-37.24623,0
          149.81979,-37.24606,0
          149.8198,-37.24593,0
          149.81904,-37.24269,0
          149.819,-37.24212,0
          149.81902,-37.24166,0
          149.8191,-37.24118,0
          149.8193,-37.24051,0
          149.8197,-37.23956,0
          149.82009,-37.23897,0
          149.82069,-37.23842,0
          149.82074,-37.23834,0
          149.82109,-37.23802,0
          149.82149,-37.23773,0
          149.82231,-37.23726,0
          149.82484,-37.23625,0
          149.82592,-37.23574,0
          149.82602,-37.23571,0
          149.82647,-37.23544,0
          149.82703,-37.235,0
          149.82738,-37.23461,0
          149.82761,-37.23418,0
          149.82801,-37.23357,0
          149.82848,-37.23264,0
          149.82848,-37.23263,0
          149.82949,-37.23054,0
          149.83057,-37.22882,0
          149.83074,-37.22862,0
          149.83082,-37.22847,0
          149.83157,-37.22739,0
          149.83169,-37.22725,0
          149.83183,-37.227,0
          149.83197,-37.22665,0
          149.83209,-37.22624,0
          149.83217,-37.22566,0
          149.83217,-37.22529,0
          149.83213,-37.22492,0
          149.83205,-37.22455,0
          149.8309,-37.22144,0
          149.83089,-37.22135,0
          149.83088,-37.22133,0
          149.83082,-37.22082,0
          149.83084,-37.22053,0
          149.83095,-37.2201,0
          149.83105,-37.21984,0
          149.8314,-37.21926,0
          149.83231,-37.21796,0
          149.8327,-37.2175,0
          149.83278,-37.21744,0
          149.83768,-37.21257,0
          149.83813,-37.21218,0
          149.84107,-37.21045,0
          149.84141,-37.21018,0
          149.84201,-37.20955,0
          149.84263,-37.20873,0
          149.84293,-37.20824,0
          149.84329,-37.20747,0
          149.84405,-37.20551,0
          149.84415,-37.20532,0
          149.84463,-37.20406,0
          149.84516,-37.20291,0
          149.8454,-37.20228,0
          149.84558,-37.20193,0
          149.84745,-37.19511,0
          149.84747,-37.19507,0
          149.84748,-37.19497,0
          149.84791,-37.19386,0
          149.84793,-37.19376,0
          149.84857,-37.19215,0
          149.84862,-37.19207,0
          149.84939,-37.19019,0
          149.84941,-37.19007,0
          149.84968,-37.18949,0
          149.84977,-37.18939,0
          149.85099,-37.18656,0
          149.85125,-37.18579,0
          149.85134,-37.18526,0
          149.85125,-37.17846,0
          149.85122,-37.17817,0
          149.85115,-37.17783,0
          149.85101,-37.17738,0
          149.85005,-37.17491,0
          149.84993,-37.17451,0
          149.84986,-37.17407,0
          149.84991,-37.17358,0
          149.84996,-37.17347,0
          149.85004,-37.17339,0
          149.85012,-37.17313,0
          149.85021,-37.17293,0
          149.85023,-37.17282,0
          149.85027,-37.17276,0
          149.85027,-37.17275,0
          149.85029,-37.17272,0
          149.85032,-37.17263,0
          149.85038,-37.17252,0
          149.85054,-37.17233,0
          149.85064,-37.17226,0
          149.85077,-37.17213,0
          149.85099,-37.17201,0
          149.85143,-37.17167,0
          149.85144,-37.17167,0
          149.85148,-37.17162,0
          149.85231,-37.17098,0
          149.85283,-37.17042,0
          149.85339,-37.16955,0
          149.85464,-37.16677,0
          149.85515,-37.16578,0
          149.85543,-37.16532,0
          149.85544,-37.16532,0
          149.85575,-37.16487,0
          149.85681,-37.16357,0
          149.85718,-37.1629,0
          149.85728,-37.16267,0
          149.85741,-37.16214,0
          149.85742,-37.16204,0
          149.85733,-37.16115,0
          149.85687,-37.15903,0
          149.85682,-37.15857,0
          149.85682,-37.15831,0
          149.85701,-37.15767,0
          149.85711,-37.15742,0
          149.85731,-37.15707,0
          149.85805,-37.15599,0
          149.85806,-37.15599,0
          149.85816,-37.15584,0
          149.85816,-37.15583,0
          149.85852,-37.15522,0
          149.85858,-37.15501,0
          149.85862,-37.15475,0
          149.85861,-37.15423,0
          149.85854,-37.15394,0
          149.85839,-37.15351,0
          149.85793,-37.15262,0
          149.85755,-37.15168,0
          149.85754,-37.15168,0
          149.85699,-37.15015,0
          149.85694,-37.14994,0
          149.85689,-37.1495,0
          149.85698,-37.14883,0
          149.85704,-37.14857,0
          149.85716,-37.14827,0
          149.85716,-37.14825,0
          149.85726,-37.14802,0
          149.85749,-37.14769,0
          149.85783,-37.14735,0
          149.85829,-37.14702,0
          149.85872,-37.1468,0
          149.85933,-37.14655,0
          149.86204,-37.14569,0
          149.86313,-37.14526,0
          149.86327,-37.14516,0
          149.86338,-37.14505,0
          149.86374,-37.14482,0
          149.86408,-37.14443,0
          149.86408,-37.14442,0
          149.8642,-37.14428,0
          149.86431,-37.14411,0
          149.86441,-37.144,0
          149.86469,-37.1436,0
          149.86488,-37.14276,0
          149.86534,-37.13928,0
          149.86535,-37.13849,0
          149.86577,-37.13476,0
          149.86579,-37.13428,0
          149.86562,-37.13247,0
          149.86567,-37.13182,0
          149.86582,-37.13123,0
          149.86607,-37.1306,0
          149.86661,-37.12957,0
          149.86674,-37.12923,0
          149.86694,-37.12844,0
          149.867,-37.12769,0
          149.86699,-37.12736,0
          149.86689,-37.12682,0
          149.86677,-37.12643,0
          149.8661,-37.12493,0
          149.86599,-37.12453,0
          149.86593,-37.12413,0
          149.86593,-37.12388,0
          149.86598,-37.12345,0
          149.86604,-37.12318,0
          149.86616,-37.12286,0
          149.8664,-37.12242,0
          149.86653,-37.12223,0
          149.86757,-37.1211,0
          149.86806,-37.12039,0
          149.8682,-37.12009,0
          149.8682,-37.12007,0
          149.86831,-37.11974,0
          149.86834,-37.11957,0
          149.86835,-37.11894,0
          149.8681,-37.11736,0
          149.86811,-37.11674,0
          149.86825,-37.11592,0
          149.8684,-37.11545,0
          149.86849,-37.1153,0
          149.86865,-37.11488,0
          149.86952,-37.11345,0
          149.86964,-37.1132,0
          149.87092,-37.11112,0
          149.87095,-37.11105,0
          149.87108,-37.11087,0
          149.87134,-37.11038,0
          149.87155,-37.10988,0
          149.87165,-37.10946,0
          149.87176,-37.10866,0
          149.87177,-37.1083,0
          149.8717,-37.10735,0
          149.87141,-37.10592,0
          149.87134,-37.10571,0
          149.86894,-37.0944,0
          149.86883,-37.09368,0
          149.8687,-37.09216,0
          149.86856,-37.08856,0
          149.86852,-37.08826,0
          149.8684,-37.08779,0
          149.86838,-37.08775,0
          149.86837,-37.0877,0
          149.86807,-37.08705,0
          149.8678,-37.08664,0
          149.86779,-37.08664,0
          149.86648,-37.08507,0
          149.86645,-37.08498,0
          149.86636,-37.08484,0
          149.86636,-37.08483,0
          149.86625,-37.08465,0
          149.8661,-37.0843,0
          149.86609,-37.08424,0
          149.86607,-37.0842,0
          149.86603,-37.08395,0
          149.86605,-37.08345,0
          149.8662,-37.08276,0
          149.8663,-37.08248,0
          149.86649,-37.08214,0
          149.86659,-37.08203,0
          149.86666,-37.08201,0
          149.86673,-37.08195,0
          149.86684,-37.08181,0
          149.86713,-37.08158,0
          149.86759,-37.0813,0
          149.86764,-37.08125,0
          149.8694,-37.08003,0
          149.87218,-37.07843,0
          149.87228,-37.07835,0
          149.87232,-37.07829,0
          149.87257,-37.0781,0
          149.8735,-37.07699,0
          149.8751,-37.07541,0
          149.87556,-37.0751,0
          149.87595,-37.07489,0
          149.87663,-37.07464,0
          149.87741,-37.07448,0
          149.87893,-37.07444,0
          149.87896,-37.07445,0
          149.88098,-37.07452,0
          149.88299,-37.07485,0
          149.8833,-37.07485,0
          149.8835,-37.07481,0
          149.88389,-37.07465,0
          149.88422,-37.07444,0
          149.88451,-37.07414,0
          149.88478,-37.07378,0
          149.88481,-37.07372,0
          149.88497,-37.07354,0
          149.88524,-37.07336,0
          149.88547,-37.07328,0
          149.88598,-37.07325,0
          149.88696,-37.07341,0
          149.88727,-37.0734,0
          149.88819,-37.07326,0
          149.88867,-37.07327,0
          149.88957,-37.07347,0
          149.88977,-37.07348,0
          149.89003,-37.07345,0
          149.89034,-37.07337,0
          149.89095,-37.07315,0
          149.89119,-37.07298,0
          149.8913,-37.07285,0
          149.8913,-37.07284,0
          149.89138,-37.0727,0
          149.89141,-37.07257,0
          149.89139,-37.07236,0
          149.89133,-37.07217,0
          149.8912,-37.072,0
          149.89098,-37.07184,0
          149.89011,-37.07142,0
          149.88979,-37.07122,0
          149.8893,-37.07083,0
          149.8892,-37.07077,0
          149.88878,-37.07036,0
          149.8884,-37.0699,0
          149.88816,-37.06939,0
          149.8879,-37.06858,0
          149.88777,-37.06804,0
          149.88774,-37.06754,0
          149.88777,-37.06732,0
          149.88787,-37.06694,0
          149.88846,-37.06574,0
          149.88854,-37.06564,0
          149.88904,-37.06478,0
          149.88928,-37.0645,0
          149.88942,-37.06438,0
          149.88957,-37.06421,0
          149.88989,-37.06402,0
          149.89059,-37.06375,0
          149.89143,-37.06363,0
          149.89211,-37.06359,0
          149.89273,-37.06366,0
          149.89332,-37.06377,0
          149.89342,-37.06377,0
          149.8939,-37.06384,0
          149.89412,-37.06316,0
          149.89422,-37.06297,0
          149.89433,-37.06287,0
          149.89445,-37.06279,0
          149.89485,-37.06267,0
          149.89496,-37.06261,0
          149.89511,-37.06244,0
          149.89528,-37.0621,0
          149.89547,-37.06187,0
          149.89566,-37.06175,0
          149.89588,-37.06165,0
          149.896,-37.06162,0
          149.89592,-37.06107,0
          149.89589,-37.06099,0
          149.89584,-37.06092,0
          149.89584,-37.06091,0
          149.89552,-37.06035,0
          149.89549,-37.06027,0
          149.89546,-37.06023,0
          149.89516,-37.06003,0
          149.89503,-37.0599,0
          149.89485,-37.05966,0
          149.89485,-37.05964,0
          149.89483,-37.05962,0
          149.89482,-37.05958,0
          149.8948,-37.05956,0
          149.8948,-37.05954,0
          149.89477,-37.05948,0
          149.89469,-37.05921,0
          149.89453,-37.05882,0
          149.89425,-37.0585,0
          149.89415,-37.0582,0
          149.89404,-37.05807,0
          149.894,-37.05805,0
          149.89392,-37.05796,0
          149.89403,-37.05798,0
          149.89579,-37.05804,0
          149.89558,-37.05781,0
          149.89555,-37.05774,0
          149.89554,-37.05774,0
          149.89553,-37.05764,0
          149.89554,-37.05761,0
          149.89561,-37.05753,0
          149.89576,-37.05743,0
          149.89616,-37.05726,0
          149.89639,-37.05711,0
          149.89646,-37.05702,0
          149.89651,-37.05686,0
          149.89651,-37.05682,0
          149.89653,-37.05676,0
          149.89653,-37.05673,0
          149.8966,-37.05663,0
          149.8967,-37.05655,0
          149.89671,-37.05655,0
          149.89718,-37.0563,0
          149.89789,-37.05571,0
          149.89855,-37.05536,0
          149.89869,-37.05522,0
          149.89874,-37.05515,0
          149.89874,-37.05514,0
          149.89877,-37.05511,0
          149.89889,-37.05477,0
          149.899,-37.05373,0
          149.89899,-37.05365,0
          149.89888,-37.05339,0
          149.89887,-37.05338,0
          149.89883,-37.05326,0
          149.89883,-37.05305,0
          149.89889,-37.05291,0
          149.89902,-37.05277,0
          149.89947,-37.05246,0
          149.89952,-37.05203,0
          149.90034,-37.04849,0
          149.9004,-37.04843,0
          149.9003,-37.04826,0
          149.90028,-37.04819,0
          149.8996,-37.04692,0
          149.89939,-37.04641,0
          149.89939,-37.04633,0
          149.8993,-37.04597,0
          149.89926,-37.04589,0
          149.89913,-37.04509,0
          149.8989,-37.04217,0
          149.89891,-37.0421,0
          149.89883,-37.04129,0
          149.89888,-37.03951,0
          149.89884,-37.03926,0
          149.89853,-37.03825,0
          149.8985,-37.03794,0
          149.89854,-37.03763,0
          149.89862,-37.03734,0
          149.89874,-37.0371,0
          149.89889,-37.03687,0
          149.89929,-37.03646,0
          149.8996,-37.03625,0
          149.90063,-37.03569,0
          149.90111,-37.03535,0
          149.90124,-37.03518,0
          149.90137,-37.03506,0
          149.90154,-37.03478,0
          149.90158,-37.03474,0
          149.90189,-37.0341,0
          149.90213,-37.03321,0
          149.90233,-37.03271,0
          149.90328,-37.03117,0
          149.90363,-37.03071,0
          149.90608,-37.02803,0
          149.90632,-37.02772,0
          149.90657,-37.0273,0
          149.90673,-37.0269,0
          149.90724,-37.02394,0
          149.90724,-37.02386,0
          149.90734,-37.02334,0
          149.90741,-37.0227,0
          149.90738,-37.02101,0
          149.90744,-37.02065,0
          149.90783,-37.01927,0
          149.90798,-37.01893,0
          149.90838,-37.01826,0
          149.90854,-37.01791,0
          149.90866,-37.01749,0
          149.90908,-37.01498,0
          149.90919,-37.01459,0
          149.90927,-37.01443,0
          149.90956,-37.01365,0
          149.90964,-37.01357,0
          149.90983,-37.01321,0
          149.90984,-37.01311,0
          149.90986,-37.01308,0
          149.90997,-37.01276,0
          149.91001,-37.01232,0
          149.90999,-37.01211,0
          149.90998,-37.01209,0
          149.90984,-37.01012,0
          149.90985,-37.00994,0
          149.90991,-37.00963,0
          149.9102,-37.00859,0
          149.91026,-37.00784,0
          149.91024,-37.00746,0
          149.91017,-37.0071,0
          149.90962,-37.00549,0
          149.90947,-37.00482,0
          149.90927,-37.00326,0
          149.90918,-37.00297,0
          149.90918,-37.00267,0
          149.90874,-37.00061,0
          149.90871,-37.00027,0
          149.90872,-36.99992,0
          149.90888,-36.99864,0
          149.90886,-36.99832,0
          149.90885,-36.9983,0
          149.9087,-36.99745,0
          149.90867,-36.99679,0
          149.9087,-36.9966,0
          149.90916,-36.99553,0
          149.90964,-36.99479,0
          149.90973,-36.9946,0
          149.90966,-36.99457,0
          149.9099,-36.99421,0
          149.90993,-36.99411,0
          149.9107,-36.99305,0
          149.91101,-36.99269,0
          149.91128,-36.99245,0
          149.91184,-36.99205,0
          149.91256,-36.99163,0
          149.91339,-36.99104,0
          149.91362,-36.99074,0
          149.91381,-36.99038,0
          149.91389,-36.99008,0
          149.9139,-36.98971,0
          149.91383,-36.98935,0
          149.91371,-36.98906,0
          149.91356,-36.98882,0
          149.91337,-36.98864,0
          149.91336,-36.98864,0
          149.91328,-36.98854,0
          149.91301,-36.98835,0
          149.91272,-36.98821,0
          149.91267,-36.98817,0
          149.91219,-36.988,0
          149.90948,-36.98745,0
          149.90906,-36.98729,0
          149.90851,-36.98698,0
          149.90821,-36.98677,0
          149.90732,-36.98581,0
          149.9072,-36.98565,0
          149.90718,-36.98564,0
          149.90664,-36.98494,0
          149.90661,-36.98488,0
          149.90661,-36.98485,0
          149.90587,-36.98385,0
          149.90554,-36.98353,0
          149.90525,-36.98334,0
          149.90512,-36.98331,0
          149.90422,-36.98296,0
          149.90368,-36.98264,0
          149.90362,-36.98253,0
          149.90341,-36.98237,0
          149.90318,-36.98215,0
          149.90317,-36.98215,0
          149.90243,-36.98159,0
          149.9019,-36.98135,0
          149.90155,-36.98126,0
          149.90105,-36.98122,0
          149.90078,-36.98124,0
          149.90041,-36.98131,0
          149.90005,-36.98143,0
          149.89976,-36.98157,0
          149.89902,-36.98204,0
          149.899,-36.98204,0
          149.89863,-36.98226,0
          149.89831,-36.9824,0
          149.89779,-36.98253,0
          149.89756,-36.98256,0
          149.89558,-36.98248,0
          149.89522,-36.98243,0
          149.89421,-36.9824,0
          149.89312,-36.98248,0
          149.89264,-36.98257,0
          149.89192,-36.98277,0
          149.89071,-36.98334,0
          149.89069,-36.98334,0
          149.89022,-36.98351,0
          149.88984,-36.98359,0
          149.88984,-36.9836,0
          149.88957,-36.98363,0
          149.88904,-36.98363,0
          149.88851,-36.98353,0
          149.88795,-36.98332,0
          149.88767,-36.98316,0
          149.88727,-36.98284,0
          149.88687,-36.98241,0
          149.8845,-36.97878,0
          149.88376,-36.97785,0
          149.88367,-36.97778,0
          149.88274,-36.97664,0
          149.8822,-36.97612,0
          149.8822,-36.97611,0
          149.88073,-36.97488,0
          149.88022,-36.97432,0
          149.88015,-36.97416,0
          149.87996,-36.97392,0
          149.87962,-36.97338,0
          149.87935,-36.97283,0
          149.87908,-36.97216,0
          149.87896,-36.97175,0
          149.87882,-36.97071,0
          149.87892,-36.96881,0
          149.87886,-36.96852,0
          149.87882,-36.96808,0
          149.87863,-36.96725,0
          149.87797,-36.96556,0
          149.87797,-36.96553,0
          149.87715,-36.96349,0
          149.8771,-36.96346,0
          149.87706,-36.9634,0
          149.87685,-36.96294,0
          149.87684,-36.96294,0
          149.87675,-36.96281,0
          149.87645,-36.96254,0
          149.87622,-36.9624,0
          149.87596,-36.9623,0
          149.87499,-36.96214,0
          149.8748,-36.96206,0
          149.87459,-36.96194,0
          149.8744,-36.9618,0
          149.87423,-36.96163,0
          149.87404,-36.96135,0
          149.8736,-36.96023,0
          149.87346,-36.96,0
          149.87325,-36.95977,0
          149.87312,-36.95968,0
          149.87287,-36.95956,0
          149.87252,-36.95947,0
          149.87244,-36.95942,0
          149.87088,-36.95914,0
          149.8708,-36.95911,0
          149.86957,-36.95892,0
          149.86934,-36.95891,0
          149.86885,-36.95876,0
          149.86855,-36.95861,0
          149.86832,-36.95846,0
          149.86784,-36.95806,0
          149.86764,-36.95784,0
          149.8664,-36.9561,0
          149.86498,-36.95486,0
          149.86457,-36.95428,0
          149.86442,-36.9542,0
          149.86419,-36.95386,0
          149.864,-36.9535,0
          149.86355,-36.95224,0
          149.86351,-36.95203,0
          149.86345,-36.95187,0
          149.86343,-36.9517,0
          149.86347,-36.95073,0
          149.86352,-36.95059,0
          149.8635,-36.94988,0
          149.86354,-36.94977,0
          149.86377,-36.94622,0
          149.86375,-36.94614,0
          149.86382,-36.94546,0
          149.86381,-36.94534,0
          149.86397,-36.94439,0
          149.86402,-36.94431,0
          149.86339,-36.944,0
          149.86276,-36.94362,0
          149.86274,-36.9436,0
          149.86252,-36.94348,0
          149.86224,-36.94337,0
          149.86189,-36.94332,0
          149.86148,-36.9433,0
          149.8595,-36.94337,0
          149.85745,-36.9437,0
          149.85277,-36.94488,0
          149.85219,-36.94498,0
          149.852,-36.94499,0
          149.85113,-36.94488,0
          149.84999,-36.94467,0
          149.84775,-36.94439,0
          149.84728,-36.94437,0
          149.84661,-36.94429,0
          149.84519,-36.94421,0
          149.84422,-36.94422,0
          149.83995,-36.94447,0
          149.83905,-36.94442,0
          149.83696,-36.94407,0
          149.83655,-36.94403,0
          149.83526,-36.94403,0
          149.83473,-36.94409,0
          149.83471,-36.9441,0
          149.83456,-36.94411,0
          149.83372,-36.94431,0
          149.83316,-36.94453,0
          149.83185,-36.94517,0
          149.82942,-36.9465,0
          149.82582,-36.94879,0
          149.82501,-36.94922,0
          149.82431,-36.94945,0
          149.82397,-36.94953,0
          149.82358,-36.94956,0
          149.82226,-36.94954,0
          149.82199,-36.94949,0
          149.82037,-36.94903,0
          149.81974,-36.94879,0
          149.81937,-36.94858,0
          149.81765,-36.94741,0
          149.81714,-36.94713,0
          149.81645,-36.94689,0
          149.81421,-36.94627,0
          149.81356,-36.94599,0
          149.81222,-36.94522,0
          149.81159,-36.94478,0
          149.81137,-36.94459,0
          149.81116,-36.94446,0
          149.81088,-36.94412,0
          149.81061,-36.94357,0
          149.81057,-36.94343,0
          149.81056,-36.94245,0
          149.81077,-36.93991,0
          149.81165,-36.93558,0
          149.81235,-36.93265,0
          149.81227,-36.93264,0
          149.81249,-36.93174,0
          149.81252,-36.93139,0
          149.81241,-36.93087,0
          149.81213,-36.92991,0
          149.81168,-36.92913,0
          149.80858,-36.92489,0
          149.80832,-36.92461,0
          149.80832,-36.9246,0
          149.80782,-36.92424,0
          149.80645,-36.92351,0
          149.806,-36.92315,0
          149.80581,-36.92294,0
          149.80559,-36.92264,0
          149.8054,-36.92232,0
          149.80531,-36.92206,0
          149.80525,-36.92176,0
          149.80522,-36.92135,0
          149.80528,-36.91749,0
          149.8052,-36.91703,0
          149.80512,-36.9168,0
          149.80485,-36.91635,0
          149.80461,-36.9161,0
          149.80427,-36.91582,0
          149.80398,-36.91565,0
          149.8034,-36.91539,0
          149.79274,-36.91257,0
          149.79222,-36.9125,0
          149.79195,-36.91249,0
          149.79061,-36.91258,0
          149.78962,-36.91255,0
          149.78832,-36.91238,0
          149.78806,-36.91238,0
          149.78674,-36.91263,0
          149.78644,-36.91266,0
          149.78617,-36.91264,0
          149.786,-36.91259,0
          149.7858,-36.9125,0
          149.78561,-36.91238,0
          149.78547,-36.91226,0
          149.78538,-36.91214,0
          149.78492,-36.91134,0
          149.78481,-36.91119,0
          149.78461,-36.91102,0
          149.78448,-36.91097,0
          149.78437,-36.91095,0
          149.78417,-36.91095,0
          149.78393,-36.911,0
          149.78373,-36.9111,0
          149.78357,-36.91126,0
          149.78345,-36.91159,0
          149.78313,-36.91281,0
          149.78303,-36.91297,0
          149.7829,-36.91312,0
          149.78253,-36.91338,0
          149.7816,-36.91388,0
          149.78148,-36.91402,0
          149.78141,-36.91418,0
          149.7814,-36.9143,0
          149.78152,-36.91494,0
          149.78152,-36.91503,0
          149.78151,-36.91507,0
          149.78138,-36.91528,0
          149.78121,-36.9154,0
          149.78089,-36.91554,0
          149.78083,-36.91555,0
          149.7801,-36.91582,0
          149.77971,-36.91602,0
          149.77899,-36.91651,0
          149.77878,-36.91661,0
          149.77858,-36.91667,0
          149.77831,-36.91668,0
          149.77761,-36.91655,0
          149.77717,-36.91642,0
          149.77659,-36.9163,0
          149.77626,-36.91632,0
          149.77602,-36.91638,0
          149.77565,-36.91653,0
          149.77538,-36.91677,0
          149.77514,-36.91714,0
          149.77498,-36.91732,0
          149.7739,-36.91803,0
          149.77332,-36.91854,0
          149.77331,-36.91856,0
          149.77313,-36.91869,0
          149.77296,-36.91878,0
          149.77107,-36.9195,0
          149.77088,-36.91964,0
          149.7707,-36.91989,0
          149.77041,-36.92018,0
          149.77035,-36.92026,0
          149.7703,-36.92036,0
          149.77024,-36.92083,0
          149.76998,-36.92107,0
          149.76956,-36.92154,0
          149.76924,-36.92176,0
          149.76876,-36.92197,0
          149.76815,-36.92214,0
          149.76509,-36.92255,0
          149.76474,-36.92265,0
          149.76398,-36.92294,0
          149.76377,-36.92297,0
          149.76345,-36.92296,0
          149.76333,-36.92293,0
          149.76305,-36.92281,0
          149.76242,-36.92241,0
          149.76227,-36.92236,0
          149.76198,-36.92233,0
          149.76184,-36.92234,0
          149.76169,-36.92239,0
          149.76157,-36.92246,0
          149.76102,-36.92291,0
          149.76085,-36.92301,0
          149.76062,-36.92307,0
          149.76034,-36.92307,0
          149.76015,-36.92302,0
          149.75997,-36.9229,0
          149.75976,-36.92268,0
          149.75957,-36.9224,0
          149.75932,-36.92217,0
          149.75905,-36.92202,0
          149.75879,-36.92195,0
          149.75717,-36.92166,0
          149.75689,-36.92165,0
          149.75645,-36.92173,0
          149.75531,-36.92232,0
          149.75483,-36.92245,0
          149.75422,-36.92249,0
          149.75186,-36.9225,0
          149.75075,-36.92242,0
          149.74957,-36.92222,0
          149.74845,-36.9222,0
          149.74794,-36.92226,0
          149.74719,-36.92241,0
          149.74648,-36.92247,0
          149.74578,-36.92246,0
          149.74491,-36.9223,0
          149.7449,-36.92229,0
          149.74383,-36.922,0
          149.74294,-36.92185,0
          149.74222,-36.92183,0
          149.74163,-36.92186,0
          149.74109,-36.92194,0
          149.74045,-36.92213,0
          149.73977,-36.92239,0
          149.73938,-36.9226,0
          149.73932,-36.92262,0
          149.7388,-36.92296,0
          149.73529,-36.92571,0
          149.73431,-36.9263,0
          149.73327,-36.92677,0
          149.73218,-36.92713,0
          149.73055,-36.92746,0
          149.72995,-36.92749,0
          149.72185,-36.92743,0
          149.72109,-36.92751,0
          149.72065,-36.92761,0
          149.72018,-36.92776,0
          149.71974,-36.92795,0
          149.71972,-36.92795,0
          149.71893,-36.92837,0
          149.7185,-36.9287,0
          149.71794,-36.92926,0
          149.71404,-36.93594,0
          149.7137,-36.93641,0
          149.7134,-36.93675,0
          149.71299,-36.93712,0
          149.7122,-36.93772,0
          149.71122,-36.93832,0
          149.71024,-36.93877,0
          149.71003,-36.93884,0
          149.70998,-36.93887,0
          149.70962,-36.93899,0
          149.70167,-36.94084,0
          149.70098,-36.94096,0
          149.70011,-36.94105,0
          149.69895,-36.94106,0
          149.68809,-36.94026,0
          149.68623,-36.94006,0
          149.67744,-36.93879,0
          149.67666,-36.93877,0
          149.67438,-36.93895,0
          149.67321,-36.93889,0
          149.67246,-36.93876,0
          149.67011,-36.93806,0
          149.66931,-36.93775,0
          149.66838,-36.93724,0
          149.66796,-36.93692,0
          149.6675,-36.9365,0
          149.66506,-36.93389,0
          149.66467,-36.93356,0
          149.66427,-36.93328,0
          149.66251,-36.93227,0
          149.66197,-36.9319,0
          149.66142,-36.93142,0
          149.66087,-36.93084,0
          149.65967,-36.92932,0
          149.65908,-36.92877,0
          149.65816,-36.92813,0
          149.65785,-36.92795,0
          149.65684,-36.92748,0
          149.65647,-36.92735,0
          149.65478,-36.92698,0
          149.65387,-36.92691,0
          149.65299,-36.9269,0
          149.65215,-36.92697,0
          149.65101,-36.92717,0
          149.65058,-36.92729,0
          149.64957,-36.92767,0
          149.64767,-36.92863,0
          149.64765,-36.92865,0
          149.64759,-36.92867,0
          149.64701,-36.92899,0
          149.64682,-36.92907,0
          149.64672,-36.92909,0
          149.64651,-36.92909,0
          149.64591,-36.929,0
          149.64562,-36.92892,0
          149.64064,-36.92809,0
          149.63988,-36.92806,0
          149.63747,-36.92831,0
          149.63694,-36.92832,0
          149.63637,-36.92826,0
          149.63567,-36.92811,0
          149.63307,-36.92722,0
          149.63223,-36.927,0
          149.63143,-36.92688,0
          149.62726,-36.92673,0
          149.62576,-36.92658,0
          149.62142,-36.9252,0
          149.62051,-36.92502,0
          149.61865,-36.92485,0
          149.61804,-36.92471,0
          149.61745,-36.92445,0
          149.61682,-36.92402,0
          149.6165,-36.92367,0
          149.61614,-36.92313,0
          149.61518,-36.92137,0
          149.61497,-36.92109,0
          149.61475,-36.92086,0
          149.6144,-36.92057,0
          149.61251,-36.9192,0
          149.61218,-36.91892,0
          149.61187,-36.91856,0
          149.61174,-36.91835,0
          149.6116,-36.91805,0
          149.61154,-36.91776,0
          149.61155,-36.91738,0
          149.6115,-36.91685,0
          149.61154,-36.91665,0
          149.61157,-36.91658,0
          149.61171,-36.91643,0
          149.61291,-36.91589,0
          149.61292,-36.91589,0
          149.61302,-36.91583,0
          149.61325,-36.91561,0
          149.61332,-36.91548,0
          149.61333,-36.91548,0
          149.61339,-36.91534,0
          149.61342,-36.91522,0
          149.61345,-36.91489,0
          149.61336,-36.91441,0
          149.61328,-36.91427,0
          149.61317,-36.91417,0
          149.61297,-36.9141,0
          149.61228,-36.9141,0
          149.61188,-36.91406,0
          149.61161,-36.91398,0
          149.61145,-36.91388,0
          149.61131,-36.91375,0
          149.61119,-36.91357,0
          149.61112,-36.91337,0
          149.61106,-36.91234,0
          149.611,-36.91212,0
          149.61041,-36.9111,0
          149.60942,-36.9098,0
          149.60937,-36.90967,0
          149.60935,-36.90949,0
          149.60937,-36.9094,0
          149.60996,-36.90811,0
          149.6101,-36.90795,0
          149.61065,-36.90761,0
          149.61078,-36.9075,0
          149.61087,-36.9073,0
          149.61081,-36.90712,0
          149.61064,-36.90702,0
          149.61055,-36.90694,0
          149.60945,-36.90646,0
          149.60926,-36.9064,0
          149.60925,-36.90639,0
          149.60859,-36.90615,0
          149.60796,-36.90568,0
          149.60795,-36.90568,0
          149.60785,-36.9056,0
          149.60722,-36.90529,0
          149.60702,-36.90522,0
          149.60658,-36.90517,0
          149.60638,-36.90517,0
          149.60615,-36.90514,0
          149.60592,-36.90507,0
          149.60572,-36.90498,0
          149.60507,-36.90456,0
          149.60425,-36.90414,0
          149.60301,-36.90336,0
          149.60262,-36.90303,0
          149.60255,-36.90292,0
          149.60251,-36.90281,0
          149.60252,-36.90275,0
          149.60257,-36.90263,0
          149.60262,-36.90257,0
          149.60272,-36.90251,0
          149.6028,-36.90248,0
          149.60303,-36.90247,0
          149.60314,-36.90249,0
          149.60398,-36.90285,0
          149.60407,-36.90286,0
          149.60408,-36.90287,0
          149.60429,-36.90289,0
          149.60457,-36.90296,0
          149.60472,-36.90302,0
          149.60513,-36.9031,0
          149.60532,-36.90306,0
          149.60545,-36.90298,0
          149.60571,-36.90267,0
          149.6058,-36.90259,0
          149.60587,-36.90256,0
          149.60595,-36.90255,0
          149.60596,-36.90254,0
          149.606,-36.90255,0
          149.60613,-36.90255,0
          149.60633,-36.9026,0
          149.60636,-36.90262,0
          149.60642,-36.90264,0
          149.60656,-36.90263,0
          149.60664,-36.90264,0
          149.60677,-36.9026,0
          149.60681,-36.90257,0
          149.60687,-36.90249,0
          149.60689,-36.90244,0
          149.60692,-36.90241,0
          149.60697,-36.90228,0
          149.60706,-36.90155,0
          149.60709,-36.90149,0
          149.6072,-36.90139,0
          149.60732,-36.90133,0
          149.60754,-36.90129,0
          149.60788,-36.90118,0
          149.60804,-36.90108,0
          149.60813,-36.90094,0
          149.60815,-36.90086,0
          149.60815,-36.90082,0
          149.60806,-36.90062,0
          149.60723,-36.89966,0
          149.60706,-36.89953,0
          149.60698,-36.8994,0
          149.60697,-36.89936,0
          149.6064,-36.89872,0
          149.60612,-36.89814,0
          149.60612,-36.89813,0
          149.60589,-36.8976,0
          149.60571,-36.89735,0
          149.60543,-36.89704,0
          149.60543,-36.89702,0
          149.6054,-36.89696,0
          149.6054,-36.89688,0
          149.60539,-36.89684,0
          149.60547,-36.89632,0
          149.60543,-36.89575,0
          149.60536,-36.89539,0
          149.60524,-36.89512,0
          149.60514,-36.89503,0
          149.60505,-36.89499,0
          149.60489,-36.89495,0
          149.60433,-36.89492,0
          149.60417,-36.89487,0
          149.60406,-36.8948,0
          149.60398,-36.89472,0
          149.60389,-36.89458,0
          149.60365,-36.89406,0
          149.60358,-36.89397,0
          149.60347,-36.89387,0
          149.60302,-36.89356,0
          149.6029,-36.89331,0
          149.60274,-36.89308,0
          149.60261,-36.89294,0
          149.60261,-36.89293,0
          149.60253,-36.89281,0
          149.60129,-36.89199,0
          149.60128,-36.89199,0
          149.60093,-36.89178,0
          149.60092,-36.89178,0
          149.60072,-36.89167,0
          149.59994,-36.89141,0
          149.59917,-36.89122,0
          149.59887,-36.89123,0
          149.59848,-36.89131,0
          149.59826,-36.8913,0
          149.59808,-36.89125,0
          149.598,-36.8912,0
          149.59794,-36.89114,0
          149.59792,-36.8911,0
          149.59791,-36.8911,0
          149.59788,-36.89105,0
          149.59784,-36.89092,0
          149.59781,-36.89073,0
          149.59784,-36.89059,0
          149.59793,-36.89047,0
          149.59797,-36.89044,0
          149.59818,-36.89035,0
          149.59839,-36.89032,0
          149.59874,-36.8902,0
          149.59886,-36.89012,0
          149.59892,-36.89006,0
          149.59903,-36.88984,0
          149.59919,-36.88942,0
          149.59932,-36.88931,0
          149.59946,-36.88928,0
          149.59954,-36.88928,0
          149.59957,-36.88927,0
          149.60004,-36.88927,0
          149.60022,-36.88923,0
          149.60026,-36.88921,0
          149.60035,-36.88913,0
          149.6004,-36.88906,0
          149.60043,-36.88897,0
          149.60044,-36.88896,0
          149.6005,-36.88854,0
          149.60055,-36.88842,0
          149.60062,-36.88834,0
          149.60063,-36.88834,0
          149.60067,-36.88829,0
          149.60084,-36.88824,0
          149.60096,-36.88823,0
          149.60167,-36.88833,0
          149.60169,-36.88834,0
          149.60195,-36.88836,0
          149.60237,-36.88831,0
          149.60252,-36.88827,0
          149.60252,-36.88826,0
          149.6026,-36.88822,0
          149.6027,-36.88813,0
          149.60299,-36.88769,0
          149.60303,-36.8875,0
          149.60302,-36.88743,0
          149.60299,-36.88736,0
          149.60297,-36.88734,0
          149.60295,-36.88728,0
          149.60287,-36.88716,0
          149.60255,-36.88689,0
          149.60244,-36.88673,0
          149.60242,-36.88635,0
          149.60245,-36.88619,0
          149.60267,-36.88548,0
          149.60278,-36.8854,0
          149.6028,-36.88537,0
          149.60315,-36.88515,0
          149.60316,-36.88515,0
          149.60352,-36.88495,0
          149.60369,-36.88483,0
          149.60395,-36.88455,0
          149.60437,-36.88389,0
          149.60456,-36.88347,0
          149.60421,-36.88342,0
          149.60398,-36.88334,0
          149.60375,-36.88317,0
          149.60338,-36.88272,0
          149.60335,-36.8827,0
          149.60276,-36.8818,0
          149.60227,-36.8813,0
          149.60044,-36.88014,0
          149.60007,-36.88001,0
          149.59954,-36.8799,0
          149.59895,-36.87984,0
          149.59684,-36.87998,0
          149.5961,-36.87976,0
          149.59565,-36.8795,0
          149.59544,-36.87935,0
          149.5952,-36.8791,0
          149.59492,-36.8787,0
          149.59453,-36.87722,0
          149.59408,-36.87673,0
          149.59358,-36.87641,0
          149.59268,-36.87611,0
          149.59105,-36.87594,0
          149.58861,-36.87548,0
          149.58794,-36.87529,0
          149.5873,-36.87498,0
          149.58644,-36.87438,0
          149.58525,-36.87391,0
          149.58129,-36.87253,0
          149.58003,-36.87193,0
          149.57876,-36.87169,0
          149.57816,-36.87162,0
          149.5781,-36.8716,0
          149.57759,-36.87131,0
          149.57708,-36.87081,0
          149.57657,-36.87045,0
          149.57634,-36.8702,0
          149.57625,-36.87005,0
          149.57619,-36.86973,0
          149.57603,-36.86933,0
          149.57586,-36.86913,0
          149.57562,-36.86891,0
          149.57525,-36.86863,0
          149.57498,-36.86849,0
          149.57408,-36.86829,0
          149.57325,-36.8682,0
          149.57294,-36.86808,0
          149.5727,-36.86786,0
          149.57259,-36.86757,0
          149.5726,-36.86732,0
          149.57206,-36.86724,0
          149.57182,-36.86718,0
          149.57136,-36.86701,0
          149.57008,-36.86636,0
          149.56924,-36.86584,0
          149.56855,-36.86564,0
          149.56806,-36.86527,0
          149.56764,-36.86502,0
          149.56731,-36.86476,0
          149.5669,-36.86451,0
          149.56658,-36.8644,0
          149.56631,-36.86434,0
          149.56599,-36.86421,0
          149.56586,-36.86407,0
          149.56566,-36.86371,0
          149.56555,-36.86342,0
          149.56552,-36.86316,0
          149.56543,-36.86288,0
          149.5652,-36.86257,0
          149.56464,-36.86197,0
          149.5645,-36.86159,0
          149.56447,-36.86141,0
          149.56447,-36.86119,0
          149.5647,-36.8603,0
          149.56481,-36.86,0
          149.56482,-36.85975,0
          149.56479,-36.85955,0
          149.56475,-36.85945,0
          149.56467,-36.85935,0
          149.5642,-36.85896,0
          149.56397,-36.85865,0
          149.56392,-36.85836,0
          149.56404,-36.85804,0
          149.56425,-36.85766,0
          149.56476,-36.85698,0
          149.56497,-36.85656,0
          149.565,-36.85643,0
          149.56499,-36.85621,0
          149.56422,-36.85534,0
          149.56374,-36.85491,0
          149.5611,-36.85227,0
          149.56074,-36.85206,0
          149.5607,-36.85205,0
          149.56052,-36.85196,0
          149.56022,-36.85186,0
          149.55982,-36.85184,0
          149.55915,-36.85195,0
          149.5589,-36.85204,0
          149.5587,-36.85207,0
          149.55716,-36.85252,0
          149.55684,-36.85257,0
          149.55572,-36.85246,0
          149.55537,-36.85253,0
          149.55501,-36.85264,0
          149.55482,-36.85276,0
          149.5548,-36.85279,0
          149.55472,-36.85285,0
          149.55409,-36.85349,0
          149.5538,-36.85369,0
          149.55368,-36.85374,0
          149.55342,-36.85377,0
          149.55215,-36.85366,0
          149.5514,-36.85331,0
          149.55139,-36.85331,0
          149.55124,-36.85321,0
          149.5505,-36.85294,0
          149.55004,-36.85283,0
          149.54997,-36.8528,0
          149.54981,-36.8528,0
          149.54954,-36.85285,0
          149.54954,-36.85286,0
          149.54945,-36.85289,0
          149.54938,-36.85293,0
          149.54937,-36.85293,0
          149.54921,-36.85304,0
          149.54804,-36.85418,0
          149.54794,-36.85434,0
          149.54786,-36.85442,0
          149.54775,-36.85457,0
          149.54753,-36.85474,0
          149.54721,-36.85487,0
          149.54713,-36.85488,0
          149.54709,-36.8549,0
          149.54647,-36.85496,0
          149.5459,-36.8549,0
          149.54559,-36.85479,0
          149.54554,-36.85475,0
          149.54541,-36.85455,0
          149.54533,-36.85432,0
          149.54527,-36.85371,0
          149.54526,-36.8537,0
          149.54522,-36.85322,0
          149.5451,-36.85301,0
          149.545,-36.85288,0
          149.545,-36.85287,0
          149.54487,-36.85271,0
          149.54438,-36.85236,0
          149.54396,-36.85213,0
          149.54376,-36.85206,0
          149.5434,-36.85201,0
          149.54338,-36.852,0
          149.54317,-36.85201,0
          149.5423,-36.85217,0
          149.54221,-36.8522,0
          149.54199,-36.85223,0
          149.54169,-36.85222,0
          149.54144,-36.85216,0
          149.54134,-36.85212,0
          149.54105,-36.85194,0
          149.54077,-36.85161,0
          149.54073,-36.85154,0
          149.54054,-36.85134,0
          149.54049,-36.85131,0
          149.53998,-36.85077,0
          149.53981,-36.85063,0
          149.53701,-36.84887,0
          149.53699,-36.84887,0
          149.53664,-36.84875,0
          149.5366,-36.84875,0
          149.53658,-36.84874,0
          149.53581,-36.84871,0
          149.53547,-36.84862,0
          149.53533,-36.84852,0
          149.53519,-36.84837,0
          149.53449,-36.84742,0
          149.53382,-36.84687,0
          149.53324,-36.84663,0
          149.53001,-36.84551,0
          149.53,-36.8455,0
          149.5294,-36.84536,0
          149.52916,-36.84537,0
          149.52835,-36.84566,0
          149.52816,-36.84575,0
          149.5278,-36.84583,0
          149.52767,-36.84588,0
          149.52759,-36.84589,0
          149.52748,-36.84588,0
          149.52747,-36.84587,0
          149.52724,-36.84584,0
          149.52707,-36.84575,0
          149.52706,-36.84575,0
          149.52702,-36.84573,0
          149.52689,-36.84562,0
          149.52689,-36.84561,0
          149.52682,-36.84553,0
          149.52648,-36.84497,0
          149.52648,-36.84496,0
          149.52644,-36.84491,0
          149.5262,-36.84478,0
          149.52481,-36.84438,0
          149.52468,-36.84432,0
          149.52447,-36.84417,0
          149.52436,-36.84406,0
          149.52427,-36.84389,0
          149.52422,-36.84372,0
          149.52421,-36.84357,0
          149.52453,-36.84172,0
          149.5245,-36.84142,0
          149.52445,-36.84119,0
          149.52431,-36.84086,0
          149.5243,-36.84086,0
          149.5241,-36.84054,0
          149.52397,-36.8404,0
          149.52396,-36.84038,0
          149.52369,-36.84015,0
          149.52335,-36.83998,0
          149.52302,-36.83988,0
          149.52267,-36.83983,0
          149.52231,-36.83985,0
          149.52084,-36.84012,0
          149.52031,-36.84011,0
          149.52006,-36.84007,0
          149.51955,-36.83991,0
          149.51811,-36.83932,0
          149.51798,-36.83929,0
          149.51773,-36.83927,0
          149.51769,-36.83928,0
          149.51758,-36.83928,0
          149.51747,-36.83931,0
          149.51744,-36.83931,0
          149.51727,-36.83937,0
          149.51726,-36.83938,0
          149.51716,-36.83942,0
          149.51644,-36.83987,0
          149.5161,-36.84004,0
          149.51557,-36.8402,0
          149.51409,-36.84049,0
          149.5137,-36.84053,0
          149.51345,-36.84052,0
          149.51303,-36.84045,0
          149.51256,-36.84024,0
          149.5124,-36.84013,0
          149.51135,-36.83908,0
          149.51064,-36.83825,0
          149.51052,-36.83814,0
          149.51026,-36.83797,0
          149.51008,-36.83789,0
          149.50974,-36.83788,0
          149.50949,-36.83794,0
          149.50803,-36.83863,0
          149.50781,-36.83871,0
          149.50738,-36.8388,0
          149.50712,-36.83881,0
          149.50607,-36.83874,0
          149.50582,-36.83879,0
          149.50556,-36.83892,0
          149.50546,-36.83899,0
          149.50545,-36.83899,0
          149.50515,-36.83927,0
          149.50395,-36.84064,0
          149.5037,-36.84084,0
          149.50076,-36.84253,0
          149.49992,-36.8429,0
          149.49929,-36.84305,0
          149.49889,-36.8431,0
          149.49809,-36.84313,0
          149.49296,-36.84305,0
          149.49223,-36.84294,0
          149.49148,-36.84274,0
          149.49073,-36.84242,0
          149.48423,-36.83873,0
          149.48421,-36.83873,0
          149.48365,-36.83846,0
          149.48249,-36.83799,0
          149.48075,-36.8375,0
          149.47985,-36.83732,0
          149.4783,-36.83714,0
          149.46978,-36.83721,0
          149.46977,-36.83722,0
          149.4682,-36.83724,0
          149.46798,-36.83722,0
          149.46573,-36.83728,0
          149.46506,-36.83725,0
          149.46484,-36.83728,0
          149.46416,-36.83725,0
          149.46146,-36.83732,0
          149.46146,-36.83731,0
          149.45945,-36.83739,0
          149.45839,-36.83753,0
          149.45774,-36.83768,0
          149.45769,-36.83768,0
          149.45668,-36.83794,0
          149.45607,-36.83817,0
          149.45585,-36.83822,0
          149.45545,-36.83838,0
          149.45543,-36.83838,0
          149.45386,-36.83905,0
          149.45385,-36.83906,0
          149.45306,-36.83938,0
          149.45305,-36.83939,0
          149.44824,-36.84138,0
          149.44735,-36.84161,0
          149.4465,-36.84171,0
          149.44513,-36.84171,0
          149.44188,-36.84131,0
          149.44188,-36.8413,0
          149.44148,-36.84128,0
          149.44064,-36.84133,0
          149.44013,-36.84141,0
          149.43941,-36.84158,0
          149.43941,-36.84159,0
          149.43919,-36.84165,0
          149.43626,-36.84281,0
          149.43567,-36.84298,0
          149.43458,-36.84318,0
          149.43393,-36.84325,0
          149.43295,-36.84326,0
          149.42317,-36.84234,0
          149.42204,-36.8423,0
          149.4028,-36.84352,0
          149.40209,-36.84353,0
          149.40084,-36.84346,0
          149.39675,-36.84303,0
          149.396,-36.84299,0
          149.38532,-36.84375,0
          149.38529,-36.84376,0
          149.38322,-36.84395,0
          149.38322,-36.84389,0
          149.38274,-36.84388,0
          149.38206,-36.84379,0
          149.38132,-36.84359,0
          149.37852,-36.84248,0
          149.37761,-36.84221,0
          149.37705,-36.84212,0
          149.37639,-36.84207,0
          149.37563,-36.84208,0
          149.37504,-36.84215,0
          149.37453,-36.84225,0
          149.37402,-36.8424,0
          149.37353,-36.84259,0
          149.37274,-36.84302,0
          149.37191,-36.84362,0
          149.37185,-36.84359,0
          149.37019,-36.8432,0
          149.36221,-36.83932,0
          149.36193,-36.83921,0
          149.35762,-36.83816,0
          149.35738,-36.83806,0
          149.35706,-36.83788,0
          149.35678,-36.83766,0
          149.35595,-36.8372,0
          149.35559,-36.83704,0
          149.35266,-36.83614,0
          149.35144,-36.83561,0
          149.35001,-36.83508,0
          149.34943,-36.8348,0
          149.34823,-36.83412,0
          149.34789,-36.83398,0
          149.34642,-36.83361,0
          149.34366,-36.83233,0
          149.34274,-36.83183,0
          149.34107,-36.83136,0
          149.34065,-36.83128,0
          149.33925,-36.83119,0
          149.33743,-36.83092,0
          149.33705,-36.8309,0
          149.33675,-36.83092,0
          149.33383,-36.8316,0
          149.33011,-36.83288,0
          149.33009,-36.83288,0
          149.32949,-36.83309,0
          149.32948,-36.8331,0
          149.3268,-36.834,0
          149.3255,-36.83437,0
          149.3238,-36.83477,0
          149.31963,-36.83614,0
          149.31863,-36.83638,0
          149.31544,-36.83668,0
          149.31208,-36.8366,0
          149.30694,-36.83595,0
          149.30646,-36.83592,0
          149.30354,-36.83607,0
          149.3031,-36.83603,0
          149.3026,-36.8359,0
          149.30015,-36.83454,0
          149.29722,-36.83222,0
          149.29717,-36.83216,0
          149.29717,-36.83215,0
          149.29567,-36.83037,0
          149.29497,-36.82972,0
          149.29497,-36.82971,0
          149.29447,-36.82931,0
          149.29446,-36.82931,0
          149.2943,-36.82919,0
          149.2943,-36.82918,0
          149.29409,-36.82898,0
          149.29396,-36.82877,0
          149.29396,-36.82876,0
          149.29387,-36.82858,0
          149.29299,-36.8262,0
          149.29287,-36.82595,0
          149.29201,-36.82479,0
          149.2912,-36.82352,0
          149.29091,-36.82316,0
          149.28602,-36.81832,0
          149.2845,-36.81711,0
          149.28377,-36.81681,0
          149.28374,-36.81678,0
          149.28368,-36.81664,0
          149.28366,-36.81629,0
          149.2836,-36.81612,0
          149.28353,-36.81601,0
          149.28327,-36.81608,0
          149.28297,-36.81621,0
          149.28144,-36.81324,0
          149.28135,-36.81314,0
          149.28103,-36.81253,0
          149.28085,-36.81206,0
          149.28077,-36.81174,0
          149.28071,-36.81116,0
          149.28072,-36.81077,0
          149.28078,-36.8106,0
          149.28088,-36.8097,0
          149.28088,-36.80928,0
          149.28079,-36.8086,0
          149.28016,-36.80628,0
          149.28015,-36.80628,0
          149.28,-36.80565,0
          149.27998,-36.80538,0
          149.28004,-36.80485,0
          149.28034,-36.80374,0
          149.28036,-36.80358,0
          149.28085,-36.80172,0
          149.28093,-36.80152,0
          149.28113,-36.80117,0
          149.2816,-36.80051,0
          149.28167,-36.80045,0
          149.28256,-36.7992,0
          149.28275,-36.79881,0
          149.28286,-36.79834,0
          149.28288,-36.79814,0
          149.28281,-36.79735,0
          149.2828,-36.79733,0
          149.28214,-36.79287,0
          149.2819,-36.79222,0
          149.28166,-36.79179,0
          149.28123,-36.79119,0
          149.28102,-36.79098,0
          149.27735,-36.788,0
          149.27697,-36.78765,0
          149.27697,-36.78764,0
          149.27578,-36.78636,0
          149.27482,-36.78549,0
          149.27333,-36.78445,0
          149.27052,-36.78295,0
          149.26995,-36.78258,0
          149.26939,-36.78213,0
          149.26865,-36.78138,0
          149.26799,-36.78045,0
          149.26772,-36.77991,0
          149.26749,-36.77929,0
          149.26588,-36.77354,0
          149.26574,-36.77318,0
          149.26559,-36.77289,0
          149.26115,-36.76576,0
          149.26092,-36.76528,0
          149.26063,-36.76451,0
          149.25999,-36.76247,0
          149.25998,-36.76246,0
          149.25992,-36.7623,0
          149.25971,-36.76192,0
          149.25936,-36.76141,0
          149.25906,-36.76106,0
          149.25801,-36.76004,0
          149.25764,-36.75959,0
          149.25746,-36.75931,0
          149.25721,-36.75881,0
          149.25712,-36.75856,0
          149.25698,-36.75793,0
          149.25695,-36.75745,0
          149.25698,-36.75707,0
          149.25711,-36.75649,0
          149.25724,-36.75614,0
          149.25742,-36.75579,0
          149.25805,-36.75478,0
          149.25728,-36.75445,0
          149.25667,-36.75424,0
          149.256,-36.75411,0
          149.25531,-36.7541,0
          149.25253,-36.75443,0
          149.25205,-36.75445,0
          149.2511,-36.75439,0
          149.25109,-36.75438,0
          149.2503,-36.75425,0
          149.24937,-36.75396,0
          149.24863,-36.75363,0
          149.24782,-36.75309,0
          149.24167,-36.74783,0
          149.24111,-36.7474,0
          149.24029,-36.74687,0
          149.23947,-36.74644,0
          149.23549,-36.74465,0
          149.23354,-36.74365,0
          149.22995,-36.74156,0
          149.22651,-36.74006,0
          149.22608,-36.73981,0
          149.22571,-36.73949,0
          149.22543,-36.73909,0
          149.22326,-36.73511,0
          149.22297,-36.73472,0
          149.20824,-36.72189,0
          149.20823,-36.72189,0
          149.20786,-36.72159,0
          149.20224,-36.71891,0
          149.20187,-36.71879,0
          149.19996,-36.71852,0
          149.19854,-36.7182,0
          149.19643,-36.7175,0
          149.19587,-36.7172,0
          149.19321,-36.71519,0
          149.18527,-36.70777,0
          149.18502,-36.70747,0
          149.1841,-36.70618,0
          149.18382,-36.70584,0
          149.18364,-36.70567,0
          149.18222,-36.70469,0
          149.1803,-36.70377,0
          149.17928,-36.70313,0
          149.17927,-36.70313,0
          149.17888,-36.70294,0
          149.17884,-36.70293,0
          149.17813,-36.70256,0
          149.17616,-36.70121,0
          149.17585,-36.70107,0
          149.17514,-36.70086,0
          149.17449,-36.70073,0
          149.17388,-36.70053,0
          149.17342,-36.70028,0
          149.17286,-36.69979,0
          149.17189,-36.6988,0
          149.17177,-36.69864,0
          149.17177,-36.69863,0
          149.17153,-36.69824,0
          149.1714,-36.6981,0
          149.17115,-36.69796,0
          149.1664,-36.69592,0
          149.16639,-36.69591,0
          149.16435,-36.69499,0
          149.16391,-36.69471,0
          149.16204,-36.6932,0
          149.1618,-36.69297,0
          149.1607,-36.69154,0
          149.16036,-36.69122,0
          149.15999,-36.69093,0
          149.15993,-36.6909,0
          149.1598,-36.6908,0
          149.15775,-36.68971,0
          149.15706,-36.68925,0
          149.15159,-36.68498,0
          149.15095,-36.6844,0
          149.15059,-36.68401,0
          149.1495,-36.68255,0
          149.1493,-36.68219,0
          149.14916,-36.68179,0
          149.14872,-36.67967,0
          149.14864,-36.67949,0
          149.14864,-36.67948,0
          149.14853,-36.67929,0
          149.1484,-36.67912,0
          149.14815,-36.67889,0
          149.14583,-36.6772,0
          149.14562,-36.67695,0
          149.1455,-36.67672,0
          149.14549,-36.67672,0
          149.14455,-36.6747,0
          149.14455,-36.67468,0
          149.14311,-36.67148,0
          149.14299,-36.67113,0
          149.14298,-36.67113,0
          149.14224,-36.66878,0
          149.14207,-36.66847,0
          149.14181,-36.66813,0
          149.14163,-36.66794,0
          149.14117,-36.66757,0
          149.13839,-36.66607,0
          149.13794,-36.66577,0
          149.1375,-36.6654,0
          149.13606,-36.66403,0
          149.13578,-36.66369,0
          149.13566,-36.6635,0
          149.13563,-36.66347,0
          149.13553,-36.66331,0
          149.13532,-36.66284,0
          149.13518,-36.66233,0
          149.13518,-36.66229,0
          149.13517,-36.66226,0
          149.13486,-36.65885,0
          149.13473,-36.65837,0
          149.13446,-36.65784,0
          149.13421,-36.65752,0
          149.13398,-36.65728,0
          149.13351,-36.65687,0
          149.13294,-36.65652,0
          149.13196,-36.65617,0
          149.12917,-36.65553,0
          149.12782,-36.65502,0
          149.12587,-36.65397,0
          149.1255,-36.6537,0
          149.1253,-36.6535,0
          149.12459,-36.65248,0
          149.12422,-36.65214,0
          149.1238,-36.65191,0
          149.11539,-36.64882,0
          149.11538,-36.64881,0
          149.11502,-36.64873,0
          149.11468,-36.64874,0
          149.11437,-36.64882,0
          149.11418,-36.64891,0
          149.11324,-36.64961,0
          149.11304,-36.64969,0
          149.11273,-36.64975,0
          149.1124,-36.64973,0
          149.11215,-36.64966,0
          149.11185,-36.6495,0
          149.11158,-36.64922,0
          149.10959,-36.64576,0
          149.10952,-36.6455,0
          149.10959,-36.64506,0
          149.10966,-36.64488,0
          149.10971,-36.6448,0
          149.10987,-36.64464,0
          149.11026,-36.64436,0
          149.11026,-36.64435,0
          149.1104,-36.64422,0
          149.11061,-36.64393,0
          149.111,-36.64328,0
          149.111,-36.64326,0
          149.11107,-36.64303,0
          149.11111,-36.64229,0
          149.11117,-36.64201,0
          149.11154,-36.64088,0
          149.1116,-36.6406,0
          149.1116,-36.64034,0
          149.11014,-36.63399,0
          149.11014,-36.63375,0
          149.11018,-36.6335,0
          149.11036,-36.63314,0
          149.11046,-36.63299,0
          149.11082,-36.63265,0
          149.11132,-36.63227,0
          149.11171,-36.63192,0
          149.11195,-36.63156,0
          149.11222,-36.63085,0
          149.11251,-36.62947,0
          149.1125,-36.6292,0
          149.11244,-36.62896,0
          149.11232,-36.62872,0
          149.11137,-36.62773,0
          149.11099,-36.6271,0
          149.11069,-36.62635,0
          149.11052,-36.62602,0
          149.11017,-36.62561,0
          149.10991,-36.62542,0
          149.10968,-36.6253,0
          149.10695,-36.62441,0
          149.10531,-36.62366,0
          149.10495,-36.6234,0
          149.10484,-36.62329,0
          149.10398,-36.62221,0
          149.10376,-36.62179,0
          149.10355,-36.62089,0
          149.1035,-36.62075,0
          149.10349,-36.62066,0
          149.10335,-36.62027,0
          149.10323,-36.62012,0
          149.10312,-36.62004,0
          149.10169,-36.61941,0
          149.10144,-36.61933,0
          149.10113,-36.61928,0
          149.10084,-36.61927,0
          149.10049,-36.61931,0
          149.09907,-36.6196,0
          149.09701,-36.6203,0
          149.09602,-36.62082,0
          149.09555,-36.62096,0
          149.09514,-36.621,0
          149.09306,-36.62101,0
          149.09194,-36.62087,0
          149.09009,-36.62073,0
          149.08969,-36.62067,0
          149.08949,-36.62061,0
          149.08741,-36.61961,0
          149.08714,-36.61954,0
          149.08687,-36.61951,0
          149.08658,-36.61953,0
          149.0863,-36.61961,0
          149.08574,-36.61984,0
          149.08549,-36.61988,0
          149.08504,-36.61985,0
          149.08453,-36.61977,0
          149.08256,-36.61985,0
          149.08222,-36.61981,0
          149.08179,-36.61963,0
          149.08151,-36.61941,0
          149.08074,-36.61862,0
          149.08042,-36.61835,0
          149.07996,-36.61804,0
          149.07534,-36.61531,0
          149.07513,-36.61514,0
          149.07496,-36.61496,0
          149.07472,-36.61462,0
          149.07472,-36.61461,0
          149.07355,-36.61267,0
          149.07352,-36.61264,0
          149.07042,-36.60788,0
          149.07017,-36.60744,0
          149.06966,-36.60606,0
          149.06656,-36.59919,0
          149.06626,-36.59879,0
          149.0649,-36.59759,0
          149.06442,-36.59722,0
          149.06424,-36.59711,0
          149.06386,-36.59693,0
          149.06313,-36.59673,0
          149.06278,-36.59668,0
          149.06044,-36.59667,0
          149.05995,-36.59657,0
          149.05951,-36.59644,0
          149.05585,-36.59434,0
          149.05584,-36.59434,0
          149.05447,-36.59354,0
          149.05203,-36.59185,0
          149.05202,-36.59185,0
          149.0502,-36.59056,0
          149.04852,-36.58896,0
          149.04817,-36.58854,0
          149.04798,-36.58821,0
          149.04464,-36.58135,0
          149.04346,-36.57963,0
          149.04306,-36.57913,0
          149.04009,-36.57594,0
          149.03964,-36.57551,0
          149.03412,-36.57157,0
          149.0322,-36.5705,0
          149.03004,-36.56956,0
          149.02568,-36.56804,0
          149.02446,-36.56752,0
          149.02198,-36.56624,0
          149.02127,-36.56581,0
          149.0204,-36.56513,0
          149.019,-36.56374,0
          149.01495,-36.56064,0
          149.01425,-36.56022,0
          149.01424,-36.56022,0
          149.01162,-36.55875,0
          149.01124,-36.5585,0
          149.01073,-36.55804,0
          149.0087,-36.55568,0
          149.0087,-36.55567,0
          149.00613,-36.55278,0
          149.00572,-36.55247,0
          149.00446,-36.55176,0
          149.00404,-36.5514,0
          149.00378,-36.55109,0
          149.00326,-36.5503,0
          149.00325,-36.55027,0
          149.00189,-36.54814,0
          149.00108,-36.54721,0
          149.00085,-36.54702,0
          148.99887,-36.54591,0
          148.99886,-36.54591,0
          148.99702,-36.54489,0
          148.997,-36.54487,0
          148.99447,-36.54349,0
          148.99284,-36.54283,0
          148.99206,-36.54261,0
          148.98755,-36.54191,0
          148.98668,-36.54172,0
          148.9862,-36.54154,0
          148.98381,-36.54018,0
          148.98347,-36.53991,0
          148.98253,-36.53888,0
          148.98219,-36.53842,0
          148.98163,-36.53723,0
          148.98123,-36.53659,0
          148.97999,-36.53513,0
          148.97935,-36.53457,0
          148.97688,-36.53311,0
          148.9763,-36.53286,0
          148.97578,-36.53268,0
          148.97514,-36.53253,0
          148.96476,-36.53098,0
          148.96398,-36.53082,0
          148.96334,-36.5306,0
          148.96297,-36.53039,0
          148.96244,-36.52998,0
          148.96209,-36.52956,0
          148.96167,-36.52893,0
          148.96075,-36.52729,0
          148.96075,-36.52728,0
          148.95929,-36.52456,0
          148.95902,-36.52426,0
          148.95885,-36.52411,0
          148.95727,-36.52305,0
          148.95726,-36.52305,0
          148.95534,-36.52182,0
          148.95496,-36.52164,0
          148.95328,-36.52109,0
          148.9531,-36.521,0
          148.9531,-36.52099,0
          148.95212,-36.52042,0
          148.95169,-36.52023,0
          148.95038,-36.51983,0
          148.95036,-36.51983,0
          148.94548,-36.5184,0
          148.94515,-36.51826,0
          148.94375,-36.5179,0
          148.94321,-36.51771,0
          148.94201,-36.5174,0
          148.94154,-36.51734,0
          148.94036,-36.51703,0
          148.93852,-36.51642,0
          148.93793,-36.51613,0
          148.93739,-36.51581,0
          148.93739,-36.5158,0
          148.93568,-36.51465,0
          148.93532,-36.51449,0
          148.93302,-36.51376,0
          148.93226,-36.51346,0
          148.93201,-36.51333,0
          148.93149,-36.51298,0
          148.93118,-36.51273,0
          148.93093,-36.51248,0
          148.93028,-36.51167,0
          148.9292,-36.51008,0
          148.92872,-36.50951,0
          148.92858,-36.50938,0
          148.92858,-36.50937,0
          148.92819,-36.50906,0
          148.92703,-36.50836,0
          148.92702,-36.50836,0
          148.92377,-36.50647,0
          148.92376,-36.50647,0
          148.92286,-36.50597,0
          148.92234,-36.50576,0
          148.9217,-36.50557,0
          148.91636,-36.50428,0
          148.91523,-36.50381,0
          148.91286,-36.50269,0
          148.91285,-36.50269,0
          148.91091,-36.50183,0
          148.91049,-36.50169,0
          148.90992,-36.50156,0
          148.90598,-36.50101,0
          148.90554,-36.50098,0
          148.90499,-36.50099,0
          148.9041,-36.5011,0
          148.90335,-36.5013,0
          148.89987,-36.50281,0
          148.8991,-36.50309,0
          148.89823,-36.50328,0
          148.88659,-36.50517,0
          148.88565,-36.50517,0
          148.87912,-36.5047,0
          148.87551,-36.50457,0
          148.87516,-36.50453,0
          148.87431,-36.50436,0
          148.87383,-36.5042,0
          148.86614,-36.50065,0
          148.86583,-36.50047,0
          148.86475,-36.49966,0
          148.86445,-36.49947,0
          148.86365,-36.49913,0
          148.86275,-36.49895,0
          148.85969,-36.49866,0
          148.85846,-36.49861,0
          148.8579,-36.49866,0
          148.85502,-36.49928,0
          148.85442,-36.49934,0
          148.85384,-36.49935,0
          148.85351,-36.49932,0
          148.8532,-36.49926,0
          148.85143,-36.49863,0
          148.8512,-36.49858,0
          148.85098,-36.49856,0
          148.84769,-36.49871,0
          148.84724,-36.49879,0
          148.83994,-36.50104,0
          148.83758,-36.50199,0
          148.83721,-36.50208,0
          148.83465,-36.50227,0
          148.83463,-36.50258,0
          148.83423,-36.50442,0
          148.83421,-36.50444,0
          148.83415,-36.50446,0
          148.83412,-36.50448,0
          148.83374,-36.50452,0
          148.83364,-36.50451,0
          148.83049,-36.50468,0
          148.83048,-36.50469,0
          148.82947,-36.50476,0
          148.82896,-36.50475,0
          148.82857,-36.50455,0
          148.82712,-36.50412,0
          148.82609,-36.5037,0
          148.82382,-36.50264,0
          148.82331,-36.50245,0
          148.8231,-36.5024,0
          148.82309,-36.50239,0
          148.81672,-36.50147,0
          148.8161,-36.50145,0
          148.81555,-36.5015,0
          148.80862,-36.50271,0
          148.80715,-36.50305,0
          148.80496,-36.50375,0
          148.80457,-36.50383,0
          148.80186,-36.5041,0
          148.80148,-36.50417,0
          148.80093,-36.50435,0
          148.79706,-36.50605,0
          148.79612,-36.50641,0
          148.79078,-36.5077,0
          148.79029,-36.50789,0
          148.78967,-36.50825,0
          148.7786,-36.51697,0
          148.77778,-36.51745,0
          148.77726,-36.51766,0
          148.77478,-36.51835,0
          148.77006,-36.5203,0
          148.77005,-36.52031,0
          148.76607,-36.52194,0
          148.76606,-36.52195,0
          148.76544,-36.52219,0
          148.76213,-36.52316,0
          148.76128,-36.52346,0
          148.76105,-36.52358,0
          148.76104,-36.52358,0
          148.76056,-36.52391,0
          148.76016,-36.52426,0
          148.75992,-36.52454,0
          148.75867,-36.52656,0
          148.75822,-36.52713,0
          148.75774,-36.52762,0
          148.75735,-36.52796,0
          148.75672,-36.52843,0
          148.75553,-36.52911,0
          148.75505,-36.52931,0
          148.75212,-36.53019,0
          148.75168,-36.53036,0
          148.75167,-36.53037,0
          148.75128,-36.53054,0
          148.75092,-36.53074,0
          148.75091,-36.53074,0
          148.74856,-36.53211,0
          148.74855,-36.53211,0
          148.74839,-36.53221,0
          148.74837,-36.53221,0
          148.74672,-36.53313,0
          148.74672,-36.53314,0
          148.74344,-36.53487,0
          148.7427,-36.53514,0
          148.74232,-36.53524,0
          148.74108,-36.53544,0
          148.74036,-36.53545,0
          148.73868,-36.53523,0
          148.73735,-36.53498,0
          148.737,-36.53488,0
          148.7351,-36.53456,0
          148.73252,-36.53426,0
          148.73136,-36.53433,0
          148.73107,-36.53441,0
          148.73057,-36.5346,0
          148.73008,-36.53484,0
          148.72983,-36.53501,0
          148.72925,-36.53554,0
          148.72914,-36.53569,0
          148.72913,-36.53569,0
          148.72894,-36.53601,0
          148.72879,-36.53634,0
          148.72878,-36.53635,0
          148.72862,-36.53688,0
          148.72787,-36.54037,0
          148.7277,-36.54086,0
          148.72763,-36.54098,0
          148.72736,-36.54132,0
          148.72709,-36.54156,0
          148.72665,-36.54183,0
          148.72626,-36.54199,0
          148.72625,-36.542,0
          148.7261,-36.54205,0
          148.72568,-36.54213,0
          148.72505,-36.54218,0
          148.72485,-36.54217,0
          148.72444,-36.54209,0
          148.72412,-36.54197,0
          148.72253,-36.54121,0
          148.72161,-36.5409,0
          148.72088,-36.5408,0
          148.72014,-36.54079,0
          148.71165,-36.54128,0
          148.71068,-36.54127,0
          148.70495,-36.54057,0
          148.70437,-36.54043,0
          148.7039,-36.54025,0
          148.70327,-36.53991,0
          148.70301,-36.53973,0
          148.70234,-36.53907,0
          148.70216,-36.53883,0
          148.70205,-36.53854,0
          148.70204,-36.53844,0
          148.70223,-36.53742,0
          148.70222,-36.53701,0
          148.70217,-36.53688,0
          148.70207,-36.53675,0
          148.70178,-36.53649,0
          148.70153,-36.53631,0
          148.70115,-36.53611,0
          148.70075,-36.53605,0
          148.70055,-36.53607,0
          148.69739,-36.53732,0
          148.69713,-36.53735,0
          148.69696,-36.53732,0
          148.69674,-36.53725,0
          148.69651,-36.53713,0
          148.69566,-36.53645,0
          148.69548,-36.53626,0
          148.69542,-36.53616,0
          148.69537,-36.53599,0
          148.69537,-36.53587,0
          148.6954,-36.53571,0
          148.69554,-36.53544,0
          148.6957,-36.53521,0
          148.69576,-36.53507,0
          148.6958,-36.53483,0
          148.69578,-36.53469,0
          148.69573,-36.53456,0
          148.69554,-36.53423,0
          148.69546,-36.53415,0
          148.69525,-36.53404,0
          148.69434,-36.53369,0
          148.69414,-36.53356,0
          148.69402,-36.53344,0
          148.69361,-36.53292,0
          148.69352,-36.53275,0
          148.69345,-36.53254,0
          148.69344,-36.53241,0
          148.69345,-36.53229,0
          148.69352,-36.53208,0
          148.69409,-36.53123,0
          148.696,-36.52872,0
          148.69632,-36.5284,0
          148.69658,-36.5282,0
          148.6982,-36.52718,0
          148.69841,-36.52701,0
          148.69851,-36.52689,0
          148.69863,-36.52665,0
          148.69867,-36.52653,0
          148.69868,-36.52652,0
          148.69922,-36.52429,0
          148.69922,-36.52423,0
          148.69923,-36.52421,0
          148.69916,-36.52266,0
          148.69918,-36.52189,0
          148.69934,-36.52084,0
          148.69933,-36.52082,0
          148.69927,-36.52049,0
          148.69915,-36.52027,0
          148.69904,-36.52015,0
          148.69872,-36.51993,0
          148.69832,-36.51981,0
          148.69774,-36.51977,0
          148.69154,-36.51983,0
          148.69086,-36.51972,0
          148.69052,-36.51962,0
          148.6901,-36.51945,0
          148.68983,-36.5193,0
          148.68935,-36.51892,0
          148.6891,-36.51866,0
          148.68909,-36.51864,0
          148.68904,-36.51859,0
          148.68868,-36.51803,0
          148.68827,-36.51729,0
          148.68812,-36.51686,0
          148.68791,-36.51542,0
          148.68775,-36.5149,0
          148.68751,-36.5144,0
          148.6867,-36.51306,0
          148.68596,-36.51219,0
          148.68553,-36.51179,0
          148.6853,-36.51163,0
          148.68494,-36.51143,0
          148.68455,-36.51126,0
          148.68454,-36.51125,0
          148.68412,-36.5111,0
          148.67773,-36.50949,0
          148.6768,-36.50912,0
          148.6762,-36.50881,0
          148.67581,-36.50856,0
          148.67375,-36.50702,0
          148.67367,-36.50698,0
          148.67228,-36.50595,0
          148.67217,-36.50582,0
          148.67215,-36.50578,0
          148.67212,-36.50575,0
          148.67073,-36.50336,0
          148.67061,-36.50307,0
          148.67057,-36.50292,0
          148.67057,-36.50288,0
          148.67055,-36.50281,0
          148.67053,-36.50255,0
          148.67054,-36.5024,0
          148.67089,-36.50121,0
          148.67122,-36.4996,0
          148.67131,-36.49891,0
          148.67134,-36.49884,0
          148.67145,-36.49803,0
          148.67145,-36.49776,0
          148.67142,-36.49759,0
          148.67073,-36.49558,0
          148.67055,-36.49518,0
          148.67035,-36.49493,0
          148.66967,-36.49422,0
          148.66946,-36.49405,0
          148.66913,-36.49387,0
          148.66842,-36.49367,0
          148.66759,-36.49336,0
          148.66576,-36.49235,0
          148.6657,-36.49228,0
          148.66561,-36.49221,0
          148.66498,-36.49156,0
          148.66466,-36.49114,0
          148.66434,-36.49085,0
          148.66388,-36.49053,0
          148.66387,-36.49053,0
          148.66371,-36.49041,0
          148.6637,-36.49041,0
          148.66267,-36.48973,0
          148.66266,-36.48973,0
          148.66208,-36.48934,0
          148.65975,-36.48835,0
          148.65794,-36.48797,0
          148.65776,-36.48791,0
          148.65689,-36.48747,0
          148.65471,-36.48575,0
          148.65356,-36.48498,0
          148.65325,-36.48481,0
          148.65296,-36.4847,0
          148.65185,-36.48438,0
          148.65118,-36.48411,0
          148.65101,-36.48399,0
          148.64909,-36.48223,0
          148.64896,-36.48199,0
          148.64857,-36.48149,0
          148.64837,-36.48113,0
          148.64831,-36.48097,0
          148.6483,-36.48096,0
          148.64809,-36.48021,0
          148.64808,-36.48009,0
          148.64807,-36.48007,0
          148.64809,-36.47917,0
          148.64847,-36.47486,0
          148.6484,-36.47383,0
          148.64818,-36.47301,0
          148.64739,-36.47094,0
          148.64725,-36.47065,0
          148.64707,-36.47039,0
          148.6468,-36.47007,0
          148.64628,-36.46962,0
          148.64594,-36.46941,0
          148.64542,-36.46916,0
          148.64473,-36.46895,0
          148.64432,-36.46887,0
          148.64431,-36.46886,0
          148.64172,-36.46842,0
          148.64045,-36.46842,0
          148.64011,-36.46846,0
          148.6383,-36.46891,0
          148.63761,-36.46903,0
          148.63646,-36.46912,0
          148.63562,-36.46908,0
          148.63495,-36.469,0
          148.63494,-36.46899,0
          148.63458,-36.46892,0
          148.63424,-36.4688,0
          148.6339,-36.46864,0
          148.6335,-36.46838,0
          148.63252,-36.46741,0
          148.63175,-36.46653,0
          148.63174,-36.46653,0
          148.63112,-36.46569,0
          148.62935,-36.46356,0
          148.62677,-36.46088,0
          148.62622,-36.46021,0
          148.6257,-36.45947,0
          148.62552,-36.45912,0
          148.62418,-36.45736,0
          148.6232,-36.45642,0
          148.61948,-36.45365,0
          148.61887,-36.45327,0
          148.61839,-36.45303,0
          148.6178,-36.45279,0
          148.61778,-36.45279,0
          148.6174,-36.45267,0
          148.61471,-36.45212,0
          148.61384,-36.45203,0
          148.61384,-36.45204,0
          148.61375,-36.45204,0
          148.61374,-36.45203,0
          148.61372,-36.45203,0
          148.61371,-36.45202,0
          148.6137,-36.45202,0
          148.61369,-36.45201,0
          148.61368,-36.45201,0
          148.61368,-36.452,0
          148.61367,-36.452,0
          148.61364,-36.45196,0
          148.61316,-36.45184,0
          148.61314,-36.45182,0
          148.61118,-36.45145,0
          148.61033,-36.45136,0
          148.61024,-36.45133,0
          148.61012,-36.45091,0
          148.60961,-36.44956,0
          148.60959,-36.44945,0
          148.60955,-36.44935,0
          148.60925,-36.44741,0
          148.60907,-36.44706,0
          148.60896,-36.44693,0
          148.60853,-36.44658,0
          148.6081,-36.44633,0
          148.6068,-36.44578,0
          148.60655,-36.44558,0
          148.60627,-36.44525,0
          148.60613,-36.44496,0
          148.60613,-36.44495,0
          148.60608,-36.44485,0
          148.60592,-36.44425,0
          148.60574,-36.44269,0
          148.60566,-36.44144,0
          148.60567,-36.44142,0
          148.60664,-36.43646,0
          148.60677,-36.43604,0
          148.60836,-36.43308,0
          148.60839,-36.43294,0
          148.60864,-36.43248,0
          148.60873,-36.43237,0
          148.60968,-36.43062,0
          148.60987,-36.43013,0
          148.60991,-36.42979,0
          148.60991,-36.42959,0
          148.60987,-36.42931,0
          148.60972,-36.42887,0
          148.60907,-36.42736,0
          148.60898,-36.42707,0
          148.6089,-36.42658,0
          148.60902,-36.42514,0
          148.60903,-36.42511,0
          148.60902,-36.42502,0
          148.60907,-36.4246,0
          148.60915,-36.42428,0
          148.60934,-36.4238,0
          148.60982,-36.42293,0
          148.61001,-36.42243,0
          148.61024,-36.42145,0
          148.61033,-36.42066,0
          148.61038,-36.41906,0
          148.61047,-36.41856,0
          148.61044,-36.41843,0
          148.61055,-36.41801,0
          148.61117,-36.41688,0
          148.61122,-36.41674,0
          148.61128,-36.41639,0
          148.61127,-36.41611,0
          148.61105,-36.41502,0
          148.61099,-36.41497,0
          148.61089,-36.41484,0
          148.61086,-36.41484,0
          148.61073,-36.41477,0
          148.61017,-36.41476,0
          148.60947,-36.4148,0
          148.60938,-36.41479,0
          148.60918,-36.4148,0
          148.60858,-36.41471,0
          148.60746,-36.41437,0
          148.60423,-36.4126,0
          148.60366,-36.4124,0
          148.60304,-36.41227,0
          148.60226,-36.41224,0
          148.60173,-36.41229,0
          148.60088,-36.41248,0
          148.6003,-36.41272,0
          148.59864,-36.41369,0
          148.59822,-36.41389,0
          148.59795,-36.41398,0
          148.59744,-36.41406,0
          148.59709,-36.41407,0
          148.59663,-36.41403,0
          148.59586,-36.4138,0
          148.59545,-36.41356,0
          148.5952,-36.41331,0
          148.59519,-36.41331,0
          148.59506,-36.41316,0
          148.59506,-36.41315,0
          148.59487,-36.41287,0
          148.59478,-36.41267,0
          148.59466,-36.41225,0
          148.59468,-36.41182,0
          148.5947,-36.41174,0
          148.5947,-36.41164,0
          148.59481,-36.41134,0
          148.59491,-36.41123,0
          148.59507,-36.41093,0
          148.59515,-36.41082,0
          148.59509,-36.41059,0
          148.59499,-36.41044,0
          148.5945,-36.41021,0
          148.59422,-36.41012,0
          148.59378,-36.41008,0
          148.59345,-36.41009,0
          148.58905,-36.41118,0
          148.58864,-36.41138,0
          148.58824,-36.4117,0
          148.58813,-36.41184,0
          148.58793,-36.41217,0
          148.58785,-36.41237,0
          148.58735,-36.41334,0
          148.58682,-36.41463,0
          148.58671,-36.41505,0
          148.5866,-36.41535,0
          148.58648,-36.41557,0
          148.58633,-36.41576,0
          148.58631,-36.41577,0
          148.58623,-36.41585,0
          148.58602,-36.41598,0
          148.58582,-36.41607,0
          148.58551,-36.41617,0
          148.58516,-36.41622,0
          148.5843,-36.41622,0
          148.58368,-36.4163,0
          148.58347,-36.41636,0
          148.58322,-36.41651,0
          148.58293,-36.41678,0
          148.5827,-36.41707,0
          148.5827,-36.41708,0
          148.58203,-36.41782,0
          148.5818,-36.418,0
          148.58109,-36.41846,0
          148.58044,-36.41878,0
          148.58002,-36.41892,0
          148.57812,-36.41924,0
          148.5776,-36.41939,0
          148.57629,-36.42006,0
          148.57584,-36.4202,0
          148.57375,-36.42049,0
          148.57346,-36.42058,0
          148.57343,-36.4206,0
          148.57322,-36.42067,0
          148.57282,-36.42086,0
          148.57229,-36.42119,0
          148.57181,-36.42156,0
          148.57154,-36.42183,0
          148.57154,-36.42184,0
          148.57142,-36.42198,0
          148.57141,-36.42198,0
          148.57102,-36.42254,0
          148.57089,-36.42277,0
          148.57053,-36.4232,0
          148.57035,-36.42336,0
          148.56817,-36.42493,0
          148.56717,-36.42553,0
          148.56613,-36.42603,0
          148.56456,-36.42698,0
          148.56282,-36.42826,0
          148.5626,-36.42838,0
          148.56079,-36.42917,0
          148.56019,-36.42951,0
          148.55945,-36.43007,0
          148.55904,-36.43032,0
          148.55861,-36.43053,0
          148.55828,-36.43064,0
          148.55427,-36.43157,0
          148.54706,-36.43383,0
          148.54653,-36.43405,0
          148.54621,-36.43423,0
          148.54591,-36.43444,0
          148.54408,-36.43605,0
          148.54388,-36.43619,0
          148.54343,-36.43642,0
          148.54299,-36.43656,0
          148.53915,-36.43732,0
          148.53872,-36.43745,0
          148.5384,-36.43762,0
          148.5382,-36.43768,0
          148.53712,-36.43819,0
          148.53687,-36.43827,0
          148.53665,-36.43831,0
          148.53607,-36.43831,0
          148.53554,-36.43819,0
          148.53526,-36.43807,0
          148.53507,-36.43796,0
          148.53348,-36.43658,0
          148.53328,-36.43644,0
          148.53277,-36.43617,0
          148.53047,-36.43538,0
          148.53017,-36.43534,0
          148.5298,-36.43535,0
          148.52948,-36.43542,0
          148.52913,-36.43559,0
          148.52583,-36.43853,0
          148.52564,-36.43867,0
          148.52538,-36.43882,0
          148.52494,-36.43899,0
          148.5249,-36.43898,0
          148.52192,-36.4391,0
          148.52181,-36.43909,0
          148.51997,-36.43925,0
          148.51901,-36.43945,0
          148.51787,-36.43979,0
          148.51779,-36.43979,0
          148.51605,-36.44029,0
          148.51591,-36.44036,0
          148.51407,-36.44077,0
          148.51385,-36.44079,0
          148.51384,-36.4408,0
          148.51161,-36.44115,0
          148.51067,-36.44143,0
          148.51015,-36.44164,0
          148.5084,-36.44254,0
          148.50804,-36.44279,0
          148.50698,-36.44375,0
          148.50678,-36.44389,0
          148.50651,-36.44402,0
          148.50582,-36.44419,0
          148.5054,-36.44421,0
          148.50513,-36.44418,0
          148.50487,-36.44412,0
          148.50437,-36.44393,0
          148.50381,-36.44366,0
          148.50377,-36.44363,0
          148.50244,-36.44298,0
          148.50209,-36.44284,0
          148.50182,-36.44278,0
          148.50151,-36.44276,0
          148.50148,-36.44277,0
          148.50097,-36.4428,0
          148.49882,-36.44311,0
          148.49812,-36.44328,0
          148.4977,-36.44343,0
          148.49673,-36.44396,0
          148.49655,-36.44412,0
          148.49641,-36.4443,0
          148.4963,-36.44438,0
          148.49605,-36.44471,0
          148.49578,-36.44519,0
          148.49578,-36.44521,0
          148.49423,-36.45005,0
          148.49418,-36.45015,0
          148.49396,-36.45084,0
          148.49395,-36.45085,0
          148.49392,-36.45097,0
          148.49367,-36.45144,0
          148.4933,-36.45195,0
          148.49285,-36.45244,0
          148.49285,-36.45245,0
          148.49213,-36.45306,0
          148.49151,-36.45348,0
          148.49106,-36.45372,0
          148.49018,-36.45408,0
          148.49016,-36.45408,0
          148.49016,-36.45409,0
          148.48972,-36.4542,0
          148.48954,-36.45427,0
          148.48669,-36.45503,0
          148.4863,-36.45518,0
          148.48602,-36.45532,0
          148.48379,-36.45666,0
          148.48355,-36.45672,0
          148.48299,-36.45712,0
          148.47893,-36.45949,0
          148.47805,-36.45971,0
          148.47745,-36.45969,0
          148.47689,-36.45954,0
          148.47667,-36.45942,0
          148.47663,-36.45941,0
          148.47639,-36.45925,0
          148.47639,-36.45924,0
          148.47613,-36.45902,0
          148.47598,-36.45883,0
          148.47596,-36.45882,0
          148.47504,-36.45758,0
          148.47485,-36.45726,0
          148.47485,-36.45725,0
          148.47483,-36.45723,0
          148.47477,-36.45709,0
          148.47476,-36.45708,0
          148.47456,-36.4565,0
          148.47453,-36.45645,0
          148.47444,-36.4562,0
          148.47436,-36.45607,0
          148.47436,-36.45606,0
          148.47433,-36.456,0
          148.47415,-36.45576,0
          148.47393,-36.45558,0
          148.47354,-36.45537,0
          148.4698,-36.45408,0
          148.46976,-36.45408,0
          148.46964,-36.45404,0
          148.46933,-36.45399,0
          148.46901,-36.45398,0
          148.4685,-36.45403,0
          148.46849,-36.45404,0
          148.46689,-36.45423,0
          148.46684,-36.45425,0
          148.46606,-36.45437,0
          148.46581,-36.45444,0
          148.4656,-36.45453,0
          148.4643,-36.45527,0
          148.46386,-36.45543,0
          148.46344,-36.45543,0
          148.46304,-36.45534,0
          148.46253,-36.45512,0
          148.46219,-36.45491,0
          148.46199,-36.45475,0
          148.46184,-36.45456,0
          148.46178,-36.45439,0
          148.46176,-36.45428,0
          148.46176,-36.45411,0
          148.46182,-36.45384,0
          148.46191,-36.45361,0
          148.46191,-36.45358,0
          148.46193,-36.45353,0
          148.46196,-36.45333,0
          148.46195,-36.45321,0
          148.46187,-36.45298,0
          148.46166,-36.45253,0
          148.46156,-36.45184,0
          148.46148,-36.45159,0
          148.46119,-36.45094,0
          148.46105,-36.45071,0
          148.46094,-36.45059,0
          148.46071,-36.45041,0
          148.46044,-36.45029,0
          148.46026,-36.45025,0
          148.46018,-36.45025,0
          148.46014,-36.45024,0
          148.45995,-36.45025,0
          148.45952,-36.45033,0
          148.45822,-36.45072,0
          148.45763,-36.45083,0
          148.45723,-36.45084,0
          148.4567,-36.45077,0
          148.45651,-36.45072,0
          148.45614,-36.45057,0
          148.45581,-36.45039,0
          148.4558,-36.45037,0
          148.45571,-36.45032,0
          148.45493,-36.44974,0
          148.45479,-36.44967,0
          148.45477,-36.44965,0
          148.45425,-36.44945,0
          148.45376,-36.44938,0
          148.45269,-36.44935,0
          148.45199,-36.44944,0
          148.4503,-36.44992,0
          148.45012,-36.44995,0
          148.44676,-36.45096,0
          148.44634,-36.45098,0
          148.44623,-36.45097,0
          148.44621,-36.45096,0
          148.44604,-36.45093,0
          148.44603,-36.45092,0
          148.44596,-36.45091,0
          148.4457,-36.45079,0
          148.44483,-36.45007,0
          148.4448,-36.45006,0
          148.44448,-36.44986,0
          148.44447,-36.44986,0
          148.44249,-36.4489,0
          148.44208,-36.4488,0
          148.44166,-36.44877,0
          148.44118,-36.44883,0
          148.44066,-36.44899,0
          148.43935,-36.44949,0
          148.43924,-36.44959,0
          148.43854,-36.44988,0
          148.43854,-36.44989,0
          148.43844,-36.44994,0
          148.43843,-36.44994,0
          148.43779,-36.45034,0
          148.43771,-36.45041,0
          148.43639,-36.45124,0
          148.43626,-36.45129,0
          148.43583,-36.4516,0
          148.43518,-36.45223,0
          148.43506,-36.45229,0
          148.43459,-36.45279,0
          148.43426,-36.45301,0
          148.43409,-36.45309,0
          148.43369,-36.45315,0
          148.4324,-36.45309,0
          148.43136,-36.4532,0
          148.43057,-36.45317,0
          148.42945,-36.45285,0
          148.42918,-36.4528,0
          148.4276,-36.45267,0
          148.42714,-36.45257,0
          148.42699,-36.45251,0
          148.42698,-36.4525,0
          148.4268,-36.45242,0
          148.42636,-36.45212,0
          148.42566,-36.45155,0
          148.42566,-36.45154,0
          148.42519,-36.45117,0
          148.42518,-36.45117,0
          148.42499,-36.45104,0
          148.42464,-36.45087,0
          148.42451,-36.45083,0
          148.42322,-36.45063,0
          148.42313,-36.45063,0
          148.42,-36.4502,0
          148.41881,-36.45034,0
          148.4185,-36.45035,0
          148.41773,-36.4503,0
          148.41514,-36.44993,0
          148.4141,-36.44969,0
          148.4136,-36.44967,0
          148.41311,-36.44972,0
          148.41125,-36.4502,0
          148.41101,-36.4503,0
          148.41078,-36.45043,0
          148.4099,-36.45111,0
          148.40972,-36.45121,0
          148.40945,-36.45132,0
          148.40897,-36.45145,0
          148.40504,-36.452,0
          148.40458,-36.4521,0
          148.40389,-36.45239,0
          148.40358,-36.45248,0
          148.40249,-36.45264,0
          148.4014,-36.45289,0
          148.4014,-36.4529,0
          148.39857,-36.45362,0
          148.39789,-36.45374,0
          148.39739,-36.45375,0
          148.39613,-36.45363,0
          148.39576,-36.45363,0
          148.39534,-36.45371,0
          148.39505,-36.45383,0
          148.39461,-36.45407,0
          148.39317,-36.45514,0
          148.39316,-36.45516,0
          148.39292,-36.45534,0
          148.39272,-36.45553,0
          148.39259,-36.4557,0
          148.39222,-36.45641,0
          148.39193,-36.4568,0
          148.39175,-36.45695,0
          148.3915,-36.45711,0
          148.39123,-36.45723,0
          148.39079,-36.45737,0
          148.38947,-36.45759,0
          148.38945,-36.4576,0
          148.38841,-36.45773,0
          148.38795,-36.45783,0
          148.38755,-36.45798,0
          148.38686,-36.45836,0
          148.38624,-36.45885,0
          148.38624,-36.45886,0
          148.38609,-36.45899,0
          148.38608,-36.45899,0
          148.38593,-36.45912,0
          148.38592,-36.45912,0
          148.38546,-36.4595,0
          148.38545,-36.4595,0
          148.38482,-36.46,0
          148.38482,-36.46001,0
          148.38379,-36.46077,0
          148.38283,-36.46169,0
          148.38283,-36.4617,0
          148.38243,-36.46213,0
          148.38242,-36.46213,0
          148.38164,-36.46277,0
          148.37944,-36.46411,0
          148.37944,-36.46412,0
          148.37543,-36.4666,0
          148.37513,-36.46693,0
          148.37381,-36.46955,0
          148.37365,-36.46975,0
          148.37339,-36.46994,0
          148.37189,-36.47079,0
          148.37157,-36.47105,0
          148.3708,-36.47231,0
          148.37055,-36.47265,0
          148.37011,-36.47302,0
          148.36991,-36.47315,0
          148.36895,-36.47355,0
          148.36854,-36.47368,0
          148.36813,-36.47387,0
          148.36812,-36.47387,0
          148.36801,-36.47392,0
          148.36744,-36.4743,0
          148.3668,-36.47481,0
          148.36632,-36.47507,0
          148.36545,-36.47537,0
          148.3623,-36.47626,0
          148.36135,-36.47659,0
          148.36123,-36.47665,0
          148.36078,-36.47698,0
          148.36053,-36.47727,0
          148.36051,-36.47728,0
          148.36009,-36.47777,0
          148.3598,-36.47799,0
          148.35979,-36.47799,0
          148.3596,-36.4781,0
          148.35932,-36.47821,0
          148.35452,-36.47922,0
          148.35339,-36.4794,0
          148.35278,-36.47943,0
          148.35246,-36.47948,0
          148.35208,-36.47958,0
          148.3516,-36.47983,0
          148.3508,-36.48054,0
          148.35047,-36.48079,0
          148.35018,-36.48106,0
          148.35017,-36.48106,0
          148.34858,-36.48246,0
          148.34806,-36.48278,0
          148.34755,-36.48297,0
          148.34533,-36.48358,0
          148.34497,-36.48371,0
          148.34471,-36.48385,0
          148.34456,-36.484,0
          148.34251,-36.48538,0
          148.34237,-36.48551,0
          148.34153,-36.48613,0
          148.34153,-36.48614,0
          148.34064,-36.48668,0
          148.33902,-36.48794,0
          148.33737,-36.48896,0
          148.33717,-36.48905,0
          148.33654,-36.48919,0
          148.33613,-36.48924,0
          148.33573,-36.48934,0
          148.33551,-36.48942,0
          148.33458,-36.48991,0
          148.33417,-36.4902,0
          148.33378,-36.49058,0
          148.33377,-36.4906,0
          148.33335,-36.49088,0
          148.33247,-36.49125,0
          148.33175,-36.49169,0
          148.33029,-36.49238,0
          148.32984,-36.49267,0
          148.32705,-36.4949,0
          148.32679,-36.49506,0
          148.32638,-36.49524,0
          148.32468,-36.4957,0
          148.32465,-36.4957,0
          148.32408,-36.49588,0
          148.32406,-36.49588,0
          148.3235,-36.49617,0
          148.32349,-36.49617,0
          148.32026,-36.49775,0
          148.31692,-36.5,0
          148.31648,-36.50035,0
          148.31601,-36.5008,0
          148.31572,-36.50102,0
          148.31571,-36.50102,0
          148.31556,-36.50115,0
          148.31376,-36.50189,0
          148.31339,-36.50209,0
          148.31178,-36.50273,0
          148.31178,-36.50274,0
          148.31078,-36.50314,0
          148.30922,-36.504,0
          148.30819,-36.50437,0
          148.30812,-36.50442,0
          148.30811,-36.50442,0
          148.30806,-36.50445,0
          148.30769,-36.50484,0
          148.30719,-36.50526,0
          148.30674,-36.50558,0
          148.30628,-36.50598,0
          148.30565,-36.50666,0
          148.30478,-36.50745,0
          148.30459,-36.50755,0
          148.30444,-36.5076,0
          148.30423,-36.50764,0
          148.30352,-36.5077,0
          148.30279,-36.50784,0
          148.30264,-36.5079,0
          148.30231,-36.50808,0
          148.30101,-36.50899,0
          148.30064,-36.50911,0
          148.30012,-36.5092,0
          148.29968,-36.50936,0
          148.29905,-36.50971,0
          148.29903,-36.50973,0
          148.2963,-36.5113,0
          148.29628,-36.51132,0
          148.29555,-36.51172,0
          148.29273,-36.51274,0
          148.29232,-36.51292,0
          148.29227,-36.51296,0
          148.29192,-36.51308,0
          148.29168,-36.51325,0
          148.29084,-36.51372,0
          148.29064,-36.5138,0
          148.2906,-36.51383,0
          148.29056,-36.51384,0
          148.29027,-36.51401,0
          148.29022,-36.51402,0
          148.29016,-36.51405,0
          148.28889,-36.51434,0
          148.28873,-36.51441,0
          148.28809,-36.51481,0
          148.28747,-36.51508,0
          148.28722,-36.51522,0
          148.28627,-36.51599,0
          148.28612,-36.51608,0
          148.28551,-36.51631,0
          148.28516,-36.5164,0
          148.28266,-36.51679,0
          148.28264,-36.5168,0
          148.28142,-36.51698,0
          148.28078,-36.51718,0
          148.28056,-36.51728,0
          148.28024,-36.51735,0
          148.28015,-36.51734,0
          148.27967,-36.51737,0
          148.27857,-36.51765,0
          148.27781,-36.51797,0
          148.27623,-36.51898,0
          148.27477,-36.51978,0
          148.27368,-36.52015,0
          148.27294,-36.52033,0
          148.27187,-36.52069,0
          148.27069,-36.5212,0
          148.26935,-36.52198,0
          148.2686,-36.52233,0
          148.26751,-36.52256,0
          148.26747,-36.52256,0
          148.26532,-36.523,0
          148.26502,-36.52302,0
          148.26478,-36.523,0
          148.2645,-36.52294,0
          148.26441,-36.5229,0
          148.26438,-36.5229,0
          148.26374,-36.52267,0
          148.26324,-36.52259,0
          148.26305,-36.5226,0
          148.26286,-36.52264,0
          148.26255,-36.52275,0
          148.26099,-36.52376,0
          148.26022,-36.5242,0
          148.26003,-36.52428,0
          148.25981,-36.52433,0
          148.2598,-36.52434,0
          148.25846,-36.52434,0
          148.25845,-36.52435,0
          148.25824,-36.52437,0
          148.25806,-36.52442,0
          148.25789,-36.52451,0
          148.25787,-36.52453,0
          148.25786,-36.52453,0
          148.25771,-36.52466,0
          148.25759,-36.5248,0
          148.25759,-36.52481,0
          148.25727,-36.52519,0
          148.25703,-36.52538,0
          148.25674,-36.52553,0
          148.25646,-36.52563,0
          148.25601,-36.52574,0
          148.256,-36.52575,0
          148.2558,-36.5258,0
          148.25554,-36.5259,0
          148.25529,-36.52604,0
          148.25457,-36.52655,0
          148.25456,-36.52655,0
          148.25407,-36.52691,0
          148.25407,-36.52692,0
          148.25308,-36.52758,0
          148.25251,-36.52788,0
          148.25207,-36.52805,0
          148.25206,-36.52806,0
          148.24979,-36.52875,0
          148.24907,-36.52882,0
          148.24876,-36.52879,0
          148.24831,-36.52867,0
          148.24821,-36.52861,0
          148.2482,-36.52861,0
          148.2479,-36.5284,0
          148.24774,-36.52834,0
          148.24756,-36.52831,0
          148.2474,-36.52832,0
          148.24709,-36.5284,0
          148.24692,-36.5285,0
          148.24641,-36.52891,0
          148.2464,-36.52891,0
          148.24579,-36.52942,0
          148.24578,-36.52942,0
          148.24546,-36.52964,0
          148.24518,-36.52977,0
          148.24478,-36.52984,0
          148.24456,-36.52985,0
          148.24455,-36.52984,0
          148.24429,-36.52981,0
          148.24428,-36.5298,0
          148.2439,-36.52972,0
          148.24389,-36.52971,0
          148.24332,-36.52957,0
          148.24303,-36.52955,0
          148.24271,-36.52958,0
          148.24213,-36.52972,0
          148.24175,-36.5299,0
          148.24148,-36.53007,0
          148.24128,-36.53016,0
          148.24102,-36.53023,0
          148.24056,-36.53025,0
          148.24033,-36.53031,0
          148.2401,-36.5304,0
          148.23986,-36.53054,0
          148.23948,-36.5307,0
          148.23893,-36.53076,0
          148.23889,-36.53078,0
          148.23884,-36.53079,0
          148.23869,-36.53086,0
          148.23855,-36.53096,0
          148.23824,-36.53135,0
          148.23821,-36.53142,0
          148.23819,-36.53143,0
          148.23813,-36.53152,0
          148.23797,-36.53164,0
          148.23779,-36.53174,0
          148.23755,-36.53183,0
          148.23659,-36.53206,0
          148.23638,-36.53215,0
          148.23625,-36.53226,0
          148.23584,-36.53283,0
          148.23584,-36.53284,0
          148.23489,-36.53425,0
          148.23472,-36.53439,0
          148.23471,-36.53439,0
          148.23452,-36.5345,0
          148.23435,-36.53455,0
          148.23403,-36.53456,0
          148.2338,-36.53451,0
          148.23379,-36.5345,0
          148.23363,-36.53446,0
          148.23363,-36.53445,0
          148.23353,-36.53439,0
          148.23333,-36.53418,0
          148.23325,-36.534,0
          148.23324,-36.53399,0
          148.23313,-36.5336,0
          148.23304,-36.53349,0
          148.2329,-36.53337,0
          148.23289,-36.53337,0
          148.23271,-36.53325,0
          148.23162,-36.53286,0
          148.23135,-36.53267,0
          148.23135,-36.53266,0
          148.23128,-36.53262,0
          148.2312,-36.53253,0
          148.23119,-36.53253,0
          148.23106,-36.53239,0
          148.23105,-36.53239,0
          148.23099,-36.53232,0
          148.23086,-36.5321,0
          148.23074,-36.53152,0
          148.23072,-36.53149,0
          148.23072,-36.53146,0
          148.23069,-36.53142,0
          148.23062,-36.53138,0
          148.23049,-36.53137,0
          148.2303,-36.53141,0
          148.22985,-36.53169,0
          148.22977,-36.53177,0
          148.22977,-36.53178,0
          148.22962,-36.53196,0
          148.22955,-36.53208,0
          148.22954,-36.53208,0
          148.22921,-36.53259,0
          148.22916,-36.53262,0
          148.22902,-36.53266,0
          148.22869,-36.53267,0
          148.22854,-36.53265,0
          148.22821,-36.53253,0
          148.22782,-36.53223,0
          148.22782,-36.53222,0
          148.22764,-36.53202,0
          148.2276,-36.53192,0
          148.22757,-36.53188,0
          148.22756,-36.53184,0
          148.22754,-36.53182,0
          148.22737,-36.5314,0
          148.22722,-36.53118,0
          148.22689,-36.53081,0
          148.22688,-36.53081,0
          148.22683,-36.53075,0
          148.22643,-36.53042,0
          148.22642,-36.53042,0
          148.22593,-36.53006,0
          148.22586,-36.53003,0
          148.22569,-36.53002,0
          148.22557,-36.53006,0
          148.22516,-36.53033,0
          148.22506,-36.53045,0
          148.22491,-36.53083,0
          148.22495,-36.53162,0
          148.22484,-36.53191,0
          148.22476,-36.532,0
          148.2245,-36.53222,0
          148.22445,-36.53224,0
          148.22435,-36.53231,0
          148.22428,-36.53238,0
          148.22422,-36.53242,0
          148.22415,-36.5325,0
          148.22395,-36.53282,0
          148.22393,-36.53294,0
          148.22396,-36.53342,0
          148.22388,-36.53389,0
          148.22385,-36.53395,0
          148.22372,-36.53404,0
          148.22369,-36.53405,0
          148.22357,-36.53415,0
          148.22357,-36.53416,0
          148.22356,-36.53416,0
          148.22352,-36.5342,0
          148.2235,-36.53421,0
          148.22344,-36.53427,0
          148.22344,-36.53428,0
          148.22342,-36.53431,0
          148.22342,-36.53434,0
          148.22345,-36.53441,0
          148.22345,-36.53451,0
          148.22295,-36.53525,0
          148.22273,-36.53542,0
          148.22237,-36.53558,0
          148.22205,-36.53563,0
          148.22116,-36.53563,0
          148.22099,-36.53558,0
          148.22078,-36.53546,0
          148.22067,-36.53534,0
          148.22048,-36.53502,0
          148.22047,-36.53502,0
          148.22044,-36.53494,0
          148.22029,-36.53411,0
          148.22024,-36.53396,0
          148.22023,-36.53395,0
          148.2202,-36.53385,0
          148.22006,-36.5337,0
          148.21969,-36.53346,0
          148.2196,-36.53342,0
          148.21949,-36.53331,0
          148.21948,-36.53328,0
          148.21932,-36.53309,0
          148.21916,-36.53279,0
          148.21908,-36.53268,0
          148.21907,-36.53268,0
          148.21886,-36.53237,0
          148.21885,-36.53237,0
          148.21885,-36.53236,0
          148.21826,-36.53161,0
          148.21825,-36.53161,0
          148.21822,-36.53158,0
          148.21808,-36.5315,0
          148.21682,-36.53117,0
          148.21653,-36.53116,0
          148.2164,-36.53118,0
          148.21628,-36.53122,0
          148.21608,-36.53134,0
          148.21584,-36.53159,0
          148.21575,-36.53166,0
          148.21557,-36.53173,0
          148.21556,-36.53174,0
          148.21528,-36.53185,0
          148.21505,-36.53188,0
          148.21483,-36.53187,0
          148.21481,-36.53186,0
          148.21469,-36.53184,0
          148.21468,-36.53183,0
          148.21426,-36.53172,0
          148.21425,-36.53171,0
          148.21323,-36.53136,0
          148.21322,-36.53135,0
          148.21282,-36.53122,0
          148.21281,-36.53121,0
          148.21192,-36.531,0
          148.21152,-36.53094,0
          148.2115,-36.53093,0
          148.21108,-36.53086,0
          148.21068,-36.53073,0
          148.21067,-36.53072,0
          148.21025,-36.53059,0
          148.20997,-36.53047,0
          148.20974,-36.53032,0
          148.2094,-36.53001,0
          148.20939,-36.53001,0
          148.20923,-36.52988,0
          148.20906,-36.52978,0
          148.2088,-36.52971,0
          148.20858,-36.52969,0
          148.20786,-36.52976,0
          148.20773,-36.52983,0
          148.20765,-36.5299,0
          148.20764,-36.5299,0
          148.20751,-36.53006,0
          148.20735,-36.53036,0
          148.20733,-36.53051,0
          148.20739,-36.53071,0
          148.20753,-36.53092,0
          148.20753,-36.53093,0
          148.20769,-36.53111,0
          148.20786,-36.53152,0
          148.20787,-36.53152,0
          148.20792,-36.53188,0
          148.20784,-36.53266,0
          148.20776,-36.53293,0
          148.20759,-36.53325,0
          148.20754,-36.53344,0
          148.20751,-36.53381,0
          148.2075,-36.53382,0
          148.20748,-36.534,0
          148.20745,-36.53406,0
          148.2074,-36.5341,0
          148.20731,-36.53412,0
          148.2072,-36.53408,0
          148.20718,-36.53405,0
          148.20717,-36.53405,0
          148.20713,-36.53399,0
          148.20699,-36.53361,0
          148.20698,-36.5336,0
          148.20693,-36.53342,0
          148.20685,-36.53286,0
          148.20681,-36.53277,0
          148.20678,-36.53273,0
          148.20675,-36.53271,0
          148.20673,-36.53268,0
          148.2067,-36.53266,0
          148.20658,-36.53249,0
          148.20651,-36.53228,0
          148.2064,-36.53209,0
          148.2064,-36.53208,0
          148.2063,-36.53196,0
          148.20594,-36.53172,0
          148.20527,-36.531,0
          148.20527,-36.53099,0
          148.20501,-36.53073,0
          148.20468,-36.53023,0
          148.20467,-36.53023,0
          148.2045,-36.52991,0
          148.20449,-36.52978,0
          148.20446,-36.52972,0
          148.20446,-36.5297,0
          148.20442,-36.52967,0
          148.20441,-36.52967,0
          148.20438,-36.52964,0
          148.2043,-36.5296,0
          148.20416,-36.52961,0
          148.20415,-36.52962,0
          148.20405,-36.52966,0
          148.20389,-36.52987,0
          148.20379,-36.5301,0
          148.20368,-36.53045,0
          148.20367,-36.53046,0
          148.20364,-36.53055,0
          148.20363,-36.53056,0
          148.20355,-36.53076,0
          148.20338,-36.53106,0
          148.20338,-36.53107,0
          148.20322,-36.5314,0
          148.20314,-36.53165,0
          148.20301,-36.53229,0
          148.20284,-36.53252,0
          148.20262,-36.53267,0
          148.20246,-36.53271,0
          148.20233,-36.53271,0
          148.20232,-36.53272,0
          148.20166,-36.53269,0
          148.20144,-36.53261,0
          148.20143,-36.5326,0
          148.2014,-36.53259,0
          148.20119,-36.5324,0
          148.20105,-36.53218,0
          148.20095,-36.5318,0
          148.20094,-36.53179,0
          148.20091,-36.53162,0
          148.20085,-36.53145,0
          148.20084,-36.53144,0
          148.20074,-36.5311,0
          148.20062,-36.53095,0
          148.20062,-36.53094,0
          148.20045,-36.53081,0
          148.20036,-36.53079,0
          148.19964,-36.53082,0
          148.19963,-36.53083,0
          148.19955,-36.53084,0
          148.19944,-36.53089,0
          148.19943,-36.53089,0
          148.19899,-36.53113,0
          148.19888,-36.53117,0
          148.19838,-36.53119,0
          148.19754,-36.53094,0
          148.19704,-36.53074,0
          148.19653,-36.53064,0
          148.1963,-36.53062,0
          148.19629,-36.53061,0
          148.19604,-36.5306,0
          148.19541,-36.53051,0
          148.1954,-36.5305,0
          148.19513,-36.53046,0
          148.19495,-36.53046,0
          148.19456,-36.53058,0
          148.19453,-36.53058,0
          148.19375,-36.53116,0
          148.19375,-36.53117,0
          148.19359,-36.5313,0
          148.19357,-36.53133,0
          148.19345,-36.53143,0
          148.19344,-36.53143,0
          148.19295,-36.53189,0
          148.1927,-36.53218,0
          148.19244,-36.53242,0
          148.19178,-36.53288,0
          148.19176,-36.53288,0
          148.1916,-36.53295,0
          148.19117,-36.53305,0
          148.19074,-36.53303,0
          148.19066,-36.53304,0
          148.19062,-36.53306,0
          148.19061,-36.53306,0
          148.19049,-36.53316,0
          148.18987,-36.534,0
          148.18983,-36.53403,0
          148.18964,-36.53411,0
          148.18953,-36.53412,0
          148.18938,-36.53409,0
          148.1893,-36.53403,0
          148.18927,-36.53398,0
          148.18925,-36.53389,0
          148.18928,-36.53381,0
          148.18929,-36.5338,0
          148.18934,-36.53369,0
          148.1898,-36.53306,0
          148.19018,-36.53278,0
          148.19027,-36.53264,0
          148.19027,-36.53262,0
          148.19029,-36.53258,0
          148.19037,-36.53228,0
          148.19044,-36.53217,0
          148.19044,-36.53216,0
          148.19057,-36.532,0
          148.19085,-36.5318,0
          148.1913,-36.53141,0
          148.19164,-36.53126,0
          148.19166,-36.53126,0
          148.19178,-36.53119,0
          148.19187,-36.5311,0
          148.19227,-36.53054,0
          148.19261,-36.52983,0
          148.19266,-36.5296,0
          148.19265,-36.52922,0
          148.19271,-36.52898,0
          148.19276,-36.52891,0
          148.19294,-36.52879,0
          148.19311,-36.52875,0
          148.19335,-36.52866,0
          148.19342,-36.5286,0
          148.19345,-36.52851,0
          148.19349,-36.52845,0
          148.19349,-36.52843,0
          148.19367,-36.528,0
          148.1938,-36.52776,0
          148.19395,-36.52737,0
          148.19408,-36.52678,0
          148.19405,-36.52627,0
          148.19404,-36.52625,0
          148.19397,-36.52619,0
          148.19379,-36.52614,0
          148.1933,-36.52615,0
          148.19326,-36.52616,0
          148.19308,-36.52633,0
          148.19308,-36.52634,0
          148.19267,-36.52676,0
          148.19266,-36.52676,0
          148.19259,-36.52686,0
          148.19221,-36.52777,0
          148.19198,-36.52808,0
          148.19198,-36.52809,0
          148.19191,-36.52815,0
          148.19176,-36.52822,0
          148.19155,-36.52838,0
          148.19139,-36.52854,0
          148.19124,-36.52873,0
          148.19124,-36.52874,0
          148.19107,-36.52902,0
          148.19091,-36.52922,0
          148.19069,-36.52937,0
          148.19052,-36.5294,0
          148.19028,-36.5294,0
          148.19009,-36.52936,0
          148.18922,-36.52934,0
          148.18883,-36.52928,0
          148.18834,-36.52925,0
          148.18784,-36.52926,0
          148.18783,-36.52927,0
          148.18767,-36.5293,0
          148.18747,-36.52941,0
          148.18709,-36.52999,0
          148.187,-36.53021,0
          148.18698,-36.53023,0
          148.18688,-36.53073,0
          148.18678,-36.53101,0
          148.18666,-36.53125,0
          148.1865,-36.53142,0
          148.18638,-36.53147,0
          148.18539,-36.53154,0
          148.18518,-36.53146,0
          148.18516,-36.53146,0
          148.18505,-36.53139,0
          148.18494,-36.53136,0
          148.18472,-36.53137,0
          148.18458,-36.5314,0
          148.18411,-36.53161,0
          148.18395,-36.53165,0
          148.18379,-36.53165,0
          148.1833,-36.53157,0
          148.18308,-36.53161,0
          148.18302,-36.53164,0
          148.18295,-36.5317,0
          148.18291,-36.53177,0
          148.18289,-36.53185,0
          148.18289,-36.53194,0
          148.18293,-36.53202,0
          148.18304,-36.53217,0
          148.18308,-36.53229,0
          148.18306,-36.53255,0
          148.18303,-36.53265,0
          148.18303,-36.53282,0
          148.18298,-36.53293,0
          148.18281,-36.53308,0
          148.18275,-36.53317,0
          148.18273,-36.53329,0
          148.18269,-36.53338,0
          148.1825,-36.53362,0
          148.18232,-36.53398,0
          148.18226,-36.53434,0
          148.18212,-36.5345,0
          148.18183,-36.53464,0
          148.18173,-36.53465,0
          148.18161,-36.53464,0
          148.18085,-36.5344,0
          148.18081,-36.5344,0
          148.18078,-36.53439,0
          148.18071,-36.53439,0
          148.18048,-36.53448,0
          148.1804,-36.53455,0
          148.18036,-36.53461,0
          148.18035,-36.53465,0
          148.18035,-36.53473,0
          148.1804,-36.53483,0
          148.18046,-36.53491,0
          148.18052,-36.53506,0
          148.1805,-36.53514,0
          148.18043,-36.53522,0
          148.18031,-36.53528,0
          148.18029,-36.53528,0
          148.1801,-36.53537,0
          148.18,-36.53545,0
          148.17992,-36.53554,0
          148.17991,-36.53557,0
          148.17991,-36.5358,0
          148.17994,-36.53598,0
          148.17994,-36.53618,0
          148.17991,-36.53624,0
          148.17988,-36.53627,0
          148.17981,-36.53631,0
          148.17973,-36.53633,0
          148.17943,-36.5363,0
          148.17929,-36.53626,0
          148.17926,-36.53626,0
          148.17914,-36.5362,0
          148.17898,-36.53608,0
          148.17884,-36.53601,0
          148.1787,-36.53598,0
          148.17797,-36.53597,0
          148.17775,-36.53602,0
          148.17768,-36.5361,0
          148.17754,-36.53641,0
          148.17754,-36.53642,0
          148.17751,-36.53644,0
          148.1775,-36.53647,0
          148.17739,-36.53652,0
          148.17735,-36.53652,0
          148.17734,-36.53653,0
          148.17729,-36.53652,0
          148.17644,-36.53656,0
          148.176,-36.53648,0
          148.17594,-36.53648,0
          148.17574,-36.53641,0
          148.17557,-36.53632,0
          148.1754,-36.53618,0
          148.17507,-36.53598,0
          148.17492,-36.53584,0
          148.17492,-36.53583,0
          148.17486,-36.53574,0
          148.17481,-36.53571,0
          148.17475,-36.53563,0
          148.17471,-36.53552,0
          148.17465,-36.53542,0
          148.17453,-36.53529,0
          148.17426,-36.53511,0
          148.17407,-36.53502,0
          148.17369,-36.53495,0
          148.17357,-36.53495,0
          148.17339,-36.53499,0
          148.17291,-36.5352,0
          148.17283,-36.53525,0
          148.1727,-36.5353,0
          148.17219,-36.53542,0
          148.172,-36.53544,0
          148.17185,-36.5355,0
          148.1718,-36.53555,0
          148.17179,-36.53559,0
          148.1718,-36.53563,0
          148.17196,-36.53593,0
          148.17198,-36.53595,0
          148.172,-36.53599,0
          148.17201,-36.53604,0
          148.17197,-36.53612,0
          148.17176,-36.5362,0
          148.17139,-36.53629,0
          148.1712,-36.53629,0
          148.17061,-36.53638,0
          148.17043,-36.53648,0
          148.17042,-36.53648,0
          148.16959,-36.53689,0
          148.16923,-36.53722,0
          148.16893,-36.5376,0
          148.16887,-36.53775,0
          148.16886,-36.53785,0
          148.16887,-36.53786,0
          148.16888,-36.53789,0
          148.16908,-36.53816,0
          148.16919,-36.53823,0
          148.16942,-36.5383,0
          148.16967,-36.53833,0
          148.17015,-36.53834,0
          148.17022,-36.53836,0
          148.17025,-36.53838,0
          148.17027,-36.53841,0
          148.17028,-36.53849,0
          148.17026,-36.53854,0
          148.17023,-36.53858,0
          148.17019,-36.53861,0
          148.16993,-36.53871,0
          148.16992,-36.53872,0
          148.1697,-36.53877,0
          148.16969,-36.53878,0
          148.16949,-36.53884,0
          148.16883,-36.53893,0
          148.16839,-36.53889,0
          148.16823,-36.53884,0
          148.1682,-36.53882,0
          148.16808,-36.53878,0
          148.16773,-36.5386,0
          148.16705,-36.53793,0
          148.16688,-36.53782,0
          148.16655,-36.5375,0
          148.16637,-36.53738,0
          148.16612,-36.5373,0
          148.16533,-36.53721,0
          148.16498,-36.53722,0
          148.16486,-36.53725,0
          148.16482,-36.53725,0
          148.1647,-36.53731,0
          148.16455,-36.53746,0
          148.16453,-36.53752,0
          148.16435,-36.5377,0
          148.1642,-36.53777,0
          148.1639,-36.53786,0
          148.1637,-36.53787,0
          148.16342,-36.53785,0
          148.16331,-36.53782,0
          148.16304,-36.53783,0
          148.1626,-36.53791,0
          148.16243,-36.5379,0
          148.16225,-36.53783,0
          148.16221,-36.53778,0
          148.16212,-36.53772,0
          148.162,-36.53756,0
          148.16183,-36.53713,0
          148.16179,-36.53688,0
          148.16173,-36.53667,0
          148.16163,-36.53649,0
          148.16144,-36.53636,0
          148.16125,-36.53634,0
          148.16119,-36.53636,0
          148.16115,-36.53636,0
          148.16086,-36.53657,0
          148.16013,-36.53723,0
          148.1599,-36.53751,0
          148.15981,-36.53758,0
          148.15923,-36.53775,0
          148.15839,-36.53788,0
          148.15815,-36.53786,0
          148.15687,-36.5376,0
          148.15673,-36.5376,0
          148.15526,-36.53799,0
          148.15506,-36.53802,0
          148.15466,-36.53801,0
          148.15427,-36.53806,0
          148.15415,-36.53811,0
          148.15387,-36.5383,0
          148.15363,-36.53857,0
          148.15284,-36.5392,0
          148.15283,-36.5392,0
          148.15221,-36.53958,0
          148.15208,-36.53969,0
          148.15205,-36.53975,0
          148.15205,-36.53978,0
          148.15204,-36.53979,0
          148.15208,-36.53994,0
          148.1523,-36.54016,0
          148.15253,-36.54032,0
          148.15254,-36.54032,0
          148.15268,-36.54044,0
          148.15291,-36.54071,0
          148.15326,-36.54126,0
          148.15344,-36.54148,0
          148.15346,-36.54156,0
          148.15346,-36.5416,0
          148.15343,-36.54165,0
          148.15342,-36.54165,0
          148.15337,-36.54168,0
          148.15326,-36.54168,0
          148.1531,-36.54164,0
          148.15265,-36.54143,0
          148.15263,-36.54143,0
          148.15179,-36.54108,0
          148.15144,-36.54104,0
          148.15124,-36.54106,0
          148.15105,-36.54111,0
          148.15084,-36.54124,0
          148.15056,-36.54156,0
          148.15039,-36.54167,0
          148.15021,-36.54174,0
          148.14986,-36.54176,0
          148.14969,-36.54174,0
          148.14945,-36.54158,0
          148.1494,-36.54151,0
          148.14914,-36.5413,0
          148.14868,-36.54108,0
          148.14844,-36.54104,0
          148.14768,-36.54102,0
          148.14583,-36.54115,0
          148.14517,-36.54124,0
          148.14517,-36.54125,0
          148.14423,-36.54141,0
          148.14366,-36.54157,0
          148.14268,-36.54177,0
          148.14235,-36.54181,0
          148.14172,-36.54181,0
          148.14139,-36.54176,0
          148.1411,-36.54166,0
          148.13913,-36.54067,0
          148.13822,-36.54027,0
          148.13791,-36.5401,0
          148.13687,-36.5393,0
          148.13557,-36.53864,0
          148.13545,-36.53853,0
          148.13538,-36.53842,0
          148.13534,-36.53832,0
          148.13534,-36.53823,0
          148.13541,-36.538,0
          148.13548,-36.5379,0
          148.13562,-36.53779,0
          148.13642,-36.53743,0
          148.1368,-36.53721,0
          148.13705,-36.53711,0
          148.13779,-36.53695,0
          148.13788,-36.53695,0
          148.13791,-36.53694,0
          148.13901,-36.53697,0
          148.13926,-36.5369,0
          148.13941,-36.53681,0
          148.14022,-36.53592,0
          148.14064,-36.53559,0
          148.14164,-36.53505,0
          148.14185,-36.53489,0
          148.14198,-36.53474,0
          148.14208,-36.53452,0
          148.14209,-36.53451,0
          148.14213,-36.53423,0
          148.1421,-36.53392,0
          148.142,-36.53348,0
          148.14198,-36.53321,0
          148.142,-36.5328,0
          148.14208,-36.53219,0
          148.14209,-36.53217,0
          148.14222,-36.53129,0
          148.14231,-36.53106,0
          148.14242,-36.53086,0
          148.14246,-36.5307,0
          148.14246,-36.53061,0
          148.14247,-36.53059,0
          148.14235,-36.52959,0
          148.14236,-36.52914,0
          148.14241,-36.52896,0
          148.1425,-36.52877,0
          148.1426,-36.52863,0
          148.14277,-36.52831,0
          148.14283,-36.528,0
          148.14282,-36.52763,0
          148.14272,-36.52674,0
          148.14271,-36.52673,0
          148.1427,-36.52636,0
          148.14275,-36.52616,0
          148.14288,-36.52586,0
          148.14333,-36.52507,0
          148.14342,-36.52468,0
          148.1434,-36.52438,0
          148.14321,-36.52346,0
          148.1432,-36.52318,0
          148.1433,-36.52244,0
          148.14329,-36.52202,0
          148.14325,-36.52175,0
          148.14316,-36.52146,0
          148.14315,-36.52145,0
          148.14311,-36.52125,0
          148.14308,-36.5208,0
          148.14309,-36.52041,0
          148.1431,-36.5204,0
          148.1431,-36.52036,0
          148.14315,-36.52018,0
          148.14472,-36.51682,0
          148.14477,-36.51661,0
          148.14476,-36.51655,0
          148.14471,-36.51647,0
          148.14458,-36.51634,0
          148.14447,-36.51628,0
          148.14428,-36.51623,0
          148.14412,-36.51622,0
          148.14307,-36.51642,0
          148.14296,-36.51642,0
          148.14276,-36.51646,0
          148.14249,-36.51645,0
          148.14228,-36.5164,0
          148.14209,-36.51631,0
          148.14156,-36.51613,0
          148.14117,-36.5158,0
          148.14079,-36.51499,0
          148.14077,-36.51497,0
          148.14063,-36.51463,0
          148.14063,-36.51461,0
          148.14028,-36.51391,0
          148.13971,-36.51298,0
          148.13971,-36.51297,0
          148.1397,-36.51297,0
          148.1397,-36.51285,0
          148.13973,-36.51271,0
          148.1399,-36.51247,0
          148.14009,-36.51234,0
          148.14013,-36.51233,0
          148.14088,-36.51196,0
          148.1409,-36.51196,0
          148.14148,-36.51168,0
          148.1423,-36.51142,0
          148.14232,-36.51142,0
          148.14315,-36.51115,0
          148.14413,-36.51093,0
          148.14488,-36.51067,0
          148.14516,-36.51045,0
          148.14532,-36.51023,0
          148.14548,-36.50983,0
          148.14549,-36.50982,0
          148.14556,-36.50966,0
          148.14556,-36.50965,0
          148.1456,-36.50959,0
          148.1457,-36.5095,0
          148.14598,-36.50883,0
          148.14609,-36.50848,0
          148.14614,-36.50711,0
          148.14631,-36.50613,0
          148.14649,-36.5054,0
          148.14648,-36.50519,0
          148.14623,-36.50366,0
          148.14618,-36.50244,0
          148.14619,-36.50241,0
          148.14615,-36.50223,0
          148.14596,-36.50197,0
          148.14592,-36.50196,0
          148.14575,-36.50182,0
          148.14515,-36.5012,0
          148.14413,-36.50033,0
          148.14407,-36.50023,0
          148.14401,-36.50018,0
          148.14383,-36.50008,0
          148.14304,-36.49944,0
          148.14286,-36.49933,0
          148.14163,-36.49841,0
          148.14094,-36.49781,0
          148.14052,-36.49732,0
          148.14031,-36.49699,0
          148.14012,-36.49657,0
          148.13998,-36.49616,0
          148.13992,-36.49581,0
          148.13991,-36.49546,0
          148.13992,-36.49544,0
          148.13998,-36.49511,0
          148.1401,-36.49472,0
          148.14024,-36.49439,0
          148.14068,-36.49356,0
          148.14073,-36.4934,0
          148.14077,-36.49305,0
          148.14076,-36.49287,0
          148.14075,-36.49286,0
          148.14075,-36.49284,0
          148.14057,-36.4923,0
          148.14013,-36.49147,0
          148.14003,-36.49111,0
          148.14002,-36.49067,0
          148.14019,-36.49026,0
          148.14038,-36.48995,0
          148.14127,-36.48873,0
          148.14128,-36.4887,0
          148.14172,-36.48814,0
          148.14206,-36.48785,0
          148.1428,-36.48744,0
          148.14282,-36.48742,0
          148.1434,-36.48714,0
          148.14365,-36.48706,0
          148.14405,-36.48699,0
          148.14406,-36.48698,0
          148.14432,-36.48687,0
          148.14444,-36.48679,0
          148.14451,-36.48672,0
          148.14459,-36.48658,0
          148.14467,-36.48628,0
          148.14482,-36.48529,0
          148.14483,-36.48527,0
          148.14487,-36.48464,0
          148.14483,-36.4844,0
          148.14469,-36.48414,0
          148.14415,-36.4835,0
          148.14412,-36.48348,0
          148.14388,-36.48321,0
          148.14375,-36.48302,0
          148.14361,-36.4826,0
          148.14361,-36.48229,0
          148.14381,-36.48083,0
          148.14393,-36.48054,0
          148.1447,-36.47928,0
          148.14471,-36.47925,0
          148.14489,-36.47899,0
          148.14519,-36.47864,0
          148.14552,-36.47833,0
          148.14625,-36.47775,0
          148.14659,-36.47739,0
          148.1468,-36.47724,0
          148.14697,-36.47704,0
          148.14705,-36.47691,0
          148.14707,-36.47684,0
          148.14705,-36.47676,0
          148.14695,-36.47657,0
          148.14694,-36.47657,0
          148.14693,-36.47654,0
          148.14681,-36.47641,0
          148.14632,-36.47603,0
          148.14631,-36.47603,0
          148.14613,-36.47584,0
          148.14604,-36.4757,0
          148.14601,-36.47557,0
          148.14603,-36.47538,0
          148.14609,-36.47522,0
          148.14635,-36.47483,0
          148.14687,-36.47425,0
          148.1475,-36.4738,0
          148.14983,-36.47268,0
          148.1499,-36.47266,0
          148.15003,-36.47256,0
          148.15012,-36.47246,0
          148.15014,-36.47245,0
          148.15033,-36.47215,0
          148.15046,-36.47179,0
          148.15046,-36.47168,0
          148.1504,-36.47146,0
          148.15023,-36.47113,0
          148.15022,-36.47113,0
          148.15012,-36.47094,0
          148.14875,-36.46934,0
          148.14857,-36.46907,0
          148.14847,-36.46884,0
          148.14846,-36.46884,0
          148.14834,-36.46834,0
          148.14831,-36.46801,0
          148.14832,-36.46777,0
          148.14852,-36.46707,0
          148.14858,-36.46638,0
          148.14863,-36.4662,0
          148.14871,-36.46603,0
          148.14887,-36.46578,0
          148.14896,-36.46571,0
          148.14957,-36.46545,0
          148.15011,-36.46529,0
          148.15054,-36.46505,0
          148.1507,-36.46493,0
          148.15081,-36.46482,0
          148.15095,-36.46459,0
          148.15099,-36.46449,0
          148.15119,-36.46342,0
          148.1512,-36.46307,0
          148.15121,-36.46305,0
          148.15124,-36.4628,0
          148.15123,-36.46263,0
          148.15119,-36.46247,0
          148.15108,-36.4623,0
          148.15074,-36.462,0
          148.15057,-36.4618,0
          148.15048,-36.46163,0
          148.15046,-36.46155,0
          148.15044,-36.46152,0
          148.15043,-36.46143,0
          148.15044,-36.46126,0
          148.15049,-36.46114,0
          148.15057,-36.46105,0
          148.15069,-36.46099,0
          148.15075,-36.46094,0
          148.15081,-36.46091,0
          148.15116,-36.46081,0
          148.15234,-36.46061,0
          148.15333,-36.46034,0
          148.15392,-36.4601,0
          148.15415,-36.46007,0
          148.15477,-36.45987,0
          148.15552,-36.45955,0
          148.15554,-36.45955,0
          148.15587,-36.45934,0
          148.15717,-36.45829,0
          148.15732,-36.45822,0
          148.15754,-36.45799,0
          148.15757,-36.45794,0
          148.15813,-36.4573,0
          148.15836,-36.45713,0
          148.15886,-36.45686,0
          148.15972,-36.4565,0
          148.15989,-36.45637,0
          148.15996,-36.45629,0
          148.16005,-36.45613,0
          148.16007,-36.45602,0
          148.16007,-36.45586,0
          148.16002,-36.45571,0
          148.15974,-36.45531,0
          148.15974,-36.4553,0
          148.15942,-36.45476,0
          148.15936,-36.45454,0
          148.15936,-36.4544,0
          148.15939,-36.45424,0
          148.15949,-36.45404,0
          148.15952,-36.45394,0
          148.15991,-36.45349,0
          148.16021,-36.45308,0
          148.16026,-36.45295,0
          148.16028,-36.45285,0
          148.16028,-36.45267,0
          148.16017,-36.45239,0
          148.15994,-36.452,0
          148.15992,-36.45171,0
          148.15998,-36.45158,0
          148.16016,-36.45135,0
          148.16071,-36.45085,0
          148.16093,-36.4507,0
          148.161,-36.45058,0
          148.16103,-36.45042,0
          148.16102,-36.4504,0
          148.16102,-36.45038,0
          148.16075,-36.44988,0
          148.16071,-36.44953,0
          148.16075,-36.44933,0
          148.16087,-36.44908,0
          148.16107,-36.44888,0
          148.16145,-36.44862,0
          148.16169,-36.44851,0
          148.16194,-36.44843,0
          148.16216,-36.44843,0
          148.16323,-36.44875,0
          148.16344,-36.44879,0
          148.16365,-36.44876,0
          148.16385,-36.4487,0
          148.16402,-36.44862,0
          148.16431,-36.4484,0
          148.1645,-36.44811,0
          148.16451,-36.44807,0
          148.1645,-36.44806,0
          148.1645,-36.44805,0
          148.16447,-36.448,0
          148.16417,-36.4478,0
          148.16414,-36.44779,0
          148.16396,-36.44767,0
          148.16384,-36.44753,0
          148.16378,-36.44743,0
          148.16371,-36.44723,0
          148.16373,-36.4469,0
          148.16378,-36.44675,0
          148.16394,-36.44657,0
          148.16406,-36.44651,0
          148.16422,-36.44646,0
          148.16447,-36.44633,0
          148.16559,-36.44589,0
          148.16618,-36.44558,0
          148.16619,-36.44556,0
          148.1662,-36.44556,0
          148.16636,-36.44544,0
          148.16668,-36.44503,0
          148.16704,-36.44432,0
          148.16705,-36.44432,0
          148.16719,-36.44404,0
          148.16724,-36.44386,0
          148.16725,-36.44364,0
          148.16719,-36.44329,0
          148.16718,-36.44329,0
          148.16706,-36.44268,0
          148.16697,-36.44251,0
          148.1668,-36.44231,0
          148.16629,-36.44181,0
          148.1661,-36.44154,0
          148.16589,-36.44108,0
          148.16586,-36.44088,0
          148.16586,-36.44074,0
          148.16596,-36.44047,0
          148.16607,-36.44031,0
          148.16621,-36.44016,0
          148.16653,-36.43991,0
          148.16713,-36.43957,0
          148.16726,-36.43954,0
          148.16739,-36.43954,0
          148.16756,-36.43957,0
          148.16814,-36.43979,0
          148.16835,-36.4398,0
          148.16842,-36.43978,0
          148.16854,-36.43972,0
          148.16862,-36.43965,0
          148.16873,-36.43949,0
          148.16878,-36.43933,0
          148.16879,-36.43898,0
          148.16867,-36.43801,0
          148.16866,-36.43746,0
          148.16895,-36.43641,0
          148.16901,-36.43517,0
          148.16902,-36.43515,0
          148.16904,-36.43496,0
          148.16912,-36.4347,0
          148.16927,-36.4344,0
          148.17015,-36.43335,0
          148.1703,-36.43308,0
          148.17033,-36.43295,0
          148.17032,-36.43292,0
          148.17032,-36.43274,0
          148.17026,-36.43252,0
          148.17019,-36.43237,0
          148.1698,-36.43181,0
          148.16975,-36.4317,0
          148.1697,-36.43143,0
          148.16973,-36.43121,0
          148.16993,-36.43075,0
          148.17015,-36.42991,0
          148.17017,-36.42987,0
          148.17017,-36.42983,0
          148.17045,-36.42876,0
          148.17045,-36.42873,0
          148.17066,-36.42789,0
          148.17073,-36.4277,0
          148.17073,-36.42768,0
          148.17085,-36.42735,0
          148.17085,-36.42733,0
          148.17108,-36.42664,0
          148.17137,-36.42522,0
          148.1714,-36.42471,0
          148.17137,-36.42451,0
          148.17043,-36.42157,0
          148.17043,-36.42155,0
          148.1703,-36.42121,0
          148.1702,-36.42105,0
          148.16926,-36.41992,0
          148.16912,-36.41969,0
          148.16908,-36.41954,0
          148.16908,-36.41937,0
          148.16917,-36.41905,0
          148.16928,-36.41891,0
          148.16992,-36.41829,0
          148.16994,-36.41828,0
          148.17048,-36.41768,0
          148.17114,-36.41672,0
          148.17172,-36.41601,0
          148.17248,-36.41535,0
          148.17249,-36.41533,0
          148.17304,-36.4149,0
          148.1738,-36.41421,0
          148.1745,-36.41335,0
          148.17547,-36.41236,0
          148.1756,-36.41219,0
          148.17583,-36.41177,0
          148.17678,-36.40971,0
          148.17691,-36.40952,0
          148.17721,-36.40922,0
          148.17776,-36.40877,0
          148.17777,-36.40875,0
          148.17791,-36.4086,0
          148.17799,-36.40848,0
          148.17808,-36.4082,0
          148.17809,-36.408,0
          148.17804,-36.40775,0
          148.17798,-36.40762,0
          148.17775,-36.40735,0
          148.17774,-36.40735,0
          148.17755,-36.40712,0
          148.17751,-36.40705,0
          148.17751,-36.40704,0
          148.17743,-36.40688,0
          148.17743,-36.40687,0
          148.17734,-36.40673,0
          148.17734,-36.4067,0
          148.17729,-36.40654,0
          148.17728,-36.40653,0
          148.17724,-36.40638,0
          148.17721,-36.40601,0
          148.17734,-36.40558,0
          148.17774,-36.40499,0
          148.17788,-36.40472,0
          148.17791,-36.40459,0
          148.17788,-36.40438,0
          148.17781,-36.40423,0
          148.17771,-36.4041,0
          148.17758,-36.40398,0
          148.17747,-36.40391,0
          148.17746,-36.40391,0
          148.17742,-36.40388,0
          148.1772,-36.40378,0
          148.17686,-36.40369,0
          148.17664,-36.40359,0
          148.17648,-36.40349,0
          148.17628,-36.4032,0
          148.17628,-36.40316,0
          148.17626,-36.40309,0
          148.17626,-36.40297,0
          148.17632,-36.40263,0
          148.17645,-36.4022,0
          148.1765,-36.4021,0
          148.1765,-36.40209,0
          148.17659,-36.40192,0
          148.17664,-36.40176,0
          148.17668,-36.4017,0
          148.17674,-36.40149,0
          148.17677,-36.40128,0
          148.17667,-36.39891,0
          148.17669,-36.39837,0
          148.17685,-36.39692,0
          148.17736,-36.395,0
          148.17745,-36.39452,0
          148.17755,-36.39431,0
          148.17775,-36.39409,0
          148.17813,-36.3938,0
          148.17814,-36.3938,0
          148.1804,-36.39222,0
          148.1813,-36.39169,0
          148.18156,-36.39148,0
          148.18161,-36.39141,0
          148.18173,-36.39117,0
          148.18183,-36.39102,0
          148.18203,-36.3906,0
          148.18215,-36.39042,0
          148.18219,-36.39029,0
          148.18219,-36.39012,0
          148.1822,-36.39008,0
          148.18219,-36.38998,0
          148.18197,-36.38907,0
          148.18186,-36.38839,0
          148.18178,-36.38814,0
          148.18166,-36.38798,0
          148.18036,-36.38655,0
          148.18031,-36.38647,0
          148.18027,-36.38637,0
          148.18026,-36.38629,0
          148.18029,-36.38615,0
          148.18035,-36.38606,0
          148.18043,-36.38599,0
          148.18022,-36.3859,0
          148.18012,-36.38578,0
          148.1801,-36.38571,0
          148.18013,-36.38557,0
          148.18013,-36.38548,0
          148.18011,-36.38537,0
          148.1801,-36.38536,0
          148.18005,-36.3852,0
          148.17952,-36.38439,0
          148.17939,-36.38423,0
          148.17929,-36.38406,0
          148.17916,-36.38365,0
          148.1791,-36.38357,0
          148.17909,-36.38357,0
          148.17909,-36.38356,0
          148.17897,-36.38342,0
          148.17896,-36.38342,0
          148.17865,-36.38318,0
          148.17838,-36.38288,0
          148.17818,-36.38281,0
          148.17788,-36.38264,0
          148.17756,-36.38238,0
          148.17753,-36.38233,0
          148.17753,-36.38232,0
          148.17752,-36.38231,0
          148.17749,-36.38209,0
          148.17747,-36.38204,0
          148.17734,-36.38186,0
          148.17728,-36.38171,0
          148.17724,-36.38129,0
          148.17717,-36.38112,0
          148.17709,-36.38101,0
          148.1769,-36.38084,0
          148.1769,-36.38083,0
          148.17685,-36.38075,0
          148.17681,-36.38056,0
          148.17681,-36.38045,0
          148.17684,-36.38031,0
          148.1771,-36.37981,0
          148.17714,-36.37967,0
          148.17714,-36.37957,0
          148.17712,-36.37948,0
          148.17715,-36.37942,0
          148.17732,-36.37928,0
          148.17739,-36.37918,0
          148.17741,-36.37911,0
          148.17745,-36.37906,0
          148.17746,-36.37903,0
          148.17748,-36.37901,0
          148.17753,-36.37891,0
          148.17766,-36.37877,0
          148.17779,-36.37853,0
          148.17783,-36.37842,0
          148.17787,-36.3779,0
          148.1779,-36.37782,0
          148.17743,-36.37685,0
          148.17735,-36.37642,0
          148.17681,-36.37515,0
          148.17658,-36.37481,0
          148.1765,-36.37465,0
          148.17641,-36.37434,0
          148.17627,-36.37399,0
          148.17616,-36.37362,0
          148.17613,-36.37356,0
          148.17588,-36.37324,0
          148.17558,-36.37256,0
          148.17542,-36.37235,0
          148.17537,-36.3722,0
          148.17531,-36.37188,0
          148.17507,-36.37121,0
          148.17501,-36.37092,0
          148.17474,-36.37042,0
          148.17304,-36.37031,0
          148.17296,-36.37028,0
          148.17206,-36.3693,0
          148.17204,-36.36929,0
          148.17148,-36.36876,0
          148.17147,-36.36876,0
          148.17133,-36.36862,0
          148.17133,-36.36861,0
          148.17102,-36.36824,0
          148.17058,-36.36783,0
          148.1704,-36.3677,0
          148.17016,-36.36738,0
          148.16991,-36.36712,0
          148.16957,-36.36691,0
          148.16948,-36.36681,0
          148.16945,-36.36674,0
          148.16949,-36.36639,0
          148.16942,-36.36602,0
          148.16933,-36.36578,0
          148.16929,-36.36572,0
          148.16919,-36.36564,0
          148.16858,-36.36532,0
          148.1683,-36.36505,0
          148.16799,-36.36483,0
          148.16772,-36.36456,0
          148.16764,-36.36443,0
          148.16757,-36.36435,0
          148.16741,-36.36423,0
          148.16734,-36.3641,0
          148.1673,-36.36385,0
          148.16727,-36.36377,0
          148.16715,-36.36361,0
          148.16714,-36.36361,0
          148.16709,-36.36356,0
          148.16666,-36.36334,0
          148.16662,-36.3633,0
          148.16661,-36.3633,0
          148.16657,-36.36322,0
          148.16657,-36.36313,0
          148.16656,-36.36311,0
          148.16656,-36.36308,0
          148.16639,-36.36267,0
          148.16628,-36.36217,0
          148.16631,-36.3619,0
          148.16629,-36.3615,0
          148.16625,-36.36133,0
          148.16616,-36.36119,0
          148.16615,-36.36116,0
          148.16616,-36.36102,0
          148.16624,-36.36101,0
          148.16629,-36.36102,0
          148.16649,-36.36099,0
          148.16699,-36.36079,0
          148.16708,-36.36068,0
          148.16708,-36.36067,0
          148.16721,-36.36039,0
          148.16731,-36.36031,0
          148.16755,-36.36018,0
          148.16763,-36.36011,0
          148.16771,-36.35997,0
          148.16773,-36.35995,0
          148.16826,-36.35899,0
          148.16827,-36.35899,0
          148.16911,-36.35752,0
          148.16914,-36.35744,0
          148.16935,-36.35714,0
          148.16951,-36.35698,0
          148.16982,-36.35679,0
          148.17013,-36.35636,0
          148.17052,-36.35593,0
          148.17077,-36.35556,0
          148.17088,-36.35532,0
          148.17092,-36.35529,0
          148.17108,-36.35427,0
          148.17109,-36.35425,0
          148.17106,-36.35385,0
          148.17107,-36.35362,0
          148.17116,-36.35322,0
          148.17116,-36.35307,0
          148.17104,-36.35274,0
          148.17103,-36.35266,0
          148.17111,-36.35247,0
          148.1712,-36.35235,0
          148.17125,-36.35225,0
          148.1713,-36.35208,0
          148.17135,-36.35198,0
          148.17159,-36.35176,0
          148.1717,-36.35157,0
          148.17178,-36.35129,0
          148.1718,-36.35107,0
          148.17175,-36.35083,0
          148.17161,-36.35057,0
          148.17132,-36.35033,0
          148.1712,-36.35015,0
          148.17115,-36.35003,0
          148.17109,-36.34978,0
          148.17115,-36.34887,0
          148.17113,-36.34875,0
          148.17104,-36.34858,0
          148.17091,-36.34845,0
          148.17077,-36.34836,0
          148.17061,-36.34829,0
          148.17044,-36.34825,0
          148.17011,-36.34822,0
          148.16985,-36.34824,0
          148.16947,-36.34836,0
          148.16931,-36.34839,0
          148.16915,-36.34836,0
          148.16913,-36.34834,0
          148.16908,-36.34832,0
          148.16896,-36.34823,0
          148.16893,-36.34819,0
          148.16882,-36.34774,0
          148.16876,-36.34762,0
          148.16859,-36.3475,0
          148.16814,-36.34731,0
          148.16752,-36.34684,0
          148.16739,-36.34669,0
          148.1673,-36.3465,0
          148.1673,-36.34633,0
          148.16773,-36.34538,0
          148.16775,-36.3453,0
          148.16773,-36.34461,0
          148.16761,-36.34388,0
          148.16747,-36.34355,0
          148.16733,-36.34336,0
          148.16731,-36.34329,0
          148.16731,-36.34322,0
          148.16746,-36.34298,0
          148.16749,-36.34281,0
          148.16746,-36.34269,0
          148.16737,-36.34257,0
          148.16726,-36.34247,0
          148.16726,-36.34246,0
          148.16681,-36.34214,0
          148.16522,-36.3415,0
          148.16477,-36.34138,0
          148.16465,-36.34137,0
          148.1645,-36.34132,0
          148.16437,-36.34119,0
          148.16429,-36.34102,0
          148.1642,-36.34062,0
          148.16416,-36.34057,0
          148.16412,-36.34056,0
          148.16407,-36.34057,0
          148.16406,-36.34058,0
          148.16404,-36.34058,0
          148.16402,-36.3406,0
          148.164,-36.34069,0
          148.16398,-36.34141,0
          148.16387,-36.34157,0
          148.16382,-36.34175,0
          148.16382,-36.34178,0
          148.16381,-36.34181,0
          148.16381,-36.34184,0
          148.16382,-36.34187,0
          148.16388,-36.34192,0
          148.16415,-36.34203,0
          148.16479,-36.34246,0
          148.16492,-36.3426,0
          148.16492,-36.34261,0
          148.16498,-36.34269,0
          148.16499,-36.34285,0
          148.16481,-36.34329,0
          148.16466,-36.34354,0
          148.16461,-36.34358,0
          148.16454,-36.3436,0
          148.16448,-36.34358,0
          148.16445,-36.34355,0
          148.16443,-36.34346,0
          148.16444,-36.34341,0
          148.16451,-36.34325,0
          148.16451,-36.34313,0
          148.16449,-36.34307,0
          148.1644,-36.34299,0
          148.16433,-36.34296,0
          148.16427,-36.34295,0
          148.16343,-36.34299,0
          148.1632,-36.34297,0
          148.16293,-36.34291,0
          148.16206,-36.34261,0
          148.16146,-36.34229,0
          148.16134,-36.3422,0
          148.16134,-36.34219,0
          148.16128,-36.3421,0
          148.16127,-36.34202,0
          148.1613,-36.34184,0
          148.16143,-36.34166,0
          148.16145,-36.34157,0
          148.16144,-36.34153,0
          148.16129,-36.34145,0
          148.16107,-36.34141,0
          148.16022,-36.34136,0
          148.16012,-36.34133,0
          148.16007,-36.3413,0
          148.16003,-36.34122,0
          148.15991,-36.34058,0
          148.15992,-36.34044,0
          148.15987,-36.34029,0
          148.15957,-36.33989,0
          148.15954,-36.33983,0
          148.15949,-36.33965,0
          148.15949,-36.3395,0
          148.15953,-36.33941,0
          148.1596,-36.33931,0
          148.15989,-36.33904,0
          148.15989,-36.33903,0
          148.16016,-36.33875,0
          148.16033,-36.33864,0
          148.16054,-36.33861,0
          148.16055,-36.3386,0
          148.16085,-36.33853,0
          148.16089,-36.3385,0
          148.16121,-36.33809,0
          148.16135,-36.33801,0
          148.16154,-36.33797,0
          148.16162,-36.33793,0
          148.16166,-36.33788,0
          148.16168,-36.33782,0
          148.16168,-36.33776,0
          148.16166,-36.33769,0
          148.16147,-36.33733,0
          148.16044,-36.33577,0
          148.1603,-36.33551,0
          148.16024,-36.33535,0
          148.16023,-36.33479,0
          148.16027,-36.33455,0
          148.16024,-36.33415,0
          148.16019,-36.33398,0
          148.15984,-36.33339,0
          148.15972,-36.33295,0
          148.15957,-36.33127,0
          148.1595,-36.33087,0
          148.15947,-36.33024,0
          148.15928,-36.32977,0
          148.15914,-36.32957,0
          148.15888,-36.32931,0
          148.1585,-36.32906,0
          148.15813,-36.3289,0
          148.15801,-36.32879,0
          148.15653,-36.32678,0
          148.15633,-36.32662,0
          148.15475,-36.3256,0
          148.15456,-36.32544,0
          148.15372,-36.32407,0
          148.15366,-36.32379,0
          148.15372,-36.32182,0
          148.15369,-36.32164,0
          148.15363,-36.32151,0
          148.153,-36.32078,0
          148.15289,-36.32052,0
          148.15275,-36.32001,0
          148.15274,-36.31966,0
          148.15259,-36.31829,0
          148.15263,-36.31721,0
          148.15258,-36.31702,0
          148.1525,-36.31686,0
          148.15105,-36.31485,0
          148.15037,-36.314,0
          148.15036,-36.314,0
          148.14993,-36.3135,0
          148.14852,-36.31288,0
          148.14829,-36.31271,0
          148.14829,-36.3127,0
          148.14815,-36.31254,0
          148.14712,-36.31106,0
          148.14702,-36.31084,0
          148.14683,-36.31011,0
          148.14682,-36.3101,0
          148.14671,-36.30958,0
          148.14666,-36.30868,0
          148.14655,-36.30845,0
          148.14644,-36.30831,0
          148.1459,-36.3078,0
          148.1449,-36.3071,0
          148.1449,-36.30709,0
          148.14477,-36.30688,0
          148.14398,-36.30513,0
          148.14325,-36.30437,0
          148.143,-36.304,0
          148.14298,-36.30393,0
          148.14293,-36.30271,0
          148.14287,-36.30261,0
          148.14274,-36.30249,0
          148.1426,-36.3024,0
          148.14166,-36.302,0
          148.14147,-36.30186,0
          148.14137,-36.30175,0
          148.14129,-36.30152,0
          148.14124,-36.30118,0
          148.14136,-36.30029,0
          148.14136,-36.3,0
          148.14129,-36.29973,0
          148.14129,-36.2997,0
          148.14055,-36.29776,0
          148.14016,-36.29641,0
          148.14,-36.29557,0
          148.13997,-36.29496,0
          148.13983,-36.29374,0
          148.13982,-36.29373,0
          148.1398,-36.29362,0
          148.13961,-36.29322,0
          148.13924,-36.29267,0
          148.13924,-36.29266,0
          148.13909,-36.29241,0
          148.13909,-36.29236,0
          148.13908,-36.29234,0
          148.13918,-36.29202,0
          148.13922,-36.29195,0
          148.13927,-36.29191,0
          148.13932,-36.29183,0
          148.13942,-36.29117,0
          148.13941,-36.29109,0
          148.13931,-36.29085,0
          148.1393,-36.29078,0
          148.13931,-36.29073,0
          148.13935,-36.29068,0
          148.13942,-36.29064,0
          148.13974,-36.29058,0
          148.14005,-36.29047,0
          148.14012,-36.29042,0
          148.14018,-36.29029,0
          148.14018,-36.29018,0
          148.14009,-36.28996,0
          148.1401,-36.28986,0
          148.14019,-36.28967,0
          148.14024,-36.28951,0
          148.14015,-36.28883,0
          148.14015,-36.2885,0
          148.14012,-36.28839,0
          148.13997,-36.28816,0
          148.13924,-36.28733,0
          148.13922,-36.28732,0
          148.13899,-36.28702,0
          148.1388,-36.28671,0
          148.1388,-36.2867,0
          148.13866,-36.28648,0
          148.13865,-36.28637,0
          148.1387,-36.2863,0
          148.13882,-36.2862,0
          148.13892,-36.28597,0
          148.13904,-36.28558,0
          148.13904,-36.28533,0
          148.13897,-36.28524,0
          148.13871,-36.28502,0
          148.13866,-36.28484,0
          148.13862,-36.28449,0
          148.13866,-36.28421,0
          148.13863,-36.28398,0
          148.13858,-36.28382,0
          148.13859,-36.28374,0
          148.13871,-36.28361,0
          148.139,-36.28338,0
          148.13906,-36.28336,0
          148.1391,-36.28333,0
          148.1391,-36.28331,0
          148.13911,-36.2833,0
          148.13911,-36.28323,0
          148.13908,-36.28314,0
          148.13898,-36.28298,0
          148.13891,-36.28282,0
          148.1389,-36.28281,0
          148.13883,-36.28264,0
          148.13882,-36.28246,0
          148.13885,-36.28228,0
          148.13915,-36.2818,0
          148.13915,-36.28121,0
          148.13893,-36.27958,0
          148.13885,-36.27928,0
          148.13878,-36.27918,0
          148.13868,-36.2791,0
          148.13862,-36.27909,0
          148.13851,-36.27912,0
          148.13838,-36.27918,0
          148.13836,-36.2792,0
          148.13833,-36.27921,0
          148.13829,-36.27921,0
          148.1382,-36.27918,0
          148.13815,-36.27914,0
          148.13814,-36.27911,0
          148.13814,-36.27904,0
          148.13817,-36.27894,0
          148.13817,-36.27886,0
          148.13806,-36.27859,0
          148.13805,-36.2783,0
          148.13803,-36.27827,0
          148.1377,-36.27801,0
          148.13766,-36.27793,0
          148.13761,-36.27776,0
          148.13754,-36.27768,0
          148.13746,-36.27763,0
          148.13738,-36.27755,0
          148.13729,-36.27741,0
          148.13729,-36.2774,0
          148.13723,-36.2773,0
          148.13701,-36.27713,0
          148.13683,-36.27705,0
          148.13672,-36.27702,0
          148.13652,-36.27701,0
          148.1362,-36.27717,0
          148.13592,-36.27727,0
          148.13584,-36.27734,0
          148.13584,-36.27736,0
          148.1358,-36.27748,0
          148.13575,-36.27755,0
          148.13569,-36.27759,0
          148.13564,-36.2776,0
          148.13552,-36.27755,0
          148.13532,-36.27737,0
          148.13507,-36.27721,0
          148.13483,-36.27711,0
          148.13474,-36.27711,0
          148.1347,-36.27712,0
          148.13449,-36.27725,0
          148.13424,-36.27728,0
          148.13385,-36.27722,0
          148.13365,-36.27714,0
          148.13354,-36.27706,0
          148.13331,-36.2768,0
          148.13304,-36.27639,0
          148.13303,-36.27639,0
          148.13274,-36.27601,0
          148.13269,-36.27592,0
          148.13264,-36.27578,0
          148.13242,-36.27536,0
          148.13238,-36.27523,0
          148.1322,-36.27486,0
          148.13205,-36.27468,0
          148.13091,-36.2739,0
          148.12972,-36.27286,0
          148.12955,-36.27264,0
          148.12922,-36.27181,0
          148.12913,-36.27172,0
          148.12903,-36.27167,0
          148.1283,-36.27152,0
          148.12804,-36.27139,0
          148.12727,-36.27059,0
          148.12694,-36.27037,0
          148.12672,-36.27011,0
          148.12665,-36.27,0
          148.12653,-36.26972,0
          148.1259,-36.26899,0
          148.12574,-36.26868,0
          148.1256,-36.26852,0
          148.1255,-36.26834,0
          148.12546,-36.2682,0
          148.12545,-36.26765,0
          148.12557,-36.26691,0
          148.12558,-36.2669,0
          148.1258,-36.26587,0
          148.12574,-36.265,0
          148.12578,-36.26449,0
          148.12577,-36.26439,0
          148.12575,-36.26434,0
          148.1257,-36.26427,0
          148.12552,-36.2641,0
          148.12541,-36.26396,0
          148.12541,-36.26392,0
          148.1254,-36.26389,0
          148.12542,-36.26375,0
          148.12541,-36.26354,0
          148.12535,-36.26341,0
          148.12506,-36.26301,0
          148.12496,-36.26291,0
          148.12485,-36.26285,0
          148.12427,-36.26268,0
          148.12362,-36.26262,0
          148.12335,-36.26255,0
          148.12334,-36.26226,0
          148.12339,-36.26177,0
          148.12349,-36.26145,0
          148.12371,-36.26093,0
          148.12845,-36.2513,0
          148.12845,-36.25129,0
          148.12967,-36.24944,0
          148.1302,-36.24877,0
          148.13034,-36.24865,0
          148.13079,-36.24838,0
          148.13124,-36.24825,0
          148.13159,-36.2482,0
          148.13195,-36.24821,0
          148.13235,-36.24828,0
          148.1329,-36.24846,0
          148.13475,-36.24928,0
          148.13509,-36.24936,0
          148.13536,-36.24939,0
          148.13574,-36.24938,0
          148.13629,-36.24927,0
          148.13666,-36.2491,0
          148.13694,-36.24889,0
          148.13719,-36.2486,0
          148.13748,-36.24811,0
          148.13935,-36.24432,0
          148.1397,-36.24322,0
          148.13997,-36.2419,0
          148.14004,-36.24126,0
          148.14012,-36.23872,0
          148.14013,-36.23869,0
          148.14025,-36.23491,0
          148.14023,-36.23475,0
          148.14014,-36.23451,0
          148.13999,-36.23427,0
          148.13988,-36.23414,0
          148.13955,-36.2339,0
          148.13983,-36.23351,0
          148.1404,-36.23239,0
          148.1404,-36.23238,0
          148.14179,-36.22945,0
          148.1424,-36.22755,0
          148.14266,-36.22692,0
          148.1443,-36.22367,0
          148.14463,-36.22316,0
          148.14493,-36.22287,0
          148.1455,-36.2225,0
          148.14596,-36.22233,0
          148.14674,-36.22211,0
          148.14698,-36.222,0
          148.14722,-36.22183,0
          148.14723,-36.22183,0
          148.14737,-36.22167,0
          148.14743,-36.22152,0
          148.14744,-36.22152,0
          148.1475,-36.22129,0
          148.14728,-36.22122,0
          148.14691,-36.22098,0
          148.14666,-36.2207,0
          148.14657,-36.22054,0
          148.14647,-36.22024,0
          148.14627,-36.21935,0
          148.14614,-36.21893,0
          148.14601,-36.21863,0
          148.14589,-36.21846,0
          148.14578,-36.21835,0
          148.1454,-36.21811,0
          148.14517,-36.21801,0
          148.14191,-36.21693,0
          148.1416,-36.21687,0
          148.13937,-36.2168,0
          148.13633,-36.21683,0
          148.13603,-36.21687,0
          148.13468,-36.2172,0
          148.13269,-36.21748,0
          148.13263,-36.21747,0
          148.13069,-36.21769,0
          148.12965,-36.21792,0
          148.12866,-36.21826,0
          148.12685,-36.2191,0
          148.12606,-36.21939,0
          148.12406,-36.21991,0
          148.12326,-36.22004,0
          148.12248,-36.22001,0
          148.1222,-36.21997,0
          148.12162,-36.21981,0
          148.12094,-36.21949,0
          148.11492,-36.2156,0
          148.11433,-36.21513,0
          148.11371,-36.2145,0
          148.11323,-36.21393,0
          148.11314,-36.21379,0
          148.11202,-36.21149,0
          148.11192,-36.21139,0
          148.1092,-36.20921,0
          148.106,-36.20737,0
          148.10513,-36.20696,0
          148.10372,-36.20651,0
          148.10215,-36.20609,0
          148.10188,-36.20599,0
          148.10176,-36.20592,0
          148.10172,-36.20591,0
          148.10153,-36.20576,0
          148.10133,-36.2055,0
          148.10123,-36.20529,0
          148.1012,-36.20513,0
          148.10119,-36.20482,0
          148.1031,-36.19573,0
          148.10315,-36.19533,0
          148.10315,-36.19512,0
          148.10303,-36.19463,0
          148.10287,-36.19432,0
          148.10254,-36.1939,0
          148.10186,-36.19319,0
          148.10143,-36.19261,0
          148.10053,-36.19086,0
          148.1004,-36.19021,0
          148.10041,-36.19,0
          148.10216,-36.18096,0
          148.10216,-36.18061,0
          148.10212,-36.18043,0
          148.10205,-36.18025,0
          148.10199,-36.18015,0
          148.10183,-36.17996,0
          148.10166,-36.17985,0
          148.10147,-36.17976,0
          148.10101,-36.17966,0
          148.08943,-36.17821,0
          148.08927,-36.17816,0
          148.08899,-36.17802,0
          148.08874,-36.17783,0
          148.0886,-36.17766,0
          148.08848,-36.17745,0
          148.08758,-36.17454,0
          148.08735,-36.17412,0
          148.08705,-36.17384,0
          148.08299,-36.17106,0
          148.08224,-36.17067,0
          148.07921,-36.1696,0
          148.07897,-36.16956,0
          148.07872,-36.16955,0
          148.0771,-36.16968,0
          148.07661,-36.16966,0
          148.07601,-36.16945,0
          148.07582,-36.16933,0
          148.07544,-36.16892,0
          148.07526,-36.16856,0
          148.07524,-36.16846,0
          148.07523,-36.16846,0
          148.07522,-36.16834,0
          148.07527,-36.16747,0
          148.07519,-36.1673,0
          148.07506,-36.16716,0
          148.07486,-36.16706,0
          148.0747,-36.16702,0
          148.07451,-36.16702,0
          148.07439,-36.16704,0
          148.07413,-36.16713,0
          148.07259,-36.16791,0
          148.07245,-36.16795,0
          148.07208,-36.16796,0
          148.07184,-36.16791,0
          148.07158,-36.1678,0
          148.0696,-36.16647,0
          148.06911,-36.16631,0
          148.06884,-36.16625,0
          148.06868,-36.16624,0
          148.0686,-36.16622,0
          148.06806,-36.16624,0
          148.06715,-36.16637,0
          148.06687,-36.16638,0
          148.06651,-36.16634,0
          148.06512,-36.16585,0
          148.06472,-36.16578,0
          148.06444,-36.16578,0
          148.06417,-36.16581,0
          148.06379,-36.16592,0
          148.06247,-36.16651,0
          148.06208,-36.16662,0
          148.06198,-36.16663,0
          148.06196,-36.16664,0
          148.05845,-36.16675,0
          148.05811,-36.16679,0
          148.05775,-36.16688,0
          148.05533,-36.1679,0
          148.05458,-36.16817,0
          148.0533,-36.16853,0
          148.05223,-36.16874,0
          148.04934,-36.16904,0
          148.04611,-36.16956,0
          148.04572,-36.1697,0
          148.04535,-36.16994,0
          148.04495,-36.17038,0
          148.04492,-36.17045,0
          148.04428,-36.17145,0
          148.04393,-36.17184,0
          148.04121,-36.17385,0
          148.04088,-36.17406,0
          148.0405,-36.17423,0
          148.04031,-36.17429,0
          148.04009,-36.17432,0
          148.03985,-36.17432,0
          148.03955,-36.17427,0
          148.03929,-36.17419,0
          148.03907,-36.17406,0
          148.03886,-36.17389,0
          148.03751,-36.17257,0
          148.03736,-36.17249,0
          148.03148,-36.17054,0
          148.03069,-36.17033,0
          148.02607,-36.16943,0
          148.02256,-36.16854,0
          148.02116,-36.16826,0
          148.02007,-36.1682,0
          148.00981,-36.16858,0
          148.00814,-36.16855,0
          148.00805,-36.16857,0
          148.00743,-36.16851,0
          148.00425,-36.168,0
          148.00292,-36.16787,0
          148.00283,-36.16784,0
          148.00132,-36.16772,0
          148.0013,-36.16771,0
          148.00019,-36.16764,0
          147.99531,-36.16796,0
          147.99437,-36.16792,0
          147.98675,-36.16668,0
          147.98432,-36.16662,0
          147.98397,-36.16658,0
          147.98336,-36.1664,0
          147.98291,-36.16618,0
          147.98258,-36.16595,0
          147.98233,-36.16571,0
          147.98233,-36.1657,0
          147.98224,-36.1656,0
          147.98215,-36.16546,0
          147.98204,-36.16521,0
          147.98198,-36.16501,0
          147.98177,-36.16391,0
          147.98169,-36.16377,0
          147.98161,-36.16371,0
          147.9815,-36.16367,0
          147.98125,-36.1637,0
          147.98108,-36.16379,0
          147.98041,-36.16424,0
          147.97999,-36.16444,0
          147.97954,-36.1646,0
          147.97558,-36.16552,0
          147.97484,-36.16558,0
          147.97426,-36.16555,0
          147.97381,-36.16544,0
          147.97326,-36.16522,0
          147.9707,-36.16394,0
          147.97021,-36.16378,0
          147.96971,-36.16366,0
          147.96819,-36.1634,0
          147.96772,-36.16336,0
          147.96725,-36.16339,0
          147.96687,-36.16345,0
          147.96343,-36.16443,0
          147.96258,-36.16454,0
          147.96233,-36.16454,0
          147.96185,-36.16448,0
          147.96127,-36.16432,0
          147.96079,-36.1641,0
          147.96051,-36.16392,0
          147.95471,-36.15901,0
          147.95466,-36.15894,0
          147.95454,-36.15887,0
          147.95413,-36.15854,0
          147.95279,-36.15955,0
          147.95271,-36.15959,0
          147.93613,-36.17239,0
          147.93216,-36.17512,0
          147.93032,-36.17688,0
          147.92932,-36.17773,0
          147.92922,-36.17778,0
          147.92031,-36.18467,0
          147.9203,-36.18467,0
          147.91455,-36.18909,0
          147.91449,-36.18916,0
          147.90937,-36.1931,0
          147.90929,-36.19314,0
          147.90862,-36.19365,0
          147.90855,-36.19373,0
          147.90843,-36.19382,0
          147.90833,-36.19387,0
          147.90742,-36.19458,0
          147.90721,-36.19479,0
          147.90713,-36.19482,0
          147.90713,-36.19486,0
          147.90712,-36.19487,0
          147.90712,-36.19488,0
          147.90711,-36.19488,0
          147.90711,-36.19489,0
          147.9071,-36.1949,0
          147.9071,-36.19491,0
          147.90709,-36.19491,0
          147.90709,-36.19492,0
          147.90708,-36.19492,0
          147.90708,-36.19493,0
          147.90707,-36.19493,0
          147.90705,-36.19495,0
          147.90704,-36.19495,0
          147.90703,-36.19496,0
          147.907,-36.19496,0
          147.90699,-36.19497,0
          147.90691,-36.19497,0
          147.9069,-36.19496,0
          147.90687,-36.19496,0
          147.90687,-36.19495,0
          147.90682,-36.19494,0
          147.90672,-36.19502,0
          147.90478,-36.1958,0
          147.90464,-36.19588,0
          147.90462,-36.19587,0
          147.90461,-36.19588,0
          147.9046,-36.19588,0
          147.90459,-36.19589,0
          147.90458,-36.19589,0
          147.90457,-36.1959,0
          147.90456,-36.1959,0
          147.90455,-36.19591,0
          147.90453,-36.19591,0
          147.90452,-36.19592,0
          147.90443,-36.19592,0
          147.9044,-36.19597,0
          147.90403,-36.19609,0
          147.90028,-36.19759,0
          147.90028,-36.1976,0
          147.89944,-36.19792,0
          147.89943,-36.19793,0
          147.88967,-36.20179,0
          147.88926,-36.20192,0
          147.88742,-36.20232,0
          147.8873,-36.20232,0
          147.8754,-36.20504,0
          147.87283,-36.20591,0
          147.87227,-36.20614,0
          147.872,-36.20628,0
          147.87163,-36.20653,0
          147.87131,-36.20679,0
          147.87106,-36.20704,0
          147.86966,-36.20867,0
          147.86961,-36.20871,0
          147.86735,-36.21133,0
          147.86681,-36.21173,0
          147.86632,-36.21202,0
          147.86366,-36.21329,0
          147.86304,-36.21348,0
          147.85271,-36.21544,0
          147.85184,-36.21548,0
          147.85098,-36.21537,0
          147.85067,-36.21529,0
          147.84259,-36.21241,0
          147.84191,-36.21222,0
          147.84135,-36.21213,0
          147.84073,-36.21211,0
          147.84024,-36.21215,0
          147.83936,-36.21233,0
          147.83871,-36.21257,0
          147.83774,-36.21317,0
          147.83707,-36.21367,0
          147.83702,-36.21373,0
          147.83453,-36.21558,0
          147.83409,-36.21586,0
          147.83372,-36.21604,0
          147.83329,-36.21619,0
          147.83273,-36.2163,0
          147.83226,-36.21633,0
          147.832,-36.21632,0
          147.83189,-36.21629,0
          147.83133,-36.21623,0
          147.82093,-36.2143,0
          147.8201,-36.21398,0
          147.81946,-36.2136,0
          147.8169,-36.21152,0
          147.81689,-36.21152,0
          147.8155,-36.21036,0
          147.8155,-36.21035,0
          147.81394,-36.20906,0
          147.81323,-36.2086,0
          147.81258,-36.20832,0
          147.81189,-36.20814,0
          147.81121,-36.20805,0
          147.81073,-36.20806,0
          147.80707,-36.20848,0
          147.80591,-36.20853,0
          147.80507,-36.20846,0
          147.80109,-36.20781,0
          147.79991,-36.20753,0
          147.7989,-36.20713,0
          147.79701,-36.20622,0
          147.79621,-36.20594,0
          147.79526,-36.2058,0
          147.79087,-36.20563,0
          147.78927,-36.20563,0
          147.78914,-36.20566,0
          147.78746,-36.2056,0
          147.78732,-36.20556,0
          147.78531,-36.20558,0
          147.78463,-36.20563,0
          147.78428,-36.20569,0
          147.75888,-36.21378,0
          147.75864,-36.21389,0
          147.75855,-36.21391,0
          147.75781,-36.2143,0
          147.75726,-36.21466,0
          147.75143,-36.21918,0
          147.75079,-36.21956,0
          147.75012,-36.2198,0
          147.74955,-36.21993,0
          147.74267,-36.22061,0
          147.74163,-36.22086,0
          147.7397,-36.22167,0
          147.73926,-36.22181,0
          147.73884,-36.2219,0
          147.73844,-36.22194,0
          147.7379,-36.22193,0
          147.73701,-36.22181,0
          147.73218,-36.22086,0
          147.7315,-36.22078,0
          147.73121,-36.22078,0
          147.73047,-36.2209,0
          147.73022,-36.221,0
          147.72992,-36.22116,0
          147.72941,-36.22155,0
          147.72908,-36.22201,0
          147.72818,-36.22311,0
          147.72773,-36.22355,0
          147.72714,-36.22393,0
          147.72663,-36.22415,0
          147.72549,-36.22448,0
          147.72269,-36.22572,0
          147.7224,-36.22589,0
          147.7224,-36.2259,0
          147.72206,-36.2262,0
          147.72198,-36.2263,0
          147.72168,-36.22681,0
          147.7215,-36.2274,0
          147.72124,-36.22806,0
          147.72106,-36.22833,0
          147.72084,-36.22859,0
          147.72049,-36.22888,0
          147.71999,-36.22914,0
          147.71151,-36.23133,0
          147.7109,-36.23136,0
          147.71019,-36.23128,0
          147.70977,-36.23119,0
          147.70901,-36.23087,0
          147.70842,-36.23049,0
          147.70574,-36.22852,0
          147.70524,-36.22805,0
          147.70497,-36.22765,0
          147.70474,-36.22711,0
          147.70464,-36.22664,0
          147.70456,-36.22486,0
          147.7045,-36.22457,0
          147.70433,-36.22407,0
          147.70415,-36.22369,0
          147.70375,-36.22308,0
          147.70373,-36.22307,0
          147.70332,-36.22251,0
          147.70311,-36.22227,0
          147.70275,-36.22193,0
          147.70232,-36.22162,0
          147.70181,-36.22133,0
          147.70125,-36.22112,0
          147.69446,-36.21931,0
          147.69364,-36.21926,0
          147.69199,-36.21932,0
          147.69133,-36.21929,0
          147.69095,-36.21922,0
          147.69072,-36.21915,0
          147.69025,-36.21894,0
          147.6898,-36.21864,0
          147.68969,-36.21864,0
          147.68952,-36.2186,0
          147.68929,-36.21847,0
          147.6892,-36.21839,0
          147.6892,-36.21838,0
          147.68903,-36.21825,0
          147.68885,-36.21817,0
          147.68883,-36.21822,0
          147.68872,-36.2183,0
          147.68843,-36.21844,0
          147.68822,-36.21851,0
          147.68792,-36.21857,0
          147.68775,-36.21866,0
          147.68753,-36.21891,0
          147.68745,-36.21896,0
          147.68744,-36.21896,0
          147.68741,-36.21898,0
          147.68735,-36.219,0
          147.68722,-36.219,0
          147.68711,-36.21896,0
          147.68695,-36.21885,0
          147.68678,-36.21881,0
          147.68635,-36.21891,0
          147.68586,-36.21912,0
          147.6853,-36.21918,0
          147.685,-36.21929,0
          147.68497,-36.21932,0
          147.68468,-36.21943,0
          147.68431,-36.21944,0
          147.68421,-36.21941,0
          147.68416,-36.21941,0
          147.68412,-36.21939,0
          147.68336,-36.2192,0
          147.68331,-36.2192,0
          147.6832,-36.21924,0
          147.68245,-36.21918,0
          147.68242,-36.21919,0
          147.6823,-36.21919,0
          147.68151,-36.21938,0
          147.68132,-36.21947,0
          147.68105,-36.21968,0
          147.68089,-36.2199,0
          147.68081,-36.21994,0
          147.68073,-36.21994,0
          147.68073,-36.21993,0
          147.6807,-36.21993,0
          147.68067,-36.21992,0
          147.68061,-36.21992,0
          147.68059,-36.21993,0
          147.68057,-36.21993,0
          147.68053,-36.21995,0
          147.68049,-36.21999,0
          147.68047,-36.22003,0
          147.68045,-36.22005,0
          147.68034,-36.22026,0
          147.67979,-36.22078,0
          147.67974,-36.22081,0
          147.6797,-36.22081,0
          147.67968,-36.22079,0
          147.67968,-36.22075,0
          147.67967,-36.22073,0
          147.67966,-36.22061,0
          147.67961,-36.22049,0
          147.6796,-36.22049,0
          147.67957,-36.22045,0
          147.67951,-36.2204,0
          147.6794,-36.22034,0
          147.6792,-36.22029,0
          147.67914,-36.22029,0
          147.67899,-36.22039,0
          147.67848,-36.22082,0
          147.67826,-36.22089,0
          147.67826,-36.22091,0
          147.67821,-36.22099,0
          147.67785,-36.22117,0
          147.67756,-36.22123,0
          147.67734,-36.22125,0
          147.67715,-36.22131,0
          147.67713,-36.22133,0
          147.67577,-36.22202,0
          147.67564,-36.22212,0
          147.67563,-36.22212,0
          147.67519,-36.22251,0
          147.67505,-36.22259,0
          147.67498,-36.22265,0
          147.67468,-36.22278,0
          147.67462,-36.22279,0
          147.67404,-36.22264,0
          147.67372,-36.22246,0
          147.67371,-36.22246,0
          147.6736,-36.22241,0
          147.67352,-36.22234,0
          147.6735,-36.22231,0
          147.67334,-36.22221,0
          147.67318,-36.22216,0
          147.67317,-36.22215,0
          147.67316,-36.22215,0
          147.67315,-36.22212,0
          147.67313,-36.2221,0
          147.67312,-36.22207,0
          147.67304,-36.22203,0
          147.67296,-36.22203,0
          147.67294,-36.22202,0
          147.67289,-36.22202,0
          147.67286,-36.22201,0
          147.67268,-36.22201,0
          147.67264,-36.22202,0
          147.67258,-36.22201,0
          147.67244,-36.22192,0
          147.67237,-36.22203,0
          147.67198,-36.22245,0
          147.67139,-36.22282,0
          147.6687,-36.22381,0
          147.66801,-36.22396,0
          147.66767,-36.22399,0
          147.66694,-36.22395,0
          147.6663,-36.22379,0
          147.66546,-36.2234,0
          147.66546,-36.22339,0
          147.66545,-36.22339,0
          147.66433,-36.22269,0
          147.664,-36.22252,0
          147.66388,-36.22248,0
          147.66308,-36.22235,0
          147.66269,-36.22234,0
          147.66259,-36.22231,0
          147.66091,-36.22234,0
          147.66079,-36.22236,0
          147.65897,-36.22238,0
          147.65863,-36.22232,0
          147.65799,-36.22209,0
          147.6577,-36.22194,0
          147.65517,-36.22036,0
          147.65426,-36.21971,0
          147.65403,-36.2195,0
          147.65378,-36.21921,0
          147.65287,-36.21769,0
          147.65259,-36.21733,0
          147.64974,-36.2149,0
          147.64856,-36.21349,0
          147.6482,-36.21298,0
          147.64792,-36.21251,0
          147.64629,-36.20885,0
          147.64628,-36.20884,0
          147.64618,-36.2084,0
          147.64614,-36.20803,0
          147.64614,-36.20772,0
          147.64634,-36.20652,0
          147.64646,-36.20604,0
          147.6465,-36.20594,0
          147.64693,-36.20374,0
          147.64738,-36.19585,0
          147.64728,-36.19411,0
          147.6472,-36.19361,0
          147.64706,-36.19309,0
          147.64687,-36.19265,0
          147.64668,-36.19231,0
          147.64638,-36.19191,0
          147.64162,-36.1876,0
          147.64081,-36.18671,0
          147.64064,-36.18644,0
          147.64045,-36.18603,0
          147.6403,-36.18557,0
          147.64023,-36.18525,0
          147.64005,-36.18524,0
          147.63962,-36.18514,0
          147.63943,-36.18505,0
          147.63896,-36.18466,0
          147.63895,-36.18464,0
          147.63882,-36.18452,0
          147.63881,-36.1845,0
          147.63858,-36.18428,0
          147.63771,-36.1836,0
          147.63738,-36.18339,0
          147.63737,-36.18339,0
          147.63723,-36.18332,0
          147.63696,-36.18328,0
          147.63651,-36.18326,0
          147.6365,-36.18325,0
          147.63364,-36.18295,0
          147.63206,-36.18244,0
          147.62967,-36.18198,0
          147.62841,-36.18161,0
          147.62763,-36.18117,0
          147.62655,-36.18076,0
          147.62639,-36.18076,0
          147.62589,-36.18092,0
          147.62525,-36.18123,0
          147.62505,-36.18136,0
          147.62422,-36.18222,0
          147.62387,-36.18246,0
          147.62305,-36.18293,0
          147.62264,-36.18322,0
          147.62245,-36.18329,0
          147.62213,-36.18336,0
          147.62195,-36.18343,0
          147.62194,-36.18344,0
          147.62166,-36.18355,0
          147.62149,-36.18359,0
          147.62136,-36.18365,0
          147.62121,-36.18375,0
          147.62118,-36.18379,0
          147.62111,-36.18395,0
          147.62107,-36.18399,0
          147.62099,-36.18399,0
          147.62086,-36.18393,0
          147.62015,-36.18382,0
          147.61938,-36.18386,0
          147.61922,-36.18383,0
          147.61918,-36.1838,0
          147.61917,-36.1838,0
          147.61912,-36.18376,0
          147.61909,-36.18372,0
          147.61906,-36.18365,0
          147.61906,-36.18351,0
          147.6191,-36.18336,0
          147.61917,-36.18323,0
          147.6194,-36.18292,0
          147.62028,-36.18197,0
          147.62094,-36.18146,0
          147.62154,-36.18107,0
          147.62157,-36.18103,0
          147.62157,-36.181,0
          147.62153,-36.18093,0
          147.62148,-36.18088,0
          147.62143,-36.1808,0
          147.62112,-36.18048,0
          147.62109,-36.18043,0
          147.62095,-36.18006,0
          147.62084,-36.17986,0
          147.62057,-36.17952,0
          147.62004,-36.17906,0
          147.61895,-36.17795,0
          147.61884,-36.17787,0
          147.61874,-36.17784,0
          147.61864,-36.17784,0
          147.61852,-36.17788,0
          147.6185,-36.17788,0
          147.61708,-36.17835,0
          147.61682,-36.17834,0
          147.61647,-36.17827,0
          147.61628,-36.17828,0
          147.61622,-36.17831,0
          147.61617,-36.17838,0
          147.61609,-36.17855,0
          147.61601,-36.17865,0
          147.61595,-36.17868,0
          147.61584,-36.1787,0
          147.61534,-36.1787,0
          147.61523,-36.17872,0
          147.61516,-36.17877,0
          147.61487,-36.17908,0
          147.61478,-36.17914,0
          147.61473,-36.17915,0
          147.61472,-36.17916,0
          147.61442,-36.17921,0
          147.61427,-36.1792,0
          147.61409,-36.17913,0
          147.61394,-36.17898,0
          147.61393,-36.17898,0
          147.61361,-36.17873,0
          147.61346,-36.17865,0
          147.61334,-36.17861,0
          147.61314,-36.17858,0
          147.61239,-36.17863,0
          147.61207,-36.17861,0
          147.61184,-36.17855,0
          147.61104,-36.1782,0
          147.60987,-36.17789,0
          147.60966,-36.17777,0
          147.60948,-36.17759,0
          147.60943,-36.17751,0
          147.60941,-36.17738,0
          147.60936,-36.17725,0
          147.60908,-36.17682,0
          147.60895,-36.17667,0
          147.60808,-36.17585,0
          147.60832,-36.17458,0
          147.60803,-36.17444,0
          147.60595,-36.17374,0
          147.60543,-36.17345,0
          147.60356,-36.17195,0
          147.60318,-36.17176,0
          147.60299,-36.17169,0
          147.60255,-36.17158,0
          147.60203,-36.17152,0
          147.60134,-36.17152,0
          147.60101,-36.17158,0
          147.6006,-36.17172,0
          147.59886,-36.17272,0
          147.59842,-36.17291,0
          147.59731,-36.17324,0
          147.59671,-36.17337,0
          147.59628,-36.1734,0
          147.59579,-36.17338,0
          147.59553,-36.17333,0
          147.59531,-36.17326,0
          147.59533,-36.17308,0
          147.59405,-36.17311,0
          147.5934,-36.17322,0
          147.59255,-36.1735,0
          147.59189,-36.17386,0
          147.59132,-36.17432,0
          147.58938,-36.17651,0
          147.58891,-36.1769,0
          147.58859,-36.17711,0
          147.58805,-36.1774,0
          147.58739,-36.17765,0
          147.58651,-36.17785,0
          147.58596,-36.1779,0
          147.58351,-36.17792,0
          147.5834,-36.17788,0
          147.58292,-36.17783,0
          147.5825,-36.17772,0
          147.58209,-36.17756,0
          147.58208,-36.17755,0
          147.58193,-36.17749,0
          147.5816,-36.17731,0
          147.5811,-36.17693,0
          147.58069,-36.17646,0
          147.57968,-36.17478,0
          147.57936,-36.17432,0
          147.57901,-36.17394,0
          147.57692,-36.17218,0
          147.57634,-36.17179,0
          147.57606,-36.17165,0
          147.57559,-36.17148,0
          147.57505,-36.17136,0
          147.57434,-36.17131,0
          147.57365,-36.17138,0
          147.5732,-36.17149,0
          147.57266,-36.17169,0
          147.56997,-36.173,0
          147.56945,-36.17336,0
          147.56914,-36.17364,0
          147.56743,-36.17548,0
          147.56702,-36.17585,0
          147.5665,-36.17625,0
          147.56597,-36.17657,0
          147.56547,-36.17681,0
          147.5647,-36.17708,0
          147.56418,-36.17721,0
          147.56323,-36.17735,0
          147.56262,-36.17738,0
          147.5573,-36.17721,0
          147.55214,-36.1776,0
          147.5517,-36.17759,0
          147.55116,-36.17753,0
          147.55053,-36.17737,0
          147.54973,-36.1771,0
          147.54614,-36.17566,0
          147.54605,-36.17564,0
          147.54487,-36.17519,0
          147.54424,-36.17501,0
          147.54362,-36.17492,0
          147.54269,-36.17494,0
          147.54228,-36.17503,0
          147.54227,-36.17504,0
          147.54185,-36.17517,0
          147.54091,-36.17563,0
          147.53962,-36.17643,0
          147.53893,-36.17678,0
          147.53847,-36.17694,0
          147.53782,-36.17706,0
          147.5378,-36.17707,0
          147.53732,-36.17708,0
          147.5366,-36.17699,0
          147.53602,-36.17679,0
          147.53569,-36.17661,0
          147.53568,-36.17661,0
          147.53533,-36.17634,0
          147.5351,-36.1761,0
          147.53491,-36.17585,0
          147.5347,-36.17546,0
          147.53463,-36.17525,0
          147.53463,-36.17522,0
          147.5346,-36.17514,0
          147.53434,-36.17327,0
          147.53412,-36.17271,0
          147.53397,-36.17245,0
          147.53385,-36.1723,0
          147.53385,-36.17229,0
          147.53261,-36.17103,0
          147.53225,-36.17058,0
          147.53193,-36.17006,0
          147.53163,-36.16934,0
          147.53152,-36.16914,0
          147.5312,-36.1687,0
          147.53028,-36.16762,0
          147.52919,-36.16588,0
          147.52895,-36.16557,0
          147.52863,-36.16525,0
          147.52831,-36.16501,0
          147.5277,-36.16463,0
          147.5233,-36.16228,0
          147.52288,-36.16196,0
          147.52259,-36.16163,0
          147.52239,-36.16128,0
          147.52155,-36.16008,0
          147.52097,-36.1594,0
          147.52032,-36.15883,0
          147.51968,-36.15841,0
          147.51947,-36.15835,0
          147.51945,-36.15833,0
          147.51828,-36.1578,0
          147.51634,-36.15714,0
          147.51572,-36.15698,0
          147.5151,-36.1569,0
          147.5146,-36.15692,0
          147.51422,-36.15698,0
          147.5137,-36.15714,0
          147.51221,-36.15776,0
          147.51138,-36.15798,0
          147.51069,-36.15804,0
          147.51017,-36.15804,0
          147.50789,-36.15788,0
          147.5072,-36.15779,0
          147.50647,-36.15759,0
          147.5061,-36.1574,0
          147.50443,-36.15634,0
          147.50396,-36.15598,0
          147.50353,-36.15549,0
          147.50316,-36.15483,0
          147.50316,-36.15482,0
          147.50245,-36.15346,0
          147.50225,-36.15316,0
          147.50214,-36.15304,0
          147.50193,-36.15287,0
          147.50161,-36.15269,0
          147.50135,-36.1526,0
          147.50116,-36.15256,0
          147.5008,-36.15254,0
          147.5002,-36.15263,0
          147.4991,-36.15293,0
          147.49874,-36.15299,0
          147.49831,-36.15302,0
          147.49522,-36.15264,0
          147.49446,-36.1527,0
          147.49407,-36.15279,0
          147.49381,-36.15289,0
          147.49255,-36.1535,0
          147.49202,-36.15363,0
          147.49137,-36.15366,0
          147.49098,-36.15361,0
          147.49044,-36.15342,0
          147.49026,-36.15333,0
          147.48993,-36.15311,0
          147.48876,-36.15215,0
          147.48567,-36.15028,0
          147.48531,-36.15015,0
          147.48499,-36.15008,0
          147.48435,-36.15002,0
          147.48358,-36.15011,0
          147.48161,-36.15058,0
          147.48107,-36.15081,0
          147.47998,-36.15144,0
          147.47943,-36.15171,0
          147.47913,-36.15182,0
          147.47834,-36.15198,0
          147.47826,-36.15198,0
          147.47824,-36.15199,0
          147.47468,-36.15209,0
          147.47202,-36.15227,0
          147.47162,-36.15225,0
          147.47119,-36.15216,0
          147.47064,-36.15194,0
          147.47028,-36.15172,0
          147.46876,-36.15042,0
          147.46689,-36.14899,0
          147.4664,-36.14876,0
          147.46579,-36.14857,0
          147.46542,-36.14851,0
          147.46457,-36.14852,0
          147.46437,-36.14855,0
          147.46386,-36.14869,0
          147.46132,-36.14971,0
          147.4607,-36.14991,0
          147.45994,-36.15005,0
          147.45897,-36.15015,0
          147.45822,-36.15013,0
          147.45762,-36.15001,0
          147.4573,-36.14989,0
          147.4549,-36.14851,0
          147.45482,-36.14844,0
          147.45235,-36.14698,0
          147.45176,-36.14675,0
          147.45114,-36.14662,0
          147.44477,-36.14644,0
          147.44386,-36.14652,0
          147.44153,-36.14693,0
          147.44105,-36.14695,0
          147.44052,-36.1469,0
          147.43975,-36.14667,0
          147.4383,-36.1461,0
          147.4378,-36.14596,0
          147.43702,-36.14588,0
          147.4341,-36.14596,0
          147.43402,-36.14595,0
          147.43259,-36.14598,0
          147.43256,-36.14599,0
          147.43088,-36.14605,0
          147.43038,-36.14612,0
          147.42997,-36.14622,0
          147.42936,-36.14647,0
          147.42743,-36.14744,0
          147.42713,-36.14763,0
          147.42668,-36.14798,0
          147.42569,-36.14899,0
          147.42568,-36.14899,0
          147.42524,-36.14939,0
          147.42524,-36.1494,0
          147.42447,-36.15005,0
          147.42364,-36.15061,0
          147.42363,-36.15061,0
          147.42256,-36.15123,0
          147.42255,-36.15123,0
          147.42049,-36.15223,0
          147.41911,-36.15313,0
          147.41848,-36.15341,0
          147.41847,-36.15342,0
          147.41819,-36.15351,0
          147.41429,-36.1544,0
          147.414,-36.15449,0
          147.41352,-36.15471,0
          147.41306,-36.15503,0
          147.41148,-36.15653,0
          147.4112,-36.1569,0
          147.41111,-36.15708,0
          147.41099,-36.15743,0
          147.41071,-36.15892,0
          147.41048,-36.15949,0
          147.41026,-36.15982,0
          147.41023,-36.15989,0
          147.40801,-36.16237,0
          147.40777,-36.16269,0
          147.40752,-36.16313,0
          147.40738,-36.1636,0
          147.40709,-36.165,0
          147.40679,-36.16588,0
          147.40657,-36.16631,0
          147.40631,-36.16662,0
          147.40508,-36.16779,0
          147.40501,-36.16783,0
          147.40461,-36.16826,0
          147.40428,-36.16872,0
          147.40353,-36.17043,0
          147.40353,-36.17044,0
          147.40328,-36.17096,0
          147.40295,-36.1714,0
          147.40233,-36.17194,0
          147.40232,-36.17194,0
          147.40095,-36.17302,0
          147.40049,-36.17352,0
          147.39972,-36.17464,0
          147.39938,-36.17497,0
          147.39719,-36.17665,0
          147.3967,-36.17688,0
          147.39654,-36.17692,0
          147.39651,-36.17694,0
          147.3962,-36.17703,0
          147.39586,-36.17717,0
          147.39462,-36.17754,0
          147.39353,-36.17795,0
          147.39302,-36.17826,0
          147.39125,-36.17981,0
          147.39119,-36.17995,0
          147.39063,-36.18046,0
          147.39048,-36.18054,0
          147.39019,-36.18075,0
          147.3894,-36.18118,0
          147.38895,-36.18147,0
          147.38858,-36.1819,0
          147.38858,-36.18191,0
          147.38819,-36.18244,0
          147.38802,-36.18263,0
          147.38784,-36.18276,0
          147.38761,-36.18287,0
          147.38485,-36.18358,0
          147.38447,-36.18362,0
          147.38404,-36.1836,0
          147.38379,-36.18354,0
          147.38338,-36.18336,0
          147.3829,-36.18308,0
          147.38289,-36.18308,0
          147.38167,-36.1823,0
          147.38148,-36.18222,0
          147.38147,-36.18221,0
          147.38116,-36.1821,0
          147.38088,-36.18206,0
          147.38025,-36.18212,0
          147.38007,-36.18216,0
          147.37993,-36.18214,0
          147.37936,-36.18223,0
          147.37877,-36.18238,0
          147.3783,-36.18255,0
          147.37626,-36.18357,0
          147.37625,-36.18357,0
          147.37501,-36.18424,0
          147.3745,-36.18442,0
          147.37332,-36.18468,0
          147.37287,-36.18486,0
          147.37154,-36.18566,0
          147.37129,-36.18585,0
          147.37128,-36.18585,0
          147.37089,-36.18618,0
          147.36969,-36.18692,0
          147.36946,-36.18712,0
          147.36927,-36.18733,0
          147.36861,-36.18821,0
          147.36817,-36.18865,0
          147.36802,-36.18874,0
          147.36802,-36.18875,0
          147.36769,-36.18894,0
          147.36765,-36.18895,0
          147.36765,-36.18896,0
          147.36719,-36.18914,0
          147.3659,-36.18938,0
          147.36518,-36.18958,0
          147.36304,-36.19049,0
          147.3625,-36.19068,0
          147.36213,-36.19076,0
          147.36172,-36.1908,0
          147.36135,-36.1908,0
          147.36086,-36.19074,0
          147.36043,-36.19063,0
          147.36,-36.19044,0
          147.35934,-36.19006,0
          147.35599,-36.18785,0
          147.35323,-36.18663,0
          147.3521,-36.18623,0
          147.35121,-36.18597,0
          147.35059,-36.18587,0
          147.35007,-36.18586,0
          147.34955,-36.1859,0
          147.34945,-36.18593,0
          147.34761,-36.18613,0
          147.34667,-36.18629,0
          147.34633,-36.18638,0
          147.34557,-36.18666,0
          147.34471,-36.1871,0
          147.34412,-36.18753,0
          147.34211,-36.18938,0
          147.33885,-36.19132,0
          147.33874,-36.19135,0
          147.33646,-36.19271,0
          147.33535,-36.19321,0
          147.33486,-36.19338,0
          147.33474,-36.19345,0
          147.33333,-36.19397,0
          147.33323,-36.19399,0
          147.33002,-36.1952,0
          147.32996,-36.19514,0
          147.32983,-36.1951,0
          147.3296,-36.19495,0
          147.32929,-36.19448,0
          147.32863,-36.19464,0
          147.32773,-36.19476,0
          147.32688,-36.19476,0
          147.3155,-36.19338,0
          147.31418,-36.19347,0
          147.31345,-36.19365,0
          147.31204,-36.19427,0
          147.31117,-36.19456,0
          147.31059,-36.19466,0
          147.3065,-36.19478,0
          147.30595,-36.19474,0
          147.30368,-36.19403,0
          147.30281,-36.19367,0
          147.3022,-36.19327,0
          147.3008,-36.19212,0
          147.30029,-36.19187,0
          147.30008,-36.19182,0
          147.29976,-36.19179,0
          147.29941,-36.1918,0
          147.2949,-36.19261,0
          147.29306,-36.19339,0
          147.29263,-36.19346,0
          147.29197,-36.1935,0
          147.29125,-36.19336,0
          147.2908,-36.19319,0
          147.28726,-36.1915,0
          147.28689,-36.19142,0
          147.2863,-36.19137,0
          147.28573,-36.1914,0
          147.28532,-36.19148,0
          147.28487,-36.19168,0
          147.27721,-36.19567,0
          147.27628,-36.19609,0
          147.27376,-36.19698,0
          147.27269,-36.19711,0
          147.27059,-36.19686,0
          147.26937,-36.19685,0
          147.2685,-36.19697,0
          147.26638,-36.19756,0
          147.26562,-36.19764,0
          147.26426,-36.19753,0
          147.26356,-36.19758,0
          147.26332,-36.19762,0
          147.26309,-36.1977,0
          147.26307,-36.1977,0
          147.26259,-36.19791,0
          147.26228,-36.19809,0
          147.26176,-36.19851,0
          147.261,-36.19904,0
          147.26099,-36.19904,0
          147.25933,-36.19999,0
          147.25883,-36.20039,0
          147.25795,-36.2013,0
          147.25719,-36.20196,0
          147.25608,-36.20276,0
          147.25521,-36.20328,0
          147.25468,-36.20353,0
          147.25358,-36.20394,0
          147.25323,-36.20411,0
          147.25276,-36.20444,0
          147.25263,-36.20457,0
          147.25225,-36.20507,0
          147.25207,-36.2055,0
          147.25177,-36.2064,0
          147.25163,-36.20668,0
          147.25142,-36.20699,0
          147.24626,-36.21181,0
          147.24627,-36.2119,0
          147.24466,-36.21343,0
          147.24423,-36.21379,0
          147.24405,-36.21391,0
          147.24379,-36.21404,0
          147.24335,-36.21421,0
          147.24296,-36.21431,0
          147.24229,-36.21439,0
          147.24061,-36.21447,0
          147.2401,-36.21459,0
          147.23897,-36.21498,0
          147.23619,-36.21611,0
          147.2353,-36.21639,0
          147.23362,-36.2168,0
          147.23277,-36.21693,0
          147.23058,-36.21707,0
          147.22941,-36.21699,0
          147.22841,-36.21679,0
          147.22631,-36.21625,0
          147.22544,-36.21614,0
          147.22294,-36.21615,0
          147.22257,-36.21609,0
          147.22089,-36.21567,0
          147.22036,-36.21559,0
          147.22034,-36.21558,0
          147.22003,-36.21555,0
          147.21906,-36.21557,0
          147.21843,-36.21566,0
          147.21728,-36.21575,0
          147.21497,-36.2155,0
          147.2138,-36.21557,0
          147.21205,-36.21592,0
          147.2113,-36.21597,0
          147.21042,-36.2159,0
          147.20835,-36.21537,0
          147.20764,-36.2153,0
          147.20418,-36.21523,0
          147.20411,-36.21521,0
          147.20408,-36.21522,0
          147.2018,-36.21519,0
          147.20074,-36.21524,0
          147.19915,-36.21545,0
          147.18868,-36.21728,0
          147.18397,-36.21778,0
          147.18378,-36.21787,0
          147.18369,-36.21789,0
          147.18321,-36.21788,0
          147.17999,-36.21825,0
          147.17918,-36.21842,0
          147.17896,-36.21843,0
          147.1779,-36.21864,0
          147.1778,-36.21868,0
          147.17769,-36.21876,0
          147.17721,-36.21921,0
          147.17661,-36.21938,0
          147.17656,-36.21938,0
          147.17654,-36.21937,0
          147.17642,-36.21924,0
          147.17634,-36.21924,0
          147.17337,-36.22048,0
          147.17244,-36.22074,0
          147.17113,-36.22093,0
          147.17046,-36.22094,0
          147.1696,-36.22089,0
          147.16856,-36.22069,0
          147.1643,-36.21924,0
          147.16377,-36.21915,0
          147.16308,-36.21911,0
          147.1623,-36.21916,0
          147.16074,-36.21953,0
          147.16023,-36.21959,0
          147.15807,-36.2197,0
          147.15751,-36.21978,0
          147.1568,-36.21996,0
          147.15558,-36.22038,0
          147.15508,-36.22049,0
          147.1543,-36.22059,0
          147.15278,-36.22069,0
          147.15243,-36.22074,0
          147.15186,-36.22089,0
          147.15129,-36.22112,0
          147.15067,-36.22153,0
          147.14975,-36.22229,0
          147.14933,-36.22257,0
          147.14899,-36.22275,0
          147.14824,-36.223,0
          147.14799,-36.22305,0
          147.14735,-36.22311,0
          147.14696,-36.2231,0
          147.14648,-36.22304,0
          147.14559,-36.22281,0
          147.14279,-36.22187,0
          147.14032,-36.22089,0
          147.13962,-36.22066,0
          147.13857,-36.22045,0
          147.13702,-36.2204,0
          147.13692,-36.22038,0
          147.13644,-36.22042,0
          147.13552,-36.22063,0
          147.13468,-36.22094,0
          147.12616,-36.22545,0
          147.12588,-36.22557,0
          147.12515,-36.22581,0
          147.1247,-36.2259,0
          147.12383,-36.22596,0
          147.12344,-36.22595,0
          147.12297,-36.22589,0
          147.12254,-36.22579,0
          147.12179,-36.22554,0
          147.12145,-36.22538,0
          147.11938,-36.22412,0
          147.11878,-36.22384,0
          147.11792,-36.22353,0
          147.11704,-36.22332,0
          147.11611,-36.22321,0
          147.10997,-36.2233,0
          147.10957,-36.22336,0
          147.10882,-36.22356,0
          147.10826,-36.2238,0
          147.10394,-36.2265,0
          147.10328,-36.22697,0
          147.1029,-36.22735,0
          147.10261,-36.22774,0
          147.10183,-36.22903,0
          147.10151,-36.22945,0
          147.10137,-36.22959,0
          147.10137,-36.2296,0
          147.10099,-36.22998,0
          147.09304,-36.23558,0
          147.09233,-36.23592,0
          147.09123,-36.2362,0
          147.09057,-36.23625,0
          147.0901,-36.23624,0
          147.08592,-36.23587,0
          147.08515,-36.23566,0
          147.08441,-36.23534,0
          147.08382,-36.23498,0
          147.0834,-36.23461,0
          147.07802,-36.22789,0
          147.07251,-36.22232,0
          147.07068,-36.2211,0
          147.07067,-36.2211,0
          147.06924,-36.2202,0
          147.06886,-36.22003,0
          147.06184,-36.21756,0
          147.06181,-36.21756,0
          147.05933,-36.21669,0
          147.05856,-36.21632,0
          147.05802,-36.21593,0
          147.05778,-36.21572,0
          147.05754,-36.21546,0
          147.05728,-36.21509,0
          147.05068,-36.20417,0
          147.05017,-36.20343,0
          147.04975,-36.203,0
          147.04951,-36.20281,0
          147.049,-36.20248,0
          147.0454,-36.20083,0
          147.04485,-36.20053,0
          147.04413,-36.20006,0
          147.04339,-36.19943,0
          147.04035,-36.19654,0
          147.03981,-36.19593,0
          147.0395,-36.19535,0
          147.03907,-36.19413,0
          147.03889,-36.19376,0
          147.03548,-36.18843,0
          147.03533,-36.18813,0
          147.03515,-36.18753,0
          147.0351,-36.18706,0
          147.03514,-36.18653,0
          147.0352,-36.18621,0
          147.03537,-36.18338,0
          147.03539,-36.17934,0
          147.03562,-36.17346,0
          147.03552,-36.17274,0
          147.03539,-36.17234,0
          147.03475,-36.17104,0
          147.03218,-36.16629,0
          147.03218,-36.16628,0
          147.03113,-36.16417,0
          147.03045,-36.16217,0
          147.03026,-36.16175,0
          147.02821,-36.15602,0
          147.02804,-36.15566,0
          147.02804,-36.15565,0
          147.02767,-36.15501,0
          147.02767,-36.155,0
          147.02716,-36.15422,0
          147.02596,-36.15269,0
          147.02583,-36.15278,0
          147.02568,-36.15283,0
          147.02559,-36.15288,0
          147.02488,-36.152,0
          147.02393,-36.1511,0
          147.02295,-36.15028,0
          147.02227,-36.14955,0
          147.02155,-36.14887,0
          147.02149,-36.14879,0
          147.02105,-36.14848,0
          147.02025,-36.14808,0
          147.01962,-36.14787,0
          147.01867,-36.14768,0
          147.01654,-36.14743,0
          147.01525,-36.14736,0
          147.01491,-36.1473,0
          147.01425,-36.14712,0
          147.0137,-36.14687,0
          147.0131,-36.14645,0
          147.0128,-36.14612,0
          147.01104,-36.14381,0
          147.01096,-36.14373,0
          147.01024,-36.14277,0
          147.0099,-36.14241,0
          147.00975,-36.14236,0
          147.00947,-36.14215,0
          147.0092,-36.142,0
          147.0091,-36.14197,0
          147.009,-36.1419,0
          147.00836,-36.1417,0
          147.0073,-36.14155,0
          147.00694,-36.14153,0
          147.00493,-36.14124,0
          147.00483,-36.1412,0
          146.99304,-36.13966,0
          146.99269,-36.13957,0
          146.96396,-36.13573,0
          146.96382,-36.13573,0
          146.9627,-36.1356,0
          146.96204,-36.13557,0
          146.96134,-36.1356,0
          146.9607,-36.13568,0
          146.96026,-36.13577,0
          146.95937,-36.13605,0
          146.95821,-36.13657,0
          146.95812,-36.13663,0
          146.95283,-36.13915,0
          146.95273,-36.13918,0
          146.95245,-36.13935,0
          146.95246,-36.13937,0
          146.95246,-36.13941,0
          146.95245,-36.13941,0
          146.95245,-36.13943,0
          146.95244,-36.13944,0
          146.95244,-36.13945,0
          146.95243,-36.13945,0
          146.95243,-36.13946,0
          146.95242,-36.13946,0
          146.95242,-36.13947,0
          146.95241,-36.13947,0
          146.95241,-36.13948,0
          146.9524,-36.13948,0
          146.95239,-36.13949,0
          146.95238,-36.13949,0
          146.95237,-36.1395,0
          146.95234,-36.1395,0
          146.95234,-36.13951,0
          146.95227,-36.13951,0
          146.95225,-36.1395,0
          146.95217,-36.13956,0
          146.95189,-36.1397,0
          146.95165,-36.13986,0
          146.95156,-36.13997,0
          146.94819,-36.14206,0
          146.94795,-36.14225,0
          146.94725,-36.1427,0
          146.94644,-36.14334,0
          146.94635,-36.14339,0
          146.94603,-36.14366,0
          146.94359,-36.14523,0
          146.94345,-36.14529,0
          146.93869,-36.14825,0
          146.93841,-36.14837,0
          146.93839,-36.14841,0
          146.93717,-36.1492,0
          146.93688,-36.14935,0
          146.93666,-36.14953,0
          146.92894,-36.14884,0
          146.92855,-36.14891,0
          146.92809,-36.14836,0
          146.92792,-36.14857,0
          146.92787,-36.14861,0
          146.92774,-36.14865,0
          146.92764,-36.14865,0
          146.92617,-36.14839,0
          146.92492,-36.14805,0
          146.92339,-36.14747,0
          146.92254,-36.14706,0
          146.91936,-36.14526,0
          146.91929,-36.1452,0
          146.91924,-36.14507,0
          146.91917,-36.14501,0
          146.91905,-36.14495,0
          146.91902,-36.14492,0
          146.91894,-36.1449,0
          146.91889,-36.14491,0
          146.91873,-36.14489,0
          146.90725,-36.13834,0
          146.90714,-36.13831,0
          146.90712,-36.13828,0
          146.90708,-36.13825,0
          146.9067,-36.13844,0
          146.90606,-36.13863,0
          146.90568,-36.13869,0
          146.90556,-36.13875,0
          146.90541,-36.13877,0
          146.90421,-36.13876,0
          146.90409,-36.13871,0
          146.90335,-36.13865,0
          146.90199,-36.13837,0
          146.9018,-36.13829,0
          146.9016,-36.13826,0
          146.90152,-36.13828,0
          146.9014,-36.13828,0
          146.90128,-36.13825,0
          146.90116,-36.13817,0
          146.90064,-36.138,0
          146.90052,-36.13798,0
          146.8994,-36.13804,0
          146.89928,-36.13802,0
          146.89735,-36.13809,0
          146.89723,-36.13813,0
          146.89656,-36.13815,0
          146.89644,-36.13812,0
          146.89599,-36.13817,0
          146.8959,-36.13813,0
          146.89595,-36.13806,0
          146.89593,-36.13799,0
          146.89591,-36.13797,0
          146.89593,-36.13788,0
          146.8958,-36.13784,0
          146.8957,-36.13784,0
          146.89568,-36.13785,0
          146.89565,-36.13785,0
          146.89554,-36.1379,0
          146.89549,-36.13794,0
          146.89511,-36.13803,0
          146.89388,-36.1382,0
          146.89375,-36.13819,0
          146.89332,-36.13826,0
          146.8926,-36.13848,0
          146.89179,-36.13886,0
          146.89165,-36.13889,0
          146.89159,-36.13885,0
          146.89134,-36.13874,0
          146.8909,-36.13865,0
          146.88613,-36.13801,0
          146.88601,-36.13802,0
          146.88581,-36.13798,0
          146.88572,-36.13802,0
          146.88572,-36.13806,0
          146.8857,-36.1381,0
          146.88563,-36.13813,0
          146.88561,-36.13813,0
          146.88559,-36.13814,0
          146.88553,-36.13814,0
          146.88551,-36.13813,0
          146.88549,-36.13813,0
          146.88542,-36.13809,0
          146.88532,-36.13815,0
          146.88506,-36.13807,0
          146.88249,-36.13772,0
          146.88239,-36.13772,0
          146.88027,-36.13744,0
          146.88014,-36.1374,0
          146.87837,-36.13719,0
          146.8783,-36.13716,0
          146.87708,-36.13708,0
          146.87672,-36.13709,0
          146.87581,-36.13719,0
          146.87573,-36.13724,0
          146.87549,-36.1373,0
          146.87548,-36.13731,0
          146.87548,-36.13732,0
          146.87547,-36.13732,0
          146.87546,-36.13733,0
          146.87545,-36.13733,0
          146.87544,-36.13734,0
          146.8754,-36.13735,0
          146.87532,-36.13735,0
          146.87532,-36.13734,0
          146.8753,-36.13734,0
          146.87527,-36.13732,0
          146.87526,-36.13732,0
          146.87526,-36.13731,0
          146.87524,-36.13729,0
          146.87455,-36.13738,0
          146.87444,-36.13741,0
          146.87202,-36.13774,0
          146.87192,-36.13774,0
          146.87127,-36.13785,0
          146.86921,-36.13807,0
          146.86803,-36.13806,0
          146.86581,-36.13777,0
          146.86538,-36.13766,0
          146.86379,-36.1371,0
          146.86361,-36.13708,0
          146.86356,-36.13711,0
          146.86349,-36.13713,0
          146.86331,-36.13733,0
          146.86322,-36.13739,0
          146.86318,-36.13737,0
          146.86318,-36.13733,0
          146.86322,-36.13727,0
          146.86315,-36.13723,0
          146.86312,-36.1372,0
          146.86308,-36.13718,0
          146.86305,-36.13712,0
          146.86302,-36.13696,0
          146.86294,-36.13685,0
          146.86287,-36.1368,0
          146.86239,-36.1366,0
          146.86234,-36.13655,0
          146.86228,-36.13653,0
          146.86164,-36.13608,0
          146.86113,-36.13552,0
          146.86049,-36.13496,0
          146.86005,-36.13475,0
          146.85937,-36.13456,0
          146.85654,-36.13419,0
          146.85644,-36.13419,0
          146.84491,-36.13266,0
          146.84479,-36.13262,0
          146.84403,-36.13253,0
          146.84403,-36.13252,0
          146.8413,-36.13217,0
          146.84114,-36.13218,0
          146.83802,-36.13172,0
          146.83634,-36.13162,0
          146.83624,-36.13163,0
          146.83573,-36.1316,0
          146.83557,-36.13157,0
          146.83475,-36.1313,0
          146.83451,-36.13117,0
          146.8345,-36.13117,0
          146.83295,-36.13035,0
          146.83227,-36.13004,0
          146.83203,-36.12997,0
          146.83002,-36.12965,0
          146.82987,-36.12965,0
          146.82884,-36.12948,0
          146.82754,-36.12912,0
          146.82706,-36.12907,0
          146.82556,-36.12907,0
          146.82389,-36.12918,0
          146.82382,-36.1292,0
          146.82274,-36.12925,0
          146.82028,-36.12924,0
          146.81999,-36.1292,0
          146.81945,-36.12903,0
          146.81932,-36.12896,0
          146.81873,-36.12874,0
          146.81832,-36.1285,0
          146.81787,-36.12813,0
          146.81764,-36.12801,0
          146.81714,-36.12784,0
          146.81663,-36.12777,0
          146.81627,-36.1278,0
          146.81576,-36.12779,0
          146.81459,-36.12763,0
          146.81193,-36.12687,0
          146.81159,-36.12681,0
          146.81131,-36.12679,0
          146.81092,-36.12697,0
          146.81076,-36.12711,0
          146.81032,-36.12781,0
          146.81006,-36.12816,0
          146.80987,-36.12833,0
          146.80985,-36.12836,0
          146.80948,-36.12864,0
          146.80913,-36.12881,0
          146.80811,-36.12899,0
          146.80739,-36.12896,0
          146.80728,-36.12894,0
          146.8068,-36.12874,0
          146.80631,-36.12867,0
          146.80594,-36.12866,0
          146.80591,-36.12865,0
          146.80569,-36.12865,0
          146.80515,-36.12856,0
          146.80498,-36.12856,0
          146.80487,-36.12854,0
          146.80384,-36.1285,0
          146.8034,-36.12842,0
          146.80285,-36.12827,0
          146.80115,-36.12802,0
          146.80088,-36.12803,0
          146.80082,-36.12806,0
          146.80063,-36.12821,0
          146.80038,-36.12848,0
          146.80036,-36.12849,0
          146.80022,-36.12864,0
          146.79978,-36.129,0
          146.79927,-36.12923,0
          146.79808,-36.12955,0
          146.7977,-36.12959,0
          146.79767,-36.12958,0
          146.79764,-36.12959,0
          146.79682,-36.12966,0
          146.79379,-36.13011,0
          146.79369,-36.13015,0
          146.7922,-36.13107,0
          146.79174,-36.13128,0
          146.79123,-36.1314,0
          146.79105,-36.1314,0
          146.79005,-36.1317,0
          146.7894,-36.13175,0
          146.78898,-36.13172,0
          146.78787,-36.13189,0
          146.78663,-36.13191,0
          146.7861,-36.13197,0
          146.78554,-36.13196,0
          146.7852,-36.13192,0
          146.78413,-36.13169,0
          146.78369,-36.13147,0
          146.78364,-36.13142,0
          146.78358,-36.13139,0
          146.78357,-36.13137,0
          146.78318,-36.13121,0
          146.78301,-36.13109,0
          146.78228,-36.1303,0
          146.782,-36.12989,0
          146.782,-36.12988,0
          146.78187,-36.1296,0
          146.7814,-36.12904,0
          146.78034,-36.12831,0
          146.77903,-36.12757,0
          146.77823,-36.12733,0
          146.77802,-36.12735,0
          146.77765,-36.12743,0
          146.77708,-36.12743,0
          146.77669,-36.12749,0
          146.77652,-36.12749,0
          146.77612,-36.12742,0
          146.77589,-36.12742,0
          146.7753,-36.1275,0
          146.77504,-36.12757,0
          146.77483,-36.12766,0
          146.77432,-36.12808,0
          146.77421,-36.12814,0
          146.77421,-36.12815,0
          146.77411,-36.12818,0
          146.77394,-36.12818,0
          146.77354,-36.12811,0
          146.773,-36.12796,0
          146.77266,-36.12791,0
          146.77225,-36.12789,0
          146.77177,-36.12794,0
          146.76856,-36.12894,0
          146.76812,-36.12904,0
          146.76799,-36.12904,0
          146.76667,-36.12884,0
          146.73461,-36.12272,0
          146.73399,-36.12267,0
          146.73276,-36.12267,0
          146.69325,-36.12742,0
          146.6928,-36.12756,0
          146.6925,-36.12769,0
          146.69249,-36.1277,0
          146.68847,-36.12931,0
          146.67871,-36.1137,0
          146.6787,-36.11364,0
          146.67849,-36.11331,0
          146.67843,-36.11327,0
          146.67806,-36.11267,0
          146.67797,-36.11258,0
          146.67766,-36.11213,0
          146.67767,-36.11207,0
          146.67664,-36.11046,0
          146.67662,-36.11041,0
          146.67599,-36.1094,0
          146.67598,-36.10936,0
          146.67569,-36.10888,0
          146.67559,-36.10881,0
          146.67537,-36.10842,0
          146.67535,-36.10835,0
          146.67519,-36.10808,0
          146.67517,-36.10802,0
          146.67468,-36.10719,0
          146.67447,-36.10697,0
          146.67375,-36.10581,0
          146.67372,-36.10571,0
          146.67358,-36.10556,0
          146.67354,-36.10556,0
          146.67353,-36.10555,0
          146.67351,-36.10555,0
          146.67349,-36.10554,0
          146.67328,-36.10558,0
          146.67319,-36.10564,0
          146.67137,-36.10639,0
          146.67123,-36.1064,0
          146.66691,-36.10767,0
          146.66662,-36.10778,0
          146.66629,-36.10796,0
          146.66608,-36.10812,0
          146.66586,-36.10836,0
          146.66583,-36.10838,0
          146.66553,-36.10877,0
          146.66549,-36.10885,0
          146.66296,-36.11228,0
          146.66288,-36.11225,0
          146.65984,-36.11188,0
          146.64187,-36.11029,0
          146.64139,-36.11032,0
          146.64132,-36.11056,0
          146.64133,-36.11094,0
          146.6413,-36.11113,0
          146.64123,-36.11126,0
          146.64112,-36.11158,0
          146.64095,-36.11235,0
          146.64097,-36.11255,0
          146.64093,-36.11268,0
          146.64068,-36.11308,0
          146.64047,-36.11368,0
          146.64034,-36.11385,0
          146.63999,-36.11416,0
          146.63974,-36.11451,0
          146.63988,-36.11467,0
          146.63996,-36.11486,0
          146.64,-36.11504,0
          146.63998,-36.11516,0
          146.63956,-36.11615,0
          146.63943,-36.11669,0
          146.63935,-36.11742,0
          146.63936,-36.11751,0
          146.6395,-36.11779,0
          146.63949,-36.11791,0
          146.6395,-36.11799,0
          146.63962,-36.11836,0
          146.63967,-36.11896,0
          146.63977,-36.11924,0
          146.63977,-36.11939,0
          146.63955,-36.11999,0
          146.63951,-36.12029,0
          146.63951,-36.12053,0
          146.63955,-36.12068,0
          146.63961,-36.12082,0
          146.63972,-36.1212,0
          146.63974,-36.12133,0
          146.63973,-36.12152,0
          146.63968,-36.12172,0
          146.63969,-36.12187,0
          146.6398,-36.12243,0
          146.63982,-36.12287,0
          146.6398,-36.12299,0
          146.63984,-36.12333,0
          146.63983,-36.12351,0
          146.63945,-36.12446,0
          146.63912,-36.12551,0
          146.63913,-36.12555,0
          146.63928,-36.12567,0
          146.63949,-36.12578,0
          146.63953,-36.12583,0
          146.63953,-36.12588,0
          146.63936,-36.12601,0
          146.63827,-36.12655,0
          146.6302,-36.132,0
          146.62993,-36.13222,0
          146.62952,-36.13246,0
          146.62898,-36.13288,0
          146.62874,-36.133,0
          146.62781,-36.13361,0
          146.62666,-36.13449,0
          146.62665,-36.13449,0
          146.62606,-36.13492,0
          146.62579,-36.13517,0
          146.62407,-36.13651,0
          146.62205,-36.13764,0
          146.62123,-36.13818,0
          146.6209,-36.1383,0
          146.62067,-36.13842,0
          146.61842,-36.14006,0
          146.61686,-36.14101,0
          146.61672,-36.14114,0
          146.61656,-36.14145,0
          146.61327,-36.14368,0
          146.61327,-36.1437,0
          146.61317,-36.14393,0
          146.6127,-36.14407,0
          146.61196,-36.14451,0
          146.61188,-36.14453,0
          146.61194,-36.14437,0
          146.61166,-36.1444,0
          146.61133,-36.14457,0
          146.60398,-36.14918,0
          146.60377,-36.14926,0
          146.59707,-36.15026,0
          146.59702,-36.15028,0
          146.59683,-36.15042,0
          146.59612,-36.15035,0
          146.59347,-36.15069,0
          146.59105,-36.15109,0
          146.59086,-36.15115,0
          146.59024,-36.15142,0
          146.58977,-36.15167,0
          146.58917,-36.15207,0
          146.58667,-36.15348,0
          146.58662,-36.15352,0
          146.58196,-36.15606,0
          146.5819,-36.15608,0
          146.58059,-36.15678,0
          146.58004,-36.15703,0
          146.57413,-36.1593,0
          146.57393,-36.15916,0
          146.57369,-36.15909,0
          146.56924,-36.15846,0
          146.56922,-36.15845,0
          146.56718,-36.15813,0
          146.5526,-36.154,0
          146.52628,-36.15032,0
          146.52611,-36.15032,0
          146.52585,-36.1504,0
          146.52565,-36.15056,0
          146.52535,-36.15096,0
          146.52517,-36.15111,0
          146.52492,-36.1512,0
          146.52119,-36.15206,0
          146.52013,-36.15257,0
          146.52012,-36.15257,0
          146.5143,-36.15558,0
          146.51397,-36.15571,0
          146.51368,-36.15578,0
          146.51164,-36.16653,0
          146.51161,-36.16659,0
          146.51157,-36.16663,0
          146.50729,-36.16746,0
          146.507,-36.16747,0
          146.50676,-36.16739,0
          146.50672,-36.16739,0
          146.50669,-36.16738,0
          146.50645,-36.16739,0
          146.50121,-36.16838,0
          146.50119,-36.16845,0
          146.50114,-36.16852,0
          146.50102,-36.16862,0
          146.50097,-36.16864,0
          146.50093,-36.16867,0
          146.50088,-36.16869,0
          146.48811,-36.17112,0
          146.48704,-36.17139,0
          146.48499,-36.17209,0
          146.48313,-36.17287,0
          146.48013,-36.17458,0
          146.4788,-36.17553,0
          146.47797,-36.17622,0
          146.47707,-36.17709,0
          146.47541,-36.1789,0
          146.47517,-36.17898,0
          146.47513,-36.17926,0
          146.47514,-36.17932,0
          146.47416,-36.17954,0
          146.47244,-36.18017,0
          146.47236,-36.18018,0
          146.47138,-36.18056,0
          146.47142,-36.18072,0
          146.47144,-36.18104,0
          146.4714,-36.18123,0
          146.46246,-36.19531,0
          146.46236,-36.19542,0
          146.46223,-36.19552,0
          146.46219,-36.19568,0
          146.4619,-36.19633,0
          146.4618,-36.1965,0
          146.46032,-36.19834,0
          146.45991,-36.19905,0
          146.45972,-36.1993,0
          146.4597,-36.19931,0
          146.45885,-36.20031,0
          146.45884,-36.20034,0
          146.45819,-36.20133,0
          146.45727,-36.2025,0
          146.45622,-36.20405,0
          146.45571,-36.20456,0
          146.45528,-36.2051,0
          146.4548,-36.2058,0
          146.45456,-36.20604,0
          146.45333,-36.20763,0
          146.45301,-36.20819,0
          146.45288,-36.2083,0
          146.45285,-36.20831,0
          146.45275,-36.20839,0
          146.44524,-36.2183,0
          146.44383,-36.22004,0
          146.44359,-36.22044,0
          146.44317,-36.2214,0
          146.44306,-36.22156,0
          146.44284,-36.22202,0
          146.44241,-36.22316,0
          146.44167,-36.22543,0
          146.44157,-36.22589,0
          146.44139,-36.22623,0
          146.44109,-36.22698,0
          146.44101,-36.22729,0
          146.44092,-36.22751,0
          146.44088,-36.2277,0
          146.44082,-36.22785,0
          146.43728,-36.23275,0
          146.43666,-36.23375,0
          146.43637,-36.23453,0
          146.43618,-36.23486,0
          146.43568,-36.23601,0
          146.43533,-36.23657,0
          146.43517,-36.23702,0
          146.43413,-36.23848,0
          146.43371,-36.23898,0
          146.43341,-36.23923,0
          146.43313,-36.23951,0
          146.43173,-36.24119,0
          146.43131,-36.24161,0
          146.43043,-36.24265,0
          146.43041,-36.24266,0
          146.43004,-36.24306,0
          146.42961,-36.24361,0
          146.42928,-36.24397,0
          146.42905,-36.24437,0
          146.42841,-36.24501,0
          146.42769,-36.24591,0
          146.42766,-36.24603,0
          146.42761,-36.24612,0
          146.41598,-36.25957,0
          146.41566,-36.25989,0
          146.41537,-36.2603,0
          146.41171,-36.26446,0
          146.41167,-36.26442,0
          146.41033,-36.26584,0
          146.40877,-36.26765,0
          146.40877,-36.26766,0
          146.40588,-36.27117,0
          146.40096,-36.27658,0
          146.39974,-36.27804,0
          146.39927,-36.27869,0
          146.39771,-36.28043,0
          146.39749,-36.28063,0
          146.39714,-36.28102,0
          146.39644,-36.28196,0
          146.3962,-36.28217,0
          146.36768,-36.31496,0
          146.36847,-36.31541,0
          146.36715,-36.31696,0
          146.36702,-36.31708,0
          146.36697,-36.31715,0
          146.36624,-36.3179,0
          146.36545,-36.31852,0
          146.36515,-36.31866,0
          146.36507,-36.31875,0
          146.365,-36.3188,0
          146.35423,-36.32404,0
          146.35178,-36.32533,0
          146.3516,-36.32549,0
          146.35147,-36.32557,0
          146.35124,-36.32578,0
          146.35119,-36.32588,0
          146.35101,-36.32605,0
          146.35093,-36.32607,0
          146.34993,-36.32703,0
          146.34988,-36.3271,0
          146.34942,-36.32753,0
          146.34917,-36.32781,0
          146.34691,-36.32998,0
          146.34666,-36.33026,0
          146.34557,-36.33131,0
          146.34548,-36.33143,0
          146.34324,-36.33365,0
          146.34312,-36.33374,0
          146.34171,-36.33516,0
          146.34123,-36.33588,0
          146.34063,-36.33716,0
          146.34035,-36.33767,0
          146.34017,-36.33818,0
          146.33877,-36.34089,0
          146.33858,-36.34149,0
          146.33854,-36.34173,0
          146.33868,-36.34256,0
          146.33873,-36.34332,0
          146.33877,-36.34346,0
          146.33878,-36.34367,0
          146.33866,-36.34406,0
          146.33842,-36.34453,0
          146.33777,-36.34527,0
          146.33765,-36.34538,0
          146.33696,-36.34629,0
          146.33681,-36.34655,0
          146.33673,-36.34664,0
          146.33564,-36.34841,0
          146.33515,-36.34898,0
          146.33451,-36.34987,0
          146.33446,-36.34998,0
          146.33349,-36.35123,0
          146.3334,-36.35127,0
          146.33302,-36.3516,0
          146.33255,-36.35188,0
          146.33126,-36.35244,0
          146.32891,-36.35367,0
          146.32862,-36.35386,0
          146.32857,-36.35386,0
          146.32853,-36.35389,0
          146.3285,-36.35389,0
          146.32844,-36.35394,0
          146.32844,-36.35396,0
          146.32669,-36.3552,0
          146.32667,-36.3552,0
          146.32654,-36.35531,0
          146.32483,-36.35643,0
          146.32461,-36.35652,0
          146.32469,-36.35658,0
          146.32469,-36.35659,0
          146.3247,-36.3566,0
          146.3247,-36.35661,0
          146.32468,-36.35665,0
          146.32468,-36.35668,0
          146.32467,-36.35668,0
          146.32467,-36.3567,0
          146.32466,-36.3567,0
          146.32466,-36.35671,0
          146.32463,-36.35674,0
          146.32462,-36.35674,0
          146.32462,-36.35675,0
          146.3246,-36.35675,0
          146.3246,-36.35676,0
          146.32457,-36.35676,0
          146.32456,-36.35677,0
          146.3245,-36.35677,0
          146.32449,-36.35676,0
          146.3231,-36.3573,0
          146.32301,-36.35736,0
          146.32137,-36.35797,0
          146.32131,-36.35803,0
          146.32128,-36.35809,0
          146.32128,-36.35824,0
          146.32144,-36.35847,0
          146.32142,-36.3586,0
          146.32135,-36.35855,0
          146.32114,-36.35828,0
          146.32091,-36.35822,0
          146.32078,-36.35821,0
          146.32069,-36.35822,0
          146.32034,-36.35837,0
          146.32019,-36.35839,0
          146.31978,-36.35852,0
          146.31967,-36.35859,0
          146.31837,-36.35894,0
          146.31592,-36.35932,0
          146.31584,-36.35938,0
          146.31578,-36.35946,0
          146.31574,-36.35958,0
          146.31559,-36.35964,0
          146.31547,-36.35938,0
          146.31477,-36.35949,0
          146.3145,-36.3595,0
          146.31425,-36.35955,0
          146.31416,-36.35959,0
          146.31138,-36.36036,0
          146.31131,-36.36036,0
          146.30956,-36.36099,0
          146.3095,-36.36104,0
          146.30744,-36.36185,0
          146.30731,-36.36188,0
          146.30405,-36.36319,0
          146.30392,-36.36321,0
          146.30308,-36.36357,0
          146.30194,-36.36417,0
          146.30054,-36.36506,0
          146.30053,-36.36506,0
          146.29825,-36.36649,0
          146.29817,-36.36656,0
          146.29051,-36.37107,0
          146.29013,-36.37133,0
          146.28984,-36.37162,0
          146.28965,-36.37191,0
          146.28909,-36.37347,0
          146.28909,-36.37354,0
          146.28888,-36.37415,0
          146.28883,-36.37424,0
          146.2885,-36.37529,0
          146.28801,-36.37649,0
          146.28792,-36.37658,0
          146.28786,-36.37667,0
          146.28786,-36.37678,0
          146.28736,-36.37794,0
          146.28726,-36.37834,0
          146.28679,-36.37938,0
          146.2852,-36.38346,0
          146.28513,-36.38354,0
          146.28492,-36.38397,0
          146.28491,-36.38407,0
          146.28474,-36.3845,0
          146.28473,-36.38456,0
          146.28457,-36.38454,0
          146.28438,-36.38513,0
          146.28437,-36.38523,0
          146.28318,-36.38826,0
          146.28314,-36.38831,0
          146.28198,-36.39143,0
          146.28193,-36.39152,0
          146.28156,-36.39249,0
          146.28017,-36.39515,0
          146.28016,-36.39525,0
          146.27845,-36.39833,0
          146.27838,-36.39854,0
          146.27784,-36.39946,0
          146.27325,-36.40534,0
          146.27319,-36.40537,0
          146.27304,-36.40559,0
          146.27284,-36.40596,0
          146.27273,-36.40625,0
          146.2726,-36.40676,0
          146.27219,-36.40686,0
          146.27213,-36.40689,0
          146.27199,-36.40701,0
          146.27191,-36.40714,0
          146.27102,-36.40818,0
          146.27005,-36.40943,0
          146.26999,-36.40948,0
          146.26761,-36.41253,0
          146.26754,-36.41268,0
          146.26219,-36.41956,0
          146.2621,-36.41965,0
          146.26095,-36.42115,0
          146.26094,-36.42115,0
          146.25759,-36.42549,0
          146.25749,-36.42556,0
          146.25433,-36.4296,0
          146.2543,-36.42972,0
          146.24886,-36.43661,0
          146.24886,-36.43662,0
          146.23863,-36.44978,0
          146.23837,-36.45019,0
          146.2382,-36.45057,0
          146.23818,-36.45059,0
          146.23784,-36.45167,0
          146.23655,-36.45652,0
          146.23636,-36.45708,0
          146.23602,-36.45779,0
          146.23538,-36.45874,0
          146.23492,-36.45926,0
          146.23388,-36.46018,0
          146.23303,-36.4607,0
          146.23231,-36.46106,0
          146.22675,-36.46324,0
          146.22664,-36.46332,0
          146.22649,-36.46331,0
          146.22638,-36.46334,0
          146.2229,-36.46384,0
          146.2227,-36.46335,0
          146.22263,-36.46331,0
          146.22254,-36.46329,0
          146.21795,-36.46393,0
          146.21784,-36.464,0
          146.2178,-36.46408,0
          146.21779,-36.46424,0
          146.2172,-36.46431,0
          146.21636,-36.4645,0
          146.21587,-36.46465,0
          146.21209,-36.46624,0
          146.21163,-36.46647,0
          146.21123,-36.46678,0
          146.21095,-36.46711,0
          146.21021,-36.46842,0
          146.20969,-36.46909,0
          146.20945,-36.46934,0
          146.20944,-36.46937,0
          146.20916,-36.4697,0
          146.2087,-36.47011,0
          146.20798,-36.47062,0
          146.2077,-36.47076,0
          146.20736,-36.47088,0
          146.20734,-36.47088,0
          146.2069,-36.47104,0
          146.20657,-36.47108,0
          146.20599,-36.47109,0
          146.20562,-36.47105,0
          146.20532,-36.47098,0
          146.20493,-36.47084,0
          146.20492,-36.47083,0
          146.2049,-36.47083,0
          146.20422,-36.47048,0
          146.20367,-36.47029,0
          146.20311,-36.47021,0
          146.20281,-36.4702,0
          146.19417,-36.47099,0
          146.18954,-36.47129,0
          146.18711,-36.47153,0
          146.18267,-36.47215,0
          146.18044,-36.47256,0
          146.17628,-36.4735,0
          146.17402,-36.47413,0
          146.17097,-36.47519,0
          146.15789,-36.48078,0
          146.15788,-36.48079,0
          146.15433,-36.48229,0
          146.15432,-36.4823,0
          146.11588,-36.49867,0
          146.11587,-36.49867,0
          146.10919,-36.50155,0
          146.10599,-36.50335,0
          146.10446,-36.50397,0
          146.10153,-36.50481,0
          146.06831,-36.51873,0
          146.06821,-36.51881,0
          146.06751,-36.51912,0
          146.06739,-36.51915,0
          146.06736,-36.51918,0
          146.0662,-36.51971,0
          146.06541,-36.51984,0
          146.06525,-36.51991,0
          146.06522,-36.52001,0
          146.06519,-36.52006,0
          146.06514,-36.5201,0
          146.06493,-36.52017,0
          146.0649,-36.52017,0
          146.06487,-36.52016,0
          146.06484,-36.52016,0
          146.06477,-36.52018,0
          146.06452,-36.5203,0
          146.06431,-36.52046,0
          146.06431,-36.52047,0
          146.06381,-36.52112,0
          146.06378,-36.52119,0
          146.06342,-36.52153,0
          146.06334,-36.52156,0
          146.06307,-36.52175,0
          146.06245,-36.52204,0
          146.06187,-36.52221,0
          146.06076,-36.52237,0
          146.05941,-36.52265,0
          146.05914,-36.52275,0
          146.05913,-36.52283,0
          146.05881,-36.52284,0
          146.05839,-36.52297,0
          146.05727,-36.52341,0
          146.05724,-36.52343,0
          146.05671,-36.52362,0
          146.05561,-36.52413,0
          146.04325,-36.5293,0
          146.04189,-36.52993,0
          146.0401,-36.53064,0
          146.04003,-36.53065,0
          146.01907,-36.53945,0
          146.01897,-36.53953,0
          146.01384,-36.54168,0
          146.01373,-36.54176,0
          146.00747,-36.54438,0
          146.00729,-36.54442,0
          146.00718,-36.5445,0
          146.00495,-36.54543,0
          146.00479,-36.54547,0
          146.00382,-36.54587,0
          146.00378,-36.5459,0
          146.00183,-36.54671,0
          146.00173,-36.54678,0
          145.99981,-36.54757,0
          145.9997,-36.5476,0
          145.99782,-36.54841,0
          145.99771,-36.54849,0
          145.99769,-36.54854,0
          145.99767,-36.54856,0
          145.99767,-36.54857,0
          145.99763,-36.54861,0
          145.99762,-36.54861,0
          145.99759,-36.54863,0
          145.99758,-36.54863,0
          145.99757,-36.54864,0
          145.99755,-36.54864,0
          145.99753,-36.54865,0
          145.99749,-36.54859,0
          145.99741,-36.54857,0
          145.99741,-36.54856,0
          145.9974,-36.54856,0
          145.99738,-36.54854,0
          145.99737,-36.54854,0
          145.99737,-36.54853,0
          145.99735,-36.54851,0
          145.99734,-36.54848,0
          145.99726,-36.54847,0
          145.99623,-36.54874,0
          145.99617,-36.5487,0
          145.99167,-36.54974,0
          145.99164,-36.54973,0
          145.98841,-36.55048,0
          145.98835,-36.55046,0
          145.98831,-36.55046,0
          145.9883,-36.55047,0
          145.98826,-36.55047,0
          145.98825,-36.55048,0
          145.98824,-36.55048,0
          145.98817,-36.55053,0
          145.98592,-36.55107,0
          145.98575,-36.55106,0
          145.98574,-36.55107,0
          145.98572,-36.55107,0
          145.98571,-36.55108,0
          145.9857,-36.55108,0
          145.98566,-36.55111,0
          145.98564,-36.55114,0
          145.9837,-36.55158,0
          145.98361,-36.55162,0
          145.98343,-36.55166,0
          145.98321,-36.55168,0
          145.98217,-36.55193,0
          145.98208,-36.55199,0
          145.98189,-36.55203,0
          145.98162,-36.5522,0
          145.98151,-36.55224,0
          145.98149,-36.55226,0
          145.98021,-36.55299,0
          145.97999,-36.55306,0
          145.9791,-36.55349,0
          145.97675,-36.55483,0
          145.97661,-36.55488,0
          145.97654,-36.55492,0
          145.97581,-36.55516,0
          145.97578,-36.55516,0
          145.972,-36.55605,0
          145.97163,-36.55609,0
          145.97138,-36.55608,0
          145.96324,-36.55498,0
          145.96319,-36.55499,0
          145.96317,-36.55501,0
          145.96315,-36.55499,0
          145.96307,-36.55501,0
          145.96306,-36.555,0
          145.96296,-36.55502,0
          145.96292,-36.55493,0
          145.96289,-36.55495,0
          145.96288,-36.55495,0
          145.96287,-36.55496,0
          145.96286,-36.55496,0
          145.96285,-36.55497,0
          145.96284,-36.55497,0
          145.9628,-36.55501,0
          145.96279,-36.55503,0
          145.96263,-36.55505,0
          145.96209,-36.55505,0
          145.9618,-36.5551,0
          145.96171,-36.55513,0
          145.96162,-36.55513,0
          145.96102,-36.55532,0
          145.961,-36.55534,0
          145.96095,-36.55536,0
          145.96091,-36.5554,0
          145.95923,-36.55598,0
          145.95922,-36.55599,0
          145.9588,-36.55613,0
          145.95873,-36.55617,0
          145.95157,-36.55868,0
          145.95145,-36.55869,0
          145.94987,-36.55926,0
          145.94978,-36.55931,0
          145.86041,-36.5904,0
          145.86022,-36.59049,0
          145.86018,-36.59054,0
          145.86012,-36.59052,0
          145.86,-36.59045,0
          145.85944,-36.58939,0
          145.85931,-36.58923,0
          145.8592,-36.58918,0
          145.85911,-36.58917,0
          145.85905,-36.58918,0
          145.85877,-36.58928,0
          145.85861,-36.58929,0
          145.85849,-36.58922,0
          145.85848,-36.58918,0
          145.85844,-36.58911,0
          145.85841,-36.58898,0
          145.85849,-36.58883,0
          145.85878,-36.58852,0
          145.85884,-36.58836,0
          145.85884,-36.5883,0
          145.85877,-36.5883,0
          145.85865,-36.58799,0
          145.85623,-36.58353,0
          145.85607,-36.58329,0
          145.85231,-36.58278,0
          145.85228,-36.58275,0
          145.84805,-36.58218,0
          145.84581,-36.58178,0
          145.83164,-36.57989,0
          145.83162,-36.57988,0
          145.83008,-36.57968,0
          145.83007,-36.57967,0
          145.82344,-36.57879,0
          145.82343,-36.57878,0
          145.81637,-36.57785,0
          145.81582,-36.58033,0
          145.81573,-36.58104,0
          145.81553,-36.58193,0
          145.81552,-36.58194,0
          145.81332,-36.59247,0
          145.81321,-36.59284,0
          145.81289,-36.59467,0
          145.81269,-36.59545,0
          145.8119,-36.59939,0
          145.81187,-36.59946,0
          145.81177,-36.59958,0
          145.81169,-36.59962,0
          145.81168,-36.59962,0
          145.81162,-36.59965,0
          145.81156,-36.59966,0
          145.74465,-36.59965,0
          145.74465,-36.6005,0
          145.74471,-36.60069,0
          145.74473,-36.60096,0
          145.74467,-36.60121,0
          145.7447,-36.60256,0
          145.74475,-36.60275,0
          145.74478,-36.60298,0
          145.74469,-36.60374,0
          145.74467,-36.60433,0
          145.74472,-36.6061,0
          145.74466,-36.60937,0
          145.7447,-36.61029,0
          145.74349,-36.6162,0
          145.74349,-36.61624,0
          145.74075,-36.62957,0
          145.74068,-36.62977,0
          145.74057,-36.62993,0
          145.74049,-36.62999,0
          145.74029,-36.63007,0
          145.74047,-36.6304,0
          145.7405,-36.63056,0
          145.74049,-36.63119,0
          145.74045,-36.63131,0
          145.7404,-36.63138,0
          145.7403,-36.63147,0
          145.74021,-36.63152,0
          145.7393,-36.63187,0
          145.72337,-36.63879,0
          145.72329,-36.63885,0
          145.72267,-36.63912,0
          145.72256,-36.63919,0
          145.7216,-36.6396,0
          145.72144,-36.63963,0
          145.71837,-36.64098,0
          145.71829,-36.641,0
          145.7089,-36.64507,0
          145.70883,-36.64512,0
          145.70268,-36.64783,0
          145.7026,-36.64785,0
          145.70084,-36.64865,0
          145.70016,-36.64904,0
          145.69937,-36.64963,0
          145.69737,-36.65179,0
          145.69709,-36.65203,0
          145.6947,-36.65377,0
          145.69243,-36.6558,0
          145.69242,-36.6558,0
          145.692,-36.65622,0
          145.69139,-36.65709,0
          145.6907,-36.65789,0
          145.69069,-36.65789,0
          145.68815,-36.66063,0
          145.68814,-36.66063,0
          145.68652,-36.66258,0
          145.68058,-36.66908,0
          145.68051,-36.6691,0
          145.67822,-36.67164,0
          145.67796,-36.67184,0
          145.67761,-36.67234,0
          145.66729,-36.68369,0
          145.66606,-36.68518,0
          145.66593,-36.68529,0
          145.66293,-36.68857,0
          145.66291,-36.68862,0
          145.6626,-36.68903,0
          145.66258,-36.68912,0
          145.66245,-36.68924,0
          145.66224,-36.68938,0
          145.66024,-36.69162,0
          145.65894,-36.6928,0
          145.65822,-36.69326,0
          145.65759,-36.69355,0
          145.65699,-36.69374,0
          145.6564,-36.69387,0
          145.65548,-36.69395,0
          145.6549,-36.69392,0
          145.65452,-36.69386,0
          145.65405,-36.69372,0
          145.65301,-36.69325,0
          145.6528,-36.69324,0
          145.65266,-36.69328,0
          145.65246,-36.6934,0
          145.65608,-36.6954,0
          145.65614,-36.69547,0
          145.65544,-36.69636,0
          145.65543,-36.69639,0
          145.65491,-36.69718,0
          145.65491,-36.69719,0
          145.65412,-36.69833,0
          145.64925,-36.70377,0
          145.64866,-36.70437,0
          145.64565,-36.70711,0
          145.64045,-36.71116,0
          145.63986,-36.71147,0
          145.63942,-36.71161,0
          145.63903,-36.71169,0
          145.63693,-36.71196,0
          145.63629,-36.71213,0
          145.63547,-36.71243,0
          145.63444,-36.71299,0
          145.6342,-36.71317,0
          145.63379,-36.71359,0
          145.6335,-36.71401,0
          145.63284,-36.71529,0
          145.63254,-36.71568,0
          145.63214,-36.716,0
          145.6227,-36.72111,0
          145.6058,-36.73126,0
          145.60275,-36.73299,0
          145.59119,-36.74017,0
          145.5891,-36.7419,0
          145.58857,-36.74229,0
          145.5858,-36.74396,0
          145.58559,-36.74387,0
          145.58543,-36.74383,0
          145.57774,-36.74271,0
          145.57746,-36.74272,0
          145.57733,-36.74275,0
          145.57537,-36.74355,0
          145.57523,-36.74364,0
          145.57503,-36.74362,0
          145.57485,-36.74357,0
          145.57463,-36.74344,0
          145.5746,-36.74341,0
          145.5746,-36.7434,0
          145.57455,-36.74334,0
          145.57437,-36.7429,0
          145.5733,-36.74299,0
          145.57343,-36.74343,0
          145.57349,-36.74357,0
          145.57352,-36.74376,0
          145.57351,-36.74389,0
          145.57348,-36.74395,0
          145.5734,-36.74405,0
          145.56914,-36.74766,0
          145.56906,-36.74769,0
          145.56895,-36.74768,0
          145.56854,-36.74739,0
          145.56741,-36.74831,0
          145.56631,-36.74932,0
          145.56622,-36.74937,0
          145.56655,-36.74961,0
          145.5666,-36.74967,0
          145.5666,-36.74969,0
          145.56661,-36.74971,0
          145.56661,-36.74974,0
          145.56659,-36.74978,0
          145.56641,-36.74996,0
          145.5636,-36.75232,0
          145.56349,-36.75239,0
          145.56341,-36.75242,0
          145.56325,-36.75245,0
          145.56256,-36.75245,0
          145.56252,-36.75247,0
          145.54813,-36.75243,0
          145.54774,-36.75246,0
          145.53056,-36.75246,0
          145.5305,-36.75245,0
          145.46233,-36.75242,0
          145.46227,-36.75243,0
          145.43176,-36.75244,0
          145.43173,-36.78501,0
          145.43177,-36.78582,0
          145.43171,-36.78722,0
          145.43163,-36.78747,0
          145.43144,-36.78791,0
          145.43113,-36.78849,0
          145.43099,-36.78865,0
          145.43079,-36.78877,0
          145.43011,-36.78908,0
          145.42969,-36.78914,0
          145.42946,-36.78924,0
          145.42937,-36.78954,0
          145.4293,-36.79024,0
          145.42762,-36.80027,0
          145.4225,-36.80112,0
          145.42244,-36.80116,0
          145.42086,-36.80143,0
          145.42081,-36.80141,0
          145.41782,-36.80188,0
          145.41764,-36.80193,0
          145.41743,-36.80202,0
          145.41716,-36.80221,0
          145.41697,-36.80229,0
          145.4142,-36.8028,0
          145.41348,-36.80289,0
          145.41318,-36.80288,0
          145.41294,-36.80283,0
          145.41255,-36.80282,0
          145.40992,-36.80349,0
          145.4093,-36.80369,0
          145.40947,-36.80437,0
          145.3864,-36.80814,0
          145.38622,-36.80815,0
          145.36361,-36.81194,0
          145.35948,-36.81312,0
          145.35914,-36.81326,0
          145.35682,-36.81455,0
          145.35536,-36.81549,0
          145.34034,-36.82778,0
          145.34032,-36.82781,0
          145.34032,-36.82786,0
          145.33257,-36.83425,0
          145.32944,-36.83667,0
          145.32831,-36.83742,0
          145.32767,-36.83777,0
          145.29518,-36.85348,0
          145.29089,-36.85569,0
          145.24593,-36.87741,0
          145.24471,-36.87814,0
          145.24376,-36.87884,0
          145.24288,-36.87967,0
          145.24224,-36.8804,0
          145.24153,-36.88111,0
          145.23822,-36.88475,0
          145.23072,-36.89256,0
          145.23031,-36.8923,0
          145.22979,-36.89291,0
          145.22912,-36.89356,0
          145.22861,-36.89382,0
          145.22822,-36.89422,0
          145.22786,-36.89488,0
          145.22767,-36.89512,0
          145.22705,-36.89569,0
          145.22691,-36.89591,0
          145.22312,-36.8954,0
          145.22311,-36.89544,0
          145.21994,-36.89507,0
          145.21943,-36.8951,0
          145.21919,-36.89516,0
          145.21883,-36.89537,0
          145.21869,-36.8955,0
          145.21848,-36.89581,0
          145.21836,-36.89629,0
          145.21808,-36.89795,0
          145.21775,-36.89901,0
          145.21775,-36.89903,0
          145.21776,-36.89905,0
          145.21752,-36.90019,0
          145.22199,-36.90077,0
          145.22219,-36.90083,0
          145.22244,-36.90095,0
          145.22251,-36.90101,0
          145.22277,-36.90117,0
          145.22208,-36.90188,0
          145.22175,-36.90227,0
          145.22169,-36.90239,0
          145.22162,-36.90263,0
          145.22158,-36.90294,0
          145.22113,-36.90503,0
          145.22107,-36.90547,0
          145.22081,-36.90554,0
          145.22004,-36.90587,0
          145.21928,-36.90632,0
          145.21638,-36.90824,0
          145.21529,-36.90924,0
          145.21093,-36.91392,0
          145.20989,-36.91488,0
          145.20871,-36.91574,0
          145.18858,-36.92779,0
          145.18852,-36.92784,0
          145.18667,-36.92891,0
          145.1865,-36.92904,0
          145.18198,-36.93174,0
          145.1796,-36.93333,0
          145.1787,-36.93414,0
          145.1787,-36.93415,0
          145.17828,-36.93458,0
          145.17773,-36.93526,0
          145.17684,-36.93656,0
          145.17626,-36.93774,0
          145.17454,-36.94247,0
          145.17454,-36.94249,0
          145.17448,-36.94264,0
          145.17447,-36.94265,0
          145.1723,-36.94888,0
          145.17229,-36.94888,0
          145.1722,-36.94924,0
          145.16804,-36.96119,0
          145.16802,-36.96131,0
          145.16785,-36.9618,0
          145.16778,-36.96191,0
          145.161,-36.98153,0
          145.16051,-36.98263,0
          145.16023,-36.98342,0
          145.15966,-36.98544,0
          145.15808,-36.99004,0
          145.15792,-36.99085,0
          145.15789,-36.99266,0
          145.15777,-36.99345,0
          145.15766,-36.99374,0
          145.15747,-36.9941,0
          145.15738,-36.99418,0
          145.15704,-36.99461,0
          145.1567,-36.99496,0
          145.15591,-36.99553,0
          145.15584,-36.99562,0
          145.15518,-36.99605,0
          145.15506,-36.9961,0
          145.15453,-36.99652,0
          145.15406,-36.99712,0
          145.15365,-36.99791,0
          145.15351,-36.99844,0
          145.15336,-36.99944,0
          145.15323,-37.00003,0
          145.15312,-37.00035,0
          145.15292,-37.00075,0
          145.15231,-37.00161,0
          145.1505,-37.00344,0
          145.15023,-37.00367,0
          145.14828,-37.00505,0
          145.1483,-37.00508,0
          145.14784,-37.00563,0
          145.14774,-37.00568,0
          145.14771,-37.00571,0
          145.14736,-37.00591,0
          145.1474,-37.00626,0
          145.14737,-37.00689,0
          145.14736,-37.0069,0
          145.14737,-37.00699,0
          145.14723,-37.00753,0
          145.14673,-37.00882,0
          145.14658,-37.0093,0
          145.14636,-37.00982,0
          145.14637,-37.00993,0
          145.14627,-37.01029,0
          145.14597,-37.01104,0
          145.14582,-37.0113,0
          145.14559,-37.01162,0
          145.14492,-37.0123,0
          145.14214,-37.01452,0
          145.14169,-37.01476,0
          145.14139,-37.01485,0
          145.14082,-37.01496,0
          145.13994,-37.01493,0
          145.13944,-37.01486,0
          145.13881,-37.01485,0
          145.13859,-37.01487,0
          145.13788,-37.01501,0
          145.13747,-37.01513,0
          145.13662,-37.01547,0
          145.13596,-37.01582,0
          145.13446,-37.01676,0
          145.13441,-37.01682,0
          145.13423,-37.01694,0
          145.13416,-37.01697,0
          145.13401,-37.01711,0
          145.13348,-37.01745,0
          145.13298,-37.01772,0
          145.12447,-37.02164,0
          145.12415,-37.02173,0
          145.12346,-37.02179,0
          145.12016,-37.02146,0
          145.11949,-37.02149,0
          145.119,-37.02159,0
          145.11725,-37.02209,0
          145.11574,-37.02272,0
          145.11405,-37.02359,0
          145.114,-37.0236,0
          145.11348,-37.02395,0
          145.11334,-37.02402,0
          145.10772,-37.02796,0
          145.10762,-37.02806,0
          145.10692,-37.02857,0
          145.10478,-37.02997,0
          145.10405,-37.0303,0
          145.10318,-37.03063,0
          145.10315,-37.03059,0
          145.10172,-37.03093,0
          145.10082,-37.03103,0
          145.10071,-37.03108,0
          145.10065,-37.03115,0
          145.10052,-37.0312,0
          145.1004,-37.03121,0
          145.10037,-37.0312,0
          145.10034,-37.0312,0
          145.10025,-37.03114,0
          145.10006,-37.03111,0
          145.09997,-37.03112,0
          145.09957,-37.0311,0
          145.09946,-37.03111,0
          145.09908,-37.03108,0
          145.09773,-37.03083,0
          145.09685,-37.03056,0
          145.09674,-37.03051,0
          145.09326,-37.02948,0
          145.0922,-37.0293,0
          145.09147,-37.02925,0
          145.0907,-37.02926,0
          145.08785,-37.02961,0
          145.08764,-37.0296,0
          145.0855,-37.02985,0
          145.08427,-37.02987,0
          145.07278,-37.02944,0
          145.0726,-37.0294,0
          145.07219,-37.02946,0
          145.07157,-37.02965,0
          145.06445,-37.03285,0
          145.06444,-37.03285,0
          145.06367,-37.0332,0
          145.06366,-37.0332,0
          145.06348,-37.0333,0
          145.06347,-37.0333,0
          145.06302,-37.0336,0
          145.06257,-37.03408,0
          145.05676,-37.04233,0
          145.05667,-37.04249,0
          145.05666,-37.04249,0
          145.05656,-37.04265,0
          145.05655,-37.04265,0
          145.05401,-37.04615,0
          145.0538,-37.04636,0
          145.0538,-37.04637,0
          145.05353,-37.04663,0
          145.05351,-37.04664,0
          145.05204,-37.048,0
          145.05204,-37.04801,0
          145.0519,-37.04814,0
          145.05189,-37.04814,0
          145.04934,-37.05056,0
          145.04905,-37.05075,0
          145.04951,-37.05354,0
          145.04984,-37.05502,0
          145.05003,-37.05617,0
          145.05037,-37.05709,0
          145.05052,-37.05739,0
          145.05099,-37.05789,0
          145.05145,-37.05825,0
          145.05235,-37.05885,0
          145.05247,-37.05897,0
          145.05248,-37.05897,0
          145.05261,-37.0591,0
          145.05274,-37.05927,0
          145.05298,-37.05987,0
          145.05352,-37.06059,0
          145.05381,-37.06111,0
          145.0539,-37.06159,0
          145.05389,-37.0619,0
          145.05382,-37.06223,0
          145.05327,-37.06366,0
          145.05326,-37.06376,0
          145.05331,-37.06403,0
          145.05339,-37.0642,0
          145.05367,-37.06458,0
          145.05404,-37.0649,0
          145.0542,-37.06501,0
          145.05442,-37.06512,0
          145.06129,-37.06778,0
          145.06151,-37.06793,0
          145.06155,-37.06801,0
          145.06157,-37.06803,0
          145.06158,-37.06809,0
          145.06155,-37.06825,0
          145.06022,-37.07046,0
          145.06,-37.07072,0
          145.05986,-37.07083,0
          145.05982,-37.07084,0
          145.05976,-37.07089,0
          145.04811,-37.08986,0
          145.04777,-37.09034,0
          145.04306,-37.09878,0
          145.04266,-37.09942,0
          145.04158,-37.10138,0
          145.04124,-37.10187,0
          145.04075,-37.10275,0
          145.04048,-37.10337,0
          145.04048,-37.10338,0
          145.03898,-37.10598,0
          145.03808,-37.10777,0
          145.03448,-37.11417,0
          145.03394,-37.11501,0
          145.0279,-37.12349,0
          145.02525,-37.12693,0
          145.02438,-37.12817,0
          145.02415,-37.1294,0
          145.02326,-37.13268,0
          145.02325,-37.13269,0
          145.02229,-37.13631,0
          145.02232,-37.13635,0
          145.0223,-37.13637,0
          145.02227,-37.13637,0
          145.01935,-37.14726,0
          145.01933,-37.1473,0
          145.01913,-37.14819,0
          145.01906,-37.14828,0
          145.01854,-37.15033,0
          145.01851,-37.15038,0
          145.01775,-37.15301,0
          145.01713,-37.15563,0
          145.01689,-37.15643,0
          145.01688,-37.15644,0
          145.01605,-37.15909,0
          145.01526,-37.1608,0
          145.01263,-37.16582,0
          145.01242,-37.1663,0
          145.01123,-37.16846,0
          145.00983,-37.17051,0
          145.00956,-37.17116,0
          145.00942,-37.1716,0
          145.00905,-37.17244,0
          145.00827,-37.17397,0
          145.00728,-37.17555,0
          145.00703,-37.17575,0
          145.00684,-37.17586,0
          145.00534,-37.17648,0
          145.00386,-37.17721,0
          145.00338,-37.17739,0
          145.00335,-37.17741,0
          145.00262,-37.17766,0
          145.00203,-37.17792,0
          145.00149,-37.17821,0
          145.00125,-37.17839,0
          145.00086,-37.17883,0
          144.99991,-37.18028,0
          144.99915,-37.18106,0
          144.99884,-37.18128,0
          144.99869,-37.18164,0
          144.99696,-37.1839,0
          144.99673,-37.18428,0
          144.99665,-37.18452,0
          144.99667,-37.18484,0
          144.99684,-37.18521,0
          144.99652,-37.18537,0
          144.99565,-37.186,0
          144.99549,-37.1862,0
          144.99292,-37.19348,0
          144.99258,-37.19422,0
          144.99027,-37.20014,0
          144.98994,-37.20082,0
          144.97838,-37.23075,0
          144.97838,-37.23077,0
          144.97673,-37.23425,0
          144.97614,-37.23536,0
          144.97575,-37.23597,0
          144.97456,-37.23823,0
          144.97437,-37.23873,0
          144.96428,-37.2586,0
          144.96421,-37.25885,0
          144.96318,-37.25923,0
          144.96229,-37.25964,0
          144.96153,-37.26013,0
          144.96097,-37.26062,0
          144.9605,-37.26121,0
          144.96013,-37.26175,0
          144.95913,-37.26345,0
          144.9591,-37.26354,0
          144.95888,-37.26395,0
          144.9588,-37.26403,0
          144.95798,-37.26549,0
          144.95792,-37.26556,0
          144.95765,-37.26621,0
          144.95739,-37.26703,0
          144.95733,-37.26715,0
          144.95713,-37.26743,0
          144.95688,-37.2677,0
          144.95683,-37.26778,0
          144.95686,-37.26786,0
          144.95686,-37.26792,0
          144.95683,-37.26803,0
          144.95666,-37.2682,0
          144.95652,-37.2684,0
          144.9565,-37.26845,0
          144.9565,-37.26852,0
          144.95637,-37.26908,0
          144.95633,-37.26916,0
          144.95626,-37.26941,0
          144.95617,-37.26958,0
          144.95606,-37.26993,0
          144.95601,-37.27,0
          144.95528,-37.27229,0
          144.95527,-37.27237,0
          144.95506,-37.2729,0
          144.95505,-37.273,0
          144.95469,-37.2739,0
          144.95433,-37.27463,0
          144.95336,-37.27621,0
          144.95329,-37.27629,0
          144.95185,-37.27855,0
          144.95176,-37.27866,0
          144.95048,-37.28081,0
          144.95022,-37.28139,0
          144.94987,-37.28276,0
          144.94988,-37.28284,0
          144.94935,-37.28558,0
          144.94929,-37.28568,0
          144.94921,-37.28606,0
          144.94926,-37.2862,0
          144.94922,-37.28642,0
          144.94921,-37.28644,0
          144.94922,-37.28655,0
          144.94917,-37.28707,0
          144.94923,-37.28725,0
          144.94922,-37.28742,0
          144.94925,-37.28751,0
          144.94954,-37.28807,0
          144.94998,-37.28915,0
          144.95049,-37.289,0
          144.95053,-37.2891,0
          144.95064,-37.28906,0
          144.95067,-37.28906,0
          144.9507,-37.28908,0
          144.95086,-37.28911,0
          144.95098,-37.28916,0
          144.9513,-37.28909,0
          144.95197,-37.2906,0
          144.95124,-37.29079,0
          144.9513,-37.29092,0
          144.95134,-37.29109,0
          144.95132,-37.29151,0
          144.95135,-37.29164,0
          144.95147,-37.29187,0
          144.95189,-37.29231,0
          144.95192,-37.29236,0
          144.95194,-37.29244,0
          144.95195,-37.29272,0
          144.95202,-37.29277,0
          144.95166,-37.29283,0
          144.95161,-37.29285,0
          144.95134,-37.29288,0
          144.95167,-37.2942,0
          144.95171,-37.29429,0
          144.95213,-37.29592,0
          144.9522,-37.29607,0
          144.95222,-37.29636,0
          144.95212,-37.29687,0
          144.95212,-37.29695,0
          144.95138,-37.30089,0
          144.95138,-37.30099,0
          144.9507,-37.30452,0
          144.9507,-37.30466,0
          144.95029,-37.30673,0
          144.95025,-37.30684,0
          144.94967,-37.31003,0
          144.94966,-37.31048,0
          144.94945,-37.31053,0
          144.94951,-37.31068,0
          144.94956,-37.31095,0
          144.94966,-37.3111,0
          144.95028,-37.31247,0
          144.95033,-37.31255,0
          144.95065,-37.31344,0
          144.95071,-37.31354,0
          144.95182,-37.31622,0
          144.95182,-37.31632,0
          144.95284,-37.31852,0
          144.9529,-37.31859,0
          144.95534,-37.32269,0
          144.95564,-37.32311,0
          144.95572,-37.32334,0
          144.95665,-37.32482,0
          144.9566,-37.32484,0
          144.95646,-37.32497,0
          144.9564,-37.32508,0
          144.95638,-37.3252,0
          144.9564,-37.32532,0
          144.95642,-37.32537,0
          144.9565,-37.32548,0
          144.9566,-37.32556,0
          144.9568,-37.32564,0
          144.95705,-37.32565,0
          144.95729,-37.32642,0
          144.95764,-37.32792,0
          144.95775,-37.3282,0
          144.96038,-37.33864,0
          144.96037,-37.33873,0
          144.96082,-37.34038,0
          144.96085,-37.34056,0
          144.96086,-37.34056,0
          144.96088,-37.3407,0
          144.96118,-37.34175,0
          144.96118,-37.34183,0
          144.96124,-37.34208,0
          144.96129,-37.34249,0
          144.96129,-37.3432,0
          144.96122,-37.34424,0
          144.96125,-37.34434,0
          144.96114,-37.34723,0
          144.9612,-37.34736,0
          144.96109,-37.34981,0
          144.9611,-37.35012,0
          144.96162,-37.35343,0
          144.96167,-37.35359,0
          144.963,-37.36157,0
          144.96305,-37.36172,0
          144.9636,-37.36505,0
          144.96372,-37.36552,0
          144.96414,-37.36678,0
          144.96548,-37.36985,0
          144.96544,-37.3699,0
          144.96556,-37.37017,0
          144.96557,-37.37024,0
          144.96636,-37.3721,0
          144.96678,-37.37283,0
          144.96701,-37.37312,0
          144.96699,-37.37315,0
          144.96698,-37.37319,0
          144.96702,-37.37343,0
          144.96796,-37.37549,0
          144.96793,-37.37558,0
          144.96789,-37.37561,0
          144.96644,-37.37626,0
          144.96414,-37.37786,0
          144.96374,-37.37821,0
          144.96366,-37.37838,0
          144.96289,-37.38145,0
          144.96271,-37.38202,0
          144.96268,-37.38224,0
          144.96271,-37.38343,0
          144.96272,-37.38347,0
          144.96272,-37.38387,0
          144.96264,-37.38418,0
          144.96246,-37.38447,0
          144.96115,-37.38601,0
          144.96101,-37.38625,0
          144.96093,-37.3865,0
          144.96053,-37.38863,0
          144.95929,-37.39413,0
          144.95919,-37.39439,0
          144.95903,-37.39463,0
          144.95867,-37.39497,0
          144.95796,-37.39554,0
          144.95548,-37.39697,0
          144.95498,-37.39735,0
          144.95477,-37.39759,0
          144.95461,-37.39789,0
          144.95429,-37.39908,0
          144.95415,-37.39942,0
          144.95406,-37.39954,0
          144.95392,-37.39954,0
          144.95378,-37.39977,0
          144.95275,-37.40257,0
          144.95249,-37.4031,0
          144.95172,-37.40423,0
          144.95153,-37.40444,0
          144.95126,-37.40465,0
          144.95116,-37.40477,0
          144.95099,-37.40517,0
          144.95068,-37.40568,0
          144.95027,-37.40617,0
          144.94979,-37.40691,0
          144.94975,-37.40724,0
          144.94971,-37.40738,0
          144.94942,-37.40786,0
          144.94939,-37.40795,0
          144.94938,-37.40804,0
          144.94932,-37.40824,0
          144.94913,-37.40858,0
          144.94903,-37.40869,0
          144.94903,-37.4087,0
          144.94876,-37.40897,0
          144.94853,-37.40925,0
          144.94834,-37.40956,0
          144.94827,-37.40981,0
          144.94828,-37.40999,0
          144.94845,-37.41045,0
          144.94867,-37.41086,0
          144.94872,-37.411,0
          144.94877,-37.41133,0
          144.9484,-37.41303,0
          144.9483,-37.41382,0
          144.94833,-37.41444,0
          144.94839,-37.41473,0
          144.94853,-37.41498,0
          144.94878,-37.41521,0
          144.94878,-37.41522,0
          144.94899,-37.4154,0
          144.94905,-37.41551,0
          144.94907,-37.41563,0
          144.94912,-37.41578,0
          144.94916,-37.41624,0
          144.94911,-37.41876,0
          144.94907,-37.41923,0
          144.94893,-37.42005,0
          144.94812,-37.42163,0
          144.9475,-37.42308,0
          144.94742,-37.42318,0
          144.94639,-37.42409,0
          144.94633,-37.42419,0
          144.94627,-37.42434,0
          144.94622,-37.42464,0
          144.94617,-37.42481,0
          144.94577,-37.42558,0
          144.94571,-37.4258,0
          144.94572,-37.4262,0
          144.94569,-37.42647,0
          144.9456,-37.42683,0
          144.94547,-37.42713,0
          144.94491,-37.42808,0
          144.94446,-37.42931,0
          144.94437,-37.42945,0
          144.94437,-37.42946,0
          144.94423,-37.4296,0
          144.94403,-37.42986,0
          144.94387,-37.43022,0
          144.94377,-37.43031,0
          144.94366,-37.43037,0
          144.94313,-37.43054,0
          144.94244,-37.43085,0
          144.94243,-37.43085,0
          144.94112,-37.43153,0
          144.94,-37.43224,0
          144.93944,-37.43271,0
          144.93899,-37.4332,0
          144.9385,-37.43386,0
          144.93818,-37.43447,0
          144.93582,-37.43997,0
          144.93512,-37.44195,0
          144.93328,-37.4463,0
          144.93327,-37.44631,0
          144.93236,-37.44842,0
          144.93235,-37.44843,0
          144.93146,-37.45044,0
          144.93145,-37.45045,0
          144.93076,-37.45196,0
          144.92976,-37.45442,0
          144.92975,-37.45443,0
          144.92913,-37.45615,0
          144.92912,-37.45616,0
          144.929,-37.45651,0
          144.9279,-37.45877,0
          144.92593,-37.46335,0
          144.92585,-37.46362,0
          144.92578,-37.46374,0
          144.92526,-37.46499,0
          144.92525,-37.46499,0
          144.92308,-37.4701,0
          144.92307,-37.4701,0
          144.92244,-37.47183,0
          144.92108,-37.47489,0
          144.92091,-37.47503,0
          144.92046,-37.47603,0
          144.92045,-37.47623,0
          144.92042,-37.47627,0
          144.91901,-37.47961,0
          144.91901,-37.47963,0
          144.91891,-37.47996,0
          144.91891,-37.47998,0
          144.91879,-37.48031,0
          144.91879,-37.48033,0
          144.91779,-37.4827,0
          144.91778,-37.48271,0
          144.91773,-37.48287,0
          144.91715,-37.48422,0
          144.91715,-37.48424,0
          144.91696,-37.48459,0
          144.91696,-37.4846,0
          144.91675,-37.48496,0
          144.91656,-37.4852,0
          144.91595,-37.48615,0
          144.91565,-37.48654,0
          144.91549,-37.4867,0
          144.91453,-37.48743,0
          144.91452,-37.48743,0
          144.91435,-37.48755,0
          144.91417,-37.48774,0
          144.9138,-37.48825,0
          144.9138,-37.48826,0
          144.91349,-37.48872,0
          144.91109,-37.4912,0
          144.91108,-37.4912,0
          144.91002,-37.49225,0
          144.90869,-37.49381,0
          144.90869,-37.49382,0
          144.90714,-37.49521,0
          144.90446,-37.498,0
          144.9028,-37.50028,0
          144.9028,-37.50029,0
          144.902,-37.50142,0
          144.90199,-37.50142,0
          144.90177,-37.50169,0
          144.90176,-37.50169,0
          144.90146,-37.50196,0
          144.89958,-37.50298,0
          144.89748,-37.50433,0
          144.89716,-37.50459,0
          144.8969,-37.50487,0
          144.89681,-37.505,0
          144.89667,-37.50527,0
          144.8965,-37.5058,0
          144.89624,-37.50708,0
          144.89624,-37.50714,0
          144.89587,-37.50917,0
          144.89584,-37.50924,0
          144.89456,-37.51583,0
          144.89455,-37.51585,0
          144.8942,-37.51768,0
          144.89419,-37.51768,0
          144.89399,-37.51872,0
          144.89379,-37.51935,0
          144.89348,-37.51997,0
          144.89278,-37.52099,0
          144.89278,-37.521,0
          144.89139,-37.52305,0
          144.89139,-37.52307,0
          144.89096,-37.52369,0
          144.89096,-37.5237,0
          144.89054,-37.52432,0
          144.89053,-37.52432,0
          144.88988,-37.52528,0
          144.88988,-37.52529,0
          144.88978,-37.52544,0
          144.88977,-37.52544,0
          144.88977,-37.52545,0
          144.88956,-37.52575,0
          144.88956,-37.52576,0
          144.88913,-37.5264,0
          144.88908,-37.5266,0
          144.88697,-37.52979,0
          144.88696,-37.52979,0
          144.88621,-37.53089,0
          144.88579,-37.5313,0
          144.88478,-37.53285,0
          144.88461,-37.53317,0
          144.8846,-37.53323,0
          144.89561,-37.53456,0
          144.89575,-37.53462,0
          144.89693,-37.53491,0
          144.89825,-37.53513,0
          144.89836,-37.5354,0
          144.89843,-37.53548,0
          144.89828,-37.53644,0
          144.89823,-37.53709,0
          144.89813,-37.53753,0
          144.89817,-37.53753,0
          144.89824,-37.53758,0
          144.89824,-37.53759,0
          144.89825,-37.53759,0
          144.89825,-37.5376,0
          144.89826,-37.53761,0
          144.89826,-37.53762,0
          144.89827,-37.53762,0
          144.89827,-37.53769,0
          144.89834,-37.538,0
          144.89833,-37.53806,0
          144.89879,-37.53911,0
          144.89884,-37.53918,0
          144.89892,-37.53942,0
          144.89886,-37.53943,0
          144.89886,-37.53945,0
          144.89885,-37.53945,0
          144.89885,-37.53948,0
          144.89886,-37.53949,0
          144.89886,-37.53951,0
          144.89887,-37.53951,0
          144.89887,-37.53953,0
          144.89892,-37.53952,0
          144.89895,-37.53966,0
          144.89894,-37.53973,0
          144.89895,-37.53983,0
          144.8985,-37.5422,0
          144.8985,-37.54248,0
          144.89908,-37.54394,0
          144.89917,-37.54432,0
          144.89919,-37.54463,0
          144.89918,-37.54467,0
          144.89916,-37.54469,0
          144.89909,-37.54558,0
          144.899,-37.54617,0
          144.89836,-37.54716,0
          144.89821,-37.54754,0
          144.89861,-37.54795,0
          144.89944,-37.54853,0
          144.89967,-37.54882,0
          144.89978,-37.54908,0
          144.8998,-37.54925,0
          144.89917,-37.55377,0
          144.89753,-37.5593,0
          144.89658,-37.56427,0
          144.89659,-37.5644,0
          144.89657,-37.56445,0
          144.8966,-37.56449,0
          144.8966,-37.56451,0
          144.89659,-37.56451,0
          144.89659,-37.56452,0
          144.89656,-37.56455,0
          144.89654,-37.56455,0
          144.89656,-37.56458,0
          144.89653,-37.56464,0
          144.89655,-37.56476,0
          144.89644,-37.56531,0
          144.89644,-37.56541,0
          144.8962,-37.56651,0
          144.89621,-37.5666,0
          144.89622,-37.56661,0
          144.89622,-37.56662,0
          144.89623,-37.56662,0
          144.89624,-37.5667,0
          144.89622,-37.56675,0
          144.89623,-37.56685,0
          144.89644,-37.56724,0
          144.89629,-37.56729,0
          144.89703,-37.56866,0
          144.8971,-37.56899,0
          144.89697,-37.56962,0
          144.89696,-37.56978,0
          144.89689,-37.56995,0
          144.89681,-37.57003,0
          144.8968,-37.57005,0
          144.89681,-37.5701,0
          144.89682,-37.57011,0
          144.89682,-37.57012,0
          144.89683,-37.57013,0
          144.89683,-37.57014,0
          144.89684,-37.57014,0
          144.89686,-37.57016,0
          144.89687,-37.57016,0
          144.89688,-37.57017,0
          144.89693,-37.57028,0
          144.89665,-37.5717,0
          144.89664,-37.57186,0
          144.89665,-37.57193,0
          144.89713,-37.57274,0
          144.89716,-37.57282,0
          144.89719,-37.57305,0
          144.89718,-37.57315,0
          144.89704,-37.57368,0
          144.89689,-37.57463,0
          144.89688,-37.57482,0
          144.89687,-37.57483,0
          144.89645,-37.57682,0
          144.8964,-37.5774,0
          144.89646,-37.57779,0
          144.89671,-37.57875,0
          144.89689,-37.57928,0
          144.8971,-37.57967,0
          144.89738,-37.58003,0
          144.89753,-37.58031,0
          144.89761,-37.5806,0
          144.89764,-37.5809,0
          144.89736,-37.58276,0
          144.8974,-37.583,0
          144.89758,-37.58309,0
          144.89769,-37.58319,0
          144.89769,-37.58324,0
          144.89896,-37.58385,0
          144.8993,-37.58398,0
          144.90041,-37.5841,0
          144.90039,-37.58423,0
          144.90101,-37.5843,0
          144.90102,-37.58431,0
          144.90102,-37.58432,0
          144.90098,-37.58439,0
          144.90091,-37.58465,0
          144.90084,-37.58478,0
          144.90083,-37.58482,0
          144.9008,-37.58487,0
          144.90076,-37.58521,0
          144.90073,-37.58526,0
          144.90065,-37.58532,0
          144.90057,-37.58544,0
          144.90041,-37.58594,0
          144.90035,-37.58632,0
          144.9002,-37.5869,0
          144.90016,-37.58698,0
          144.90014,-37.58711,0
          144.90016,-37.5874,0
          144.90005,-37.58813,0
          144.90006,-37.5883,0
          144.90007,-37.58833,0
          144.90008,-37.58834,0
          144.90008,-37.58835,0
          144.90028,-37.58852,0
          144.90034,-37.58861,0
          144.90037,-37.5887,0
          144.90039,-37.58886,0
          144.90035,-37.58912,0
          144.90029,-37.5893,0
          144.9003,-37.58958,0
          144.90033,-37.5897,0
          144.90043,-37.58994,0
          144.90055,-37.59015,0
          144.90072,-37.59036,0
          144.90077,-37.5904,0
          144.90087,-37.59045,0
          144.9009,-37.59045,0
          144.90099,-37.5904,0
          144.9014,-37.59083,0
          144.90147,-37.59084,0
          144.90179,-37.59066,0
          144.90195,-37.59082,0
          144.90195,-37.59083,0
          144.90197,-37.59083,0
          144.90202,-37.59088,0
          144.90202,-37.5909,0
          144.90201,-37.5909,0
          144.90192,-37.591,0
          144.90192,-37.59102,0
          144.90191,-37.59102,0
          144.9019,-37.59105,0
          144.90189,-37.59106,0
          144.90188,-37.59106,0
          144.90186,-37.59109,0
          144.90185,-37.59109,0
          144.90184,-37.5911,0
          144.90184,-37.59114,0
          144.90172,-37.59118,0
          144.90164,-37.59124,0
          144.90162,-37.59129,0
          144.90162,-37.59133,0
          144.90163,-37.59134,0
          144.90163,-37.59137,0
          144.90175,-37.59151,0
          144.90186,-37.59169,0
          144.90191,-37.59181,0
          144.90195,-37.59201,0
          144.90198,-37.59206,0
          144.90195,-37.59209,0
          144.90193,-37.59214,0
          144.90193,-37.59217,0
          144.90188,-37.59227,0
          144.90185,-37.59229,0
          144.90167,-37.59234,0
          144.90164,-37.59236,0
          144.90162,-37.5924,0
          144.90153,-37.59289,0
          144.90154,-37.59291,0
          144.90154,-37.59293,0
          144.90156,-37.59298,0
          144.90156,-37.593,0
          144.90162,-37.59307,0
          144.90165,-37.59308,0
          144.9017,-37.59312,0
          144.90193,-37.59318,0
          144.90216,-37.59327,0
          144.90266,-37.59336,0
          144.90285,-37.59345,0
          144.9029,-37.59349,0
          144.90291,-37.59352,0
          144.90293,-37.59354,0
          144.90297,-37.59365,0
          144.90298,-37.59387,0
          144.90307,-37.59401,0
          144.90325,-37.59419,0
          144.90334,-37.59433,0
          144.90346,-37.59463,0
          144.9035,-37.59487,0
          144.90359,-37.59502,0
          144.90365,-37.59509,0
          144.90373,-37.59525,0
          144.9038,-37.59549,0
          144.90386,-37.59561,0
          144.90394,-37.59569,0
          144.90412,-37.59578,0
          144.90438,-37.59584,0
          144.90519,-37.59594,0
          144.90541,-37.59594,0
          144.90566,-37.59604,0
          144.90578,-37.59612,0
          144.90597,-37.59621,0
          144.90612,-37.59624,0
          144.90654,-37.59627,0
          144.90682,-37.5962,0
          144.90694,-37.59627,0
          144.90715,-37.5963,0
          144.90741,-37.59628,0
          144.90759,-37.59629,0
          144.90779,-37.59633,0
          144.90799,-37.59642,0
          144.90808,-37.59648,0
          144.90808,-37.59649,0
          144.90814,-37.59653,0
          144.90833,-37.59677,0
          144.90853,-37.59687,0
          144.90875,-37.59692,0
          144.90889,-37.59692,0
          144.90896,-37.597,0
          144.90903,-37.59704,0
          144.90917,-37.59708,0
          144.90944,-37.59707,0
          144.90952,-37.5971,0
          144.90948,-37.5976,0
          144.9095,-37.59778,0
          144.90948,-37.59786,0
          144.90947,-37.59891,0
          144.90948,-37.59896,0
          144.90948,-37.59922,0
          144.90957,-37.60012,0
          144.90954,-37.60025,0
          144.90971,-37.60146,0
          144.90969,-37.60158,0
          144.90973,-37.60172,0
          144.90973,-37.60175,0
          144.90984,-37.60217,0
          144.9099,-37.60228,0
          144.9101,-37.60306,0
          144.91016,-37.60317,0
          144.91089,-37.60531,0
          144.91089,-37.60533,0
          144.91121,-37.60622,0
          144.91121,-37.60637,0
          144.91153,-37.60737,0
          144.91152,-37.60749,0
          144.91162,-37.60782,0
          144.91168,-37.60793,0
          144.91197,-37.60885,0
          144.91205,-37.60895,0
          144.91235,-37.60995,0
          144.91238,-37.61001,0
          144.91262,-37.61081,0
          144.91262,-37.61087,0
          144.91265,-37.61098,0
          144.91262,-37.611,0
          144.91274,-37.61167,0
          144.91281,-37.61177,0
          144.91294,-37.6127,0
          144.91316,-37.61572,0
          144.9133,-37.61678,0
          144.91338,-37.61694,0
          144.91485,-37.62236,0
          144.91496,-37.623,0
          144.91499,-37.62351,0
          144.91494,-37.62425,0
          144.91472,-37.62514,0
          144.91454,-37.62561,0
          144.91413,-37.62638,0
          144.91378,-37.62694,0
          144.91368,-37.62702,0
          144.91332,-37.62763,0
          144.9131,-37.62794,0
          144.91307,-37.62803,0
          144.91266,-37.62866,0
          144.91194,-37.62992,0
          144.91157,-37.63091,0
          144.91026,-37.6371,0
          144.91023,-37.63718,0
          144.91013,-37.638,0
          144.91024,-37.63801,0
          144.91022,-37.6382,0
          144.91023,-37.63824,0
          144.91021,-37.63831,0
          144.91017,-37.63829,0
          144.90924,-37.63822,0
          144.90916,-37.63872,0
          144.90884,-37.63999,0
          144.90869,-37.64044,0
          144.90871,-37.64046,0
          144.90871,-37.64047,0
          144.90872,-37.64047,0
          144.90872,-37.64049,0
          144.90873,-37.64049,0
          144.90873,-37.64053,0
          144.90872,-37.64054,0
          144.90872,-37.64056,0
          144.90871,-37.64056,0
          144.90871,-37.64057,0
          144.9087,-37.64058,0
          144.9087,-37.64059,0
          144.90869,-37.64059,0
          144.90868,-37.6406,0
          144.90867,-37.6406,0
          144.90867,-37.64061,0
          144.90865,-37.64062,0
          144.90864,-37.64065,0
          144.90856,-37.64076,0
          144.90831,-37.64161,0
          144.90832,-37.64166,0
          144.90806,-37.64222,0
          144.90789,-37.64249,0
          144.9075,-37.64299,0
          144.90731,-37.64319,0
          144.90677,-37.64365,0
          144.90645,-37.64387,0
          144.9059,-37.64417,0
          144.90584,-37.64423,0
          144.90584,-37.64426,0
          144.90587,-37.64428,0
          144.90589,-37.64433,0
          144.90602,-37.64442,0
          144.90608,-37.64449,0
          144.90601,-37.6445,0
          144.90601,-37.64454,0
          144.906,-37.64455,0
          144.90591,-37.64479,0
          144.90589,-37.645,0
          144.90593,-37.64515,0
          144.90603,-37.64535,0
          144.90638,-37.64588,0
          144.90648,-37.64613,0
          144.90658,-37.64628,0
          144.90667,-37.64636,0
          144.90694,-37.6465,0
          144.90703,-37.64657,0
          144.90712,-37.6467,0
          144.90714,-37.64679,0
          144.90717,-37.64791,0
          144.90708,-37.64791,0
          144.90705,-37.64785,0
          144.90705,-37.64783,0
          144.90703,-37.64781,0
          144.90701,-37.64781,0
          144.90701,-37.64789,0
          144.90698,-37.648,0
          144.90695,-37.64802,0
          144.90695,-37.64803,0
          144.90694,-37.64803,0
          144.90693,-37.64804,0
          144.90692,-37.64804,0
          144.90693,-37.64814,0
          144.90698,-37.64823,0
          144.90706,-37.64833,0
          144.90711,-37.64843,0
          144.90709,-37.64877,0
          144.90707,-37.64885,0
          144.90701,-37.64894,0
          144.90701,-37.64907,0
          144.90713,-37.64929,0
          144.90782,-37.64959,0
          144.90792,-37.64961,0
          144.90805,-37.64967,0
          144.90816,-37.64979,0
          144.90824,-37.65003,0
          144.90831,-37.65012,0
          144.90842,-37.65038,0
          144.90845,-37.65042,0
          144.90856,-37.65067,0
          144.90879,-37.65107,0
          144.90889,-37.65116,0
          144.9089,-37.65116,0
          144.9089,-37.65119,0
          144.90885,-37.6513,0
          144.9088,-37.65136,0
          144.9087,-37.65142,0
          144.9086,-37.65155,0
          144.90857,-37.65165,0
          144.90862,-37.65192,0
          144.9089,-37.6526,0
          144.90893,-37.65263,0
          144.90906,-37.6527,0
          144.90921,-37.65271,0
          144.90926,-37.65274,0
          144.90964,-37.65287,0
          144.90943,-37.65329,0
          144.90927,-37.65376,0
          144.90925,-37.65404,0
          144.90928,-37.65469,0
          144.90925,-37.65502,0
          144.90873,-37.65666,0
          144.90851,-37.65764,0
          144.90852,-37.65812,0
          144.9085,-37.65822,0
          144.90821,-37.6589,0
          144.90821,-37.65897,0
          144.90838,-37.65958,0
          144.90837,-37.66017,0
          144.9084,-37.66039,0
          144.90864,-37.6612,0
          144.90863,-37.66132,0
          144.90857,-37.66158,0
          144.90856,-37.6617,0
          144.9087,-37.66232,0
          144.90856,-37.66354,0
          144.90854,-37.6636,0
          144.90849,-37.66368,0
          144.90791,-37.66418,0
          144.90779,-37.66439,0
          144.9077,-37.66469,0
          144.90765,-37.66497,0
          144.90765,-37.66506,0
          144.90776,-37.66553,0
          144.90782,-37.66564,0
          144.90793,-37.66576,0
          144.90804,-37.66584,0
          144.90804,-37.66585,0
          144.90854,-37.66606,0
          144.90867,-37.66614,0
          144.90891,-37.66636,0
          144.90896,-37.66643,0
          144.90921,-37.66711,0
          144.90944,-37.66748,0
          144.90945,-37.66752,0
          144.90945,-37.66762,0
          144.9096,-37.66785,0
          144.90965,-37.66797,0
          144.91016,-37.66879,0
          144.91016,-37.66882,0
          144.91015,-37.66885,0
          144.91016,-37.66895,0
          144.91021,-37.6691,0
          144.91026,-37.66919,0
          144.91037,-37.66931,0
          144.91138,-37.66975,0
          144.91144,-37.6698,0
          144.91154,-37.66992,0
          144.91155,-37.66995,0
          144.91169,-37.67017,0
          144.91195,-37.67084,0
          144.912,-37.6709,0
          144.91206,-37.67105,0
          144.91208,-37.67125,0
          144.91182,-37.67217,0
          144.91182,-37.67231,0
          144.91221,-37.6732,0
          144.91223,-37.67331,0
          144.9122,-37.67342,0
          144.91169,-37.67424,0
          144.91154,-37.6746,0
          144.91152,-37.67469,0
          144.91149,-37.67475,0
          144.91149,-37.67476,0
          144.91144,-37.67485,0
          144.91136,-37.67494,0
          144.91134,-37.67498,0
          144.91134,-37.675,0
          144.91133,-37.67502,0
          144.91121,-37.67512,0
          144.91101,-37.67538,0
          144.91093,-37.67544,0
          144.91029,-37.6756,0
          144.90979,-37.67564,0
          144.90976,-37.67565,0
          144.90975,-37.67566,0
          144.90974,-37.67566,0
          144.90971,-37.67572,0
          144.90967,-37.67576,0
          144.90955,-37.67579,0
          144.90961,-37.67597,0
          144.90983,-37.67644,0
          144.90984,-37.67651,0
          144.90995,-37.67678,0
          144.91002,-37.67682,0
          144.91004,-37.67679,0
          144.90999,-37.67675,0
          144.91,-37.67674,0
          144.91001,-37.67674,0
          144.91002,-37.67673,0
          144.91003,-37.67673,0
          144.91004,-37.67672,0
          144.91006,-37.67672,0
          144.91007,-37.67671,0
          144.91009,-37.67677,0
          144.91013,-37.67677,0
          144.91014,-37.67671,0
          144.91019,-37.67672,0
          144.91047,-37.67665,0
          144.9109,-37.67649,0
          144.91192,-37.67629,0
          144.91223,-37.6762,0
          144.91293,-37.67592,0
          144.9138,-37.6755,0
          144.91402,-37.67532,0
          144.91566,-37.67318,0
          144.91575,-37.67322,0
          144.9141,-37.67537,0
          144.91387,-37.67557,0
          144.91297,-37.676,0
          144.91289,-37.67602,0
          144.9126,-37.67616,0
          144.91212,-37.67633,0
          144.91237,-37.6769,0
          144.91258,-37.67721,0
          144.91275,-37.67716,0
          144.9129,-37.67714,0
          144.91306,-37.67715,0
          144.91331,-37.67724,0
          144.91366,-37.67754,0
          144.91322,-37.67793,0
          144.91304,-37.67815,0
          144.91291,-37.67836,0
          144.91275,-37.67871,0
          144.91246,-37.6791,0
          144.91246,-37.67912,0
          144.91255,-37.67922,0
          144.91249,-37.67926,0
          144.91264,-37.67938,0
          144.9127,-37.67941,0
          144.91295,-37.67963,0
          144.91328,-37.68,0
          144.91382,-37.68084,0
          144.91386,-37.68094,0
          144.914,-37.68115,0
          144.91392,-37.68115,0
          144.91391,-37.68116,0
          144.9139,-37.68116,0
          144.91389,-37.68117,0
          144.91389,-37.68118,0
          144.91388,-37.68119,0
          144.91389,-37.68122,0
          144.91389,-37.68139,0
          144.91355,-37.68177,0
          144.91338,-37.6819,0
          144.913,-37.68204,0
          144.91295,-37.68208,0
          144.9129,-37.68218,0
          144.91287,-37.68221,0
          144.91245,-37.68247,0
          144.91229,-37.68264,0
          144.91237,-37.68268,0
          144.9129,-37.68312,0
          144.91315,-37.6834,0
          144.91321,-37.68355,0
          144.91336,-37.68373,0
          144.91348,-37.68384,0
          144.91367,-37.68392,0
          144.91368,-37.68394,0
          144.91371,-37.68395,0
          144.91385,-37.6841,0
          144.91402,-37.6842,0
          144.9139,-37.68433,0
          144.91386,-37.6844,0
          144.91384,-37.68448,0
          144.91342,-37.68509,0
          144.91336,-37.68521,0
          144.91313,-37.68601,0
          144.91314,-37.68608,0
          144.91284,-37.68716,0
          144.91284,-37.6872,0
          144.91289,-37.68721,0
          144.9129,-37.68722,0
          144.91288,-37.68726,0
          144.91293,-37.68728,0
          144.91362,-37.68741,0
          144.9136,-37.68752,0
          144.91358,-37.68756,0
          144.91358,-37.6876,0
          144.91404,-37.68779,0
          144.91362,-37.68924,0
          144.9136,-37.68924,0
          144.9136,-37.68925,0
          144.91359,-37.68925,0
          144.91357,-37.68933,0
          144.91358,-37.68933,0
          144.91358,-37.68934,0
          144.91359,-37.68935,0
          144.9132,-37.69068,0
          144.91322,-37.69074,0
          144.9143,-37.69094,0
          144.91426,-37.69108,0
          144.9142,-37.6921,0
          144.91423,-37.69221,0
          144.91416,-37.69345,0
          144.91413,-37.69353,0
          144.91407,-37.69455,0
          144.91405,-37.69462,0
          144.91404,-37.69491,0
          144.91467,-37.695,0
          144.91469,-37.69501,0
          144.91478,-37.695,0
          144.91497,-37.69501,0
          144.91496,-37.69505,0
          144.91496,-37.69516,0
          144.91503,-37.6956,0
          144.91504,-37.69561,0
          144.91504,-37.69564,0
          144.91507,-37.69575,0
          144.91508,-37.69611,0
          144.91509,-37.69614,0
          144.9151,-37.69638,0
          144.91503,-37.69686,0
          144.91503,-37.697,0
          144.91502,-37.69704,0
          144.91502,-37.69718,0
          144.91507,-37.69723,0
          144.91508,-37.69727,0
          144.91504,-37.69805,0
          144.91499,-37.69806,0
          144.91502,-37.69823,0
          144.915,-37.69852,0
          144.91499,-37.69854,0
          144.91495,-37.69902,0
          144.91497,-37.69922,0
          144.91496,-37.6993,0
          144.91509,-37.70203,0
          144.91566,-37.70449,0
          144.91566,-37.70453,0
          144.91622,-37.70703,0
          144.91625,-37.70709,0
          144.91639,-37.70776,0
          144.91639,-37.70783,0
          144.91712,-37.71259,0
          144.9171,-37.71263,0
          144.91721,-37.71333,0
          144.91721,-37.71344,0
          144.91738,-37.71429,0
          144.91745,-37.71447,0
          144.91844,-37.71587,0
          144.91847,-37.71597,0
          144.91879,-37.71641,0
          144.9189,-37.7165,0
          144.91942,-37.71727,0
          144.92024,-37.71904,0
          144.92076,-37.72038,0
          144.92077,-37.72044,0
          144.92079,-37.72046,0
          144.92103,-37.72112,0
          144.92103,-37.72124,0
          144.92142,-37.72222,0
          144.92146,-37.72227,0
          144.92225,-37.72437,0
          144.92231,-37.72444,0
          144.9223,-37.72451,0
          144.92314,-37.72681,0
          144.9232,-37.72689,0
          144.92319,-37.72695,0
          144.92362,-37.72813,0
          144.92363,-37.72822,0
          144.92365,-37.72828,0
          144.92374,-37.72839,0
          144.92378,-37.72847,0
          144.92388,-37.72889,0
          144.92388,-37.72894,0
          144.92385,-37.72906,0
          144.92385,-37.72942,0
          144.92381,-37.72957,0
          144.92378,-37.73001,0
          144.92375,-37.73007,0
          144.92374,-37.73035,0
          144.92371,-37.7305,0
          144.92371,-37.73061,0
          144.92351,-37.73155,0
          144.92354,-37.73209,0
          144.92359,-37.73229,0
          144.92434,-37.73409,0
          144.92458,-37.73451,0
          144.92459,-37.73457,0
          144.92479,-37.73487,0
          144.92486,-37.73494,0
          144.9252,-37.73554,0
          144.92579,-37.73641,0
          144.92584,-37.73645,0
          144.92806,-37.73943,0
          144.92807,-37.73955,0
          144.92822,-37.73971,0
          144.92836,-37.73991,0
          144.92866,-37.74058,0
          144.92867,-37.74063,0
          144.92863,-37.74073,0
          144.9286,-37.74122,0
          144.92853,-37.74157,0
          144.928,-37.74238,0
          144.92797,-37.74241,0
          144.92791,-37.74244,0
          144.92786,-37.74252,0
          144.92746,-37.74299,0
          144.92762,-37.74308,0
          144.92785,-37.74284,0
          144.92783,-37.74289,0
          144.92773,-37.74299,0
          144.92763,-37.74313,0
          144.92769,-37.74315,0
          144.92784,-37.74325,0
          144.9279,-37.74344,0
          144.92794,-37.74343,0
          144.92816,-37.74344,0
          144.92813,-37.74349,0
          144.92811,-37.74356,0
          144.92808,-37.74359,0
          144.92812,-37.74389,0
          144.92786,-37.74415,0
          144.92786,-37.74416,0
          144.92627,-37.74582,0
          144.92624,-37.74589,0
          144.92616,-37.74598,0
          144.92567,-37.74673,0
          144.92562,-37.74677,0
          144.92525,-37.74731,0
          144.92519,-37.74746,0
          144.92517,-37.74759,0
          144.92525,-37.74886,0
          144.92527,-37.74896,0
          144.92531,-37.7497,0
          144.9253,-37.74975,0
          144.92536,-37.7507,0
          144.92539,-37.75079,0
          144.92538,-37.75096,0
          144.92544,-37.75139,0
          144.92543,-37.75152,0
          144.92548,-37.7516,0
          144.92582,-37.75366,0
          144.9258,-37.75374,0
          144.92581,-37.75382,0
          144.92586,-37.75389,0
          144.926,-37.75476,0
          144.92601,-37.75478,0
          144.92647,-37.7576,0
          144.92657,-37.75765,0
          144.92661,-37.758,0
          144.92655,-37.75807,0
          144.92653,-37.75836,0
          144.92639,-37.75921,0
          144.92636,-37.75925,0
          144.92624,-37.75987,0
          144.92624,-37.75997,0
          144.92594,-37.76167,0
          144.92594,-37.76177,0
          144.92564,-37.7635,0
          144.9256,-37.7636,0
          144.92547,-37.76439,0
          144.92535,-37.76451,0
          144.92542,-37.76465,0
          144.92539,-37.76482,0
          144.92538,-37.76484,0
          144.92513,-37.76632,0
          144.92507,-37.76645,0
          144.9251,-37.76659,0
          144.92508,-37.76713,0
          144.92505,-37.76723,0
          144.92505,-37.76743,0
          144.92507,-37.76752,0
          144.92693,-37.77245,0
          144.92685,-37.77246,0
          144.92687,-37.77254,0
          144.92695,-37.77252,0
          144.92699,-37.77261,0
          144.92702,-37.7726,0
          144.92706,-37.77265,0
          144.92701,-37.77266,0
          144.92711,-37.77295,0
          144.92819,-37.77504,0
          144.93041,-37.77837,0
          144.93049,-37.77845,0
          144.93072,-37.77878,0
          144.93268,-37.78119,0
          144.93271,-37.78121,0
          144.93289,-37.78143,0
          144.93271,-37.78152,0
          144.9332,-37.78209,0
          144.93386,-37.78258,0
          144.93428,-37.78284,0
          144.93756,-37.78439,0
          144.93772,-37.78452,0
          144.93831,-37.78523,0
          144.93837,-37.78537,0
          144.93844,-37.78548,0
          144.9385,-37.78554,0
          144.93896,-37.78624,0
          144.93996,-37.78751,0
          144.94016,-37.78781,0
          144.94014,-37.78787,0
          144.94014,-37.78802,0
          144.94007,-37.78837,0
          144.94009,-37.7884,0
          144.93994,-37.78903,0
          144.94149,-37.7892,0
          144.94183,-37.78934,0
          144.94195,-37.78942,0
          144.94193,-37.78957,0
          144.94268,-37.79013,0
          144.94279,-37.79014,0
          144.94302,-37.79034,0
          144.94303,-37.79036,0
          144.94311,-37.79041,0
          144.94326,-37.79057,0
          144.94533,-37.79221,0
          144.94539,-37.79223,0
          144.94562,-37.79242,0
          144.94562,-37.79248,0
          144.94646,-37.79317,0
          144.94647,-37.79317,0
          144.94701,-37.7936,0
          144.94712,-37.79361,0
          144.94729,-37.79373,0
          144.94736,-37.79385,0
          144.94755,-37.79405,0
          144.94847,-37.79477,0
          144.94866,-37.79483,0
          144.94865,-37.7949,0
          144.9487,-37.79496,0
          144.95058,-37.79646,0
          144.95073,-37.79648,0
          144.95105,-37.79674,0
          144.95108,-37.79682,0
          144.95172,-37.79736,0
          144.95188,-37.79729,0
          144.95445,-37.79934,0
          144.95435,-37.79941,0
          144.95474,-37.79972,0
          144.95488,-37.7998,0
          144.9551,-37.79998,0
          144.95512,-37.80007,0
          144.95574,-37.80057,0
          144.95588,-37.8006,0
          144.95594,-37.80065,0
          144.95598,-37.80074,0
          144.95629,-37.80099,0
          144.95642,-37.80107,0
          144.95653,-37.80117,0
          144.95686,-37.80137,0
          144.95683,-37.80161,0
          144.95685,-37.80168,0
          144.9569,-37.80175,0
          144.95705,-37.80185,0
          144.95716,-37.80187,0
          144.95722,-37.80203,0
          144.95769,-37.80297,0
          144.95772,-37.80309,0
          144.95808,-37.80386,0
          144.95818,-37.80401,0
          144.95818,-37.80412,0
          144.95851,-37.80488,0
          144.95859,-37.80499,0
          144.959,-37.80589,0
          144.95907,-37.80594,0
          144.95923,-37.80626,0
          144.95922,-37.80633,0
          144.95935,-37.80633,0
          144.95979,-37.8064,0
          144.95977,-37.80644,0
          144.95997,-37.80646,0
          144.9602,-37.80645,0
          144.96095,-37.80655,0
          144.96139,-37.80657,0
          144.96274,-37.80674,0
          144.96264,-37.80728,0
          144.96264,-37.80737,0
          144.96267,-37.80737,0
          144.96274,-37.80745,0
          144.96325,-37.80857,0
          144.96326,-37.80864,0
          144.96346,-37.80906,0
          144.96346,-37.80911,0
          144.96376,-37.80964,0
          144.96377,-37.80972,0
          144.96467,-37.81159,0
          144.96468,-37.81169,0
          144.96507,-37.81253,0
          144.96515,-37.81258,0
          144.96516,-37.81262,0
          144.96534,-37.81274,0
          144.96562,-37.8133,0
          144.96562,-37.81333,0
          144.96552,-37.8135,0
          144.96638,-37.81542,0
          144.96646,-37.81547,0
          144.96649,-37.81553,0
          144.96663,-37.81567,0
          144.96663,-37.81572,0
          144.96667,-37.81587,0
          144.96694,-37.81644,0
          144.96692,-37.81645,0
          144.96724,-37.81719,0
          144.96724,-37.81728,0
          144.96743,-37.8178,0
          144.96747,-37.81797,0
          144.96764,-37.81835,0
          144.96767,-37.81847,0
          144.96771,-37.81855,0
          144.96784,-37.8187,0
          144.96797,-37.81891,0
          144.96848,-37.82007,0
          144.9685,-37.82017,0
          144.96852,-37.8202,0
          144.96847,-37.82027,0
          144.96846,-37.82031,0
          144.96847,-37.82038,0
          144.96863,-37.82074,0
          144.96867,-37.82088,0
          144.96881,-37.82114,0
          144.96881,-37.82116,0
          144.96896,-37.82141,0
          144.96899,-37.82153,0
          144.96911,-37.82178,0
          144.96914,-37.82188,0
          144.96979,-37.82326,0
          144.96986,-37.82335,0
          144.96989,-37.82342,0
          144.96989,-37.82345,0
          144.97019,-37.82412,0
          144.97021,-37.82427,0
          144.97038,-37.82463,0
          144.97049,-37.82474,0
          144.97049,-37.8248,0
          144.9707,-37.82527,0
          144.97095,-37.82606,0
          144.97102,-37.82617,0
          144.97111,-37.82673,0
          144.97108,-37.82678,0
          144.97111,-37.82696,0
          144.97112,-37.82733,0
          144.97104,-37.82822,0
          144.97104,-37.82862,0
          144.97105,-37.82865,0
          144.97104,-37.82873,0
          144.97099,-37.82883,0
          144.97101,-37.82892,0
          144.97099,-37.82989,0
          144.97103,-37.82996,0
          144.97106,-37.83076,0
          144.97112,-37.83128,0
          144.97127,-37.83182,0
          144.97144,-37.83221,0
          144.97151,-37.83227,0
          144.97154,-37.83233,0
          144.97155,-37.83243,0
          144.97178,-37.83288,0
          144.97187,-37.83297,0
          144.97191,-37.83307,0
          144.97199,-37.83316,0
          144.97216,-37.8333,0
          144.97244,-37.83347,0
          144.97282,-37.83364,0
          144.97285,-37.83367,0
          144.97304,-37.83377,0
          144.97337,-37.83389,0
          144.9735,-37.83396,0
          144.97359,-37.83399,0
          144.9737,-37.83405,0
          144.97387,-37.83418,0
          144.97416,-37.8345,0
          144.9742,-37.83459,0
          144.97467,-37.83519,0
          144.97471,-37.8353,0
          144.97495,-37.83566,0
          144.97502,-37.83582,0
          144.97521,-37.83611,0
          144.97523,-37.83616,0
          144.97525,-37.83618,0
          144.97518,-37.83617,0
          144.97548,-37.83694,0
          144.97548,-37.83697,0
          144.97562,-37.83694,0
          144.9772,-37.84132,0
          144.97727,-37.84144,0
          144.97819,-37.84395,0
          144.97819,-37.84397,0
          144.97848,-37.84477,0
          144.9785,-37.8448,0
          144.98014,-37.84929,0
          144.9802,-37.84927,0
          144.98025,-37.84928,0
          144.98026,-37.84929,0
          144.98041,-37.84928,0
          144.98063,-37.84923,0
          144.98094,-37.85011,0
          144.98097,-37.85015,0
          144.98099,-37.85032,0
          144.98103,-37.85039,0
          144.98126,-37.85104,0
          144.98132,-37.85113,0
          144.98153,-37.85169,0
          144.98162,-37.85184,0
          144.98165,-37.85192,0
          144.98166,-37.85206,0
          144.98177,-37.85233,0
          144.98179,-37.85244,0
          144.98243,-37.85415,0
          144.98244,-37.85421,0
          144.98261,-37.85461,0
          144.98276,-37.85484,0
          144.98286,-37.85495,0
          144.9831,-37.85512,0
          144.98322,-37.85525,0
          144.98331,-37.85528,0
          144.98348,-37.85529,0
          144.98343,-37.85546,0
          144.98337,-37.85586,0
          144.98336,-37.85588,0
          144.98329,-37.85626,0
          144.98329,-37.85633,0
          144.98334,-37.85648,0
          144.98497,-37.8567,0
          144.98499,-37.85671,0
          144.98729,-37.85701,0
          144.98748,-37.85701,0
          144.98903,-37.85723,0
          144.98921,-37.85728,0
          144.99014,-37.85741,0
          144.99031,-37.85741,0
          144.99059,-37.85745,0
          144.99083,-37.85745,0
          144.99105,-37.85742,0
          144.99119,-37.85738,0
          144.99122,-37.85739,0
          144.99125,-37.85739,0
          144.99159,-37.85755,0
          144.99166,-37.8576,0
          144.99214,-37.85784,0
          144.99271,-37.85801,0
          144.99435,-37.85827,0
          144.99446,-37.85835,0
          144.99723,-37.85872,0
          144.99733,-37.85869,0
          144.99746,-37.85872,0
          144.99751,-37.85876,0
          145.00071,-37.85919,0
          145.00087,-37.85919,0
          145.00122,-37.85924,0
          145.00141,-37.85929,0
          145.00414,-37.85966,0
          145.00417,-37.85965,0
          145.01503,-37.86108,0
          145.01516,-37.86116,0
          145.01527,-37.86119,0
          145.02527,-37.86554,0
          145.02545,-37.86558,0
          145.02593,-37.86583,0
          145.02962,-37.86747,0
          145.02981,-37.86761,0
          145.0305,-37.86835,0
          145.03063,-37.86846,0
          145.0308,-37.86856,0
          145.03106,-37.86863,0
          145.03138,-37.86864,0
          145.0318,-37.86882,0
          145.03375,-37.87059,0
          145.03395,-37.87074,0
          145.03437,-37.87113,0
          145.0344,-37.87118,0
          145.03495,-37.87167,0
          145.03506,-37.8717,0
          145.03506,-37.87176,0
          145.03557,-37.87221,0
          145.03559,-37.87224,0
          145.03561,-37.87225,0
          145.03775,-37.87418,0
          145.03771,-37.87434,0
          145.03798,-37.87438,0
          145.03803,-37.87441,0
          145.039,-37.87531,0
          145.03939,-37.87562,0
          145.03955,-37.87552,0
          145.03953,-37.87562,0
          145.0396,-37.87567,0
          145.03975,-37.87568,0
          145.04,-37.87546,0
          145.04006,-37.8755,0
          145.04062,-37.87602,0
          145.04099,-37.87629,0
          145.04114,-37.87636,0
          145.04135,-37.87652,0
          145.04153,-37.87662,0
          145.04159,-37.87664,0
          145.0417,-37.87664,0
          145.04175,-37.87662,0
          145.04179,-37.87658,0
          145.04201,-37.87672,0
          145.04206,-37.87678,0
          145.0427,-37.87721,0
          145.04274,-37.87725,0
          145.04349,-37.87772,0
          145.04359,-37.87776,0
          145.04442,-37.87787,0
          145.0446,-37.87792,0
          145.04465,-37.87795,0
          145.04468,-37.87795,0
          145.04468,-37.87796,0
          145.04482,-37.87794,0
          145.04475,-37.87815,0
          145.04474,-37.87816,0
          145.0447,-37.87836,0
          145.04476,-37.87839,0
          145.04498,-37.8786,0
          145.04504,-37.87864,0
          145.04517,-37.87866,0
          145.04539,-37.87876,0
          145.04547,-37.87882,0
          145.04558,-37.87886,0
          145.04565,-37.87887,0
          145.04565,-37.87891,0
          145.04639,-37.87944,0
          145.04646,-37.87946,0
          145.04658,-37.87984,0
          145.04676,-37.88,0
          145.04678,-37.8801,0
          145.04675,-37.88015,0
          145.04676,-37.88016,0
          145.04676,-37.88017,0
          145.04785,-37.88093,0
          145.04786,-37.88093,0
          145.04791,-37.88098,0
          145.04899,-37.88163,0
          145.04903,-37.88167,0
          145.04933,-37.88179,0
          145.04936,-37.88179,0
          145.04944,-37.88184,0
          145.04948,-37.88189,0
          145.05185,-37.88317,0
          145.05408,-37.88418,0
          145.05433,-37.88436,0
          145.05555,-37.88491,0
          145.05592,-37.885,0
          145.05674,-37.88538,0
          145.05756,-37.88568,0
          145.05764,-37.88569,0
          145.05765,-37.88564,0
          145.05787,-37.8856,0
          145.05785,-37.8857,0
          145.05805,-37.88569,0
          145.0581,-37.8857,0
          145.05866,-37.88597,0
          145.05867,-37.88599,0
          145.05866,-37.88609,0
          145.05868,-37.88614,0
          145.05897,-37.88631,0
          145.05983,-37.88669,0
          145.05992,-37.88675,0
          145.06,-37.88685,0
          145.06031,-37.88698,0
          145.06046,-37.88698,0
          145.06054,-37.887,0
          145.06076,-37.88712,0
          145.06078,-37.88714,0
          145.06082,-37.88716,0
          145.06093,-37.88725,0
          145.06129,-37.88742,0
          145.06141,-37.88752,0
          145.06264,-37.88809,0
          145.06284,-37.88812,0
          145.06437,-37.88882,0
          145.06446,-37.88888,0
          145.06451,-37.88893,0
          145.06499,-37.88915,0
          145.0652,-37.88921,0
          145.06523,-37.88921,0
          145.06604,-37.88956,0
          145.06612,-37.88961,0
          145.06618,-37.88967,0
          145.06666,-37.8899,0
          145.06669,-37.88995,0
          145.06669,-37.88999,0
          145.06665,-37.89005,0
          145.06665,-37.89008,0
          145.06667,-37.89011,0
          145.06676,-37.89015,0
          145.06698,-37.89021,0
          145.06733,-37.89037,0
          145.06737,-37.89041,0
          145.06739,-37.89045,0
          145.06743,-37.89048,0
          145.06748,-37.89049,0
          145.06759,-37.89055,0
          145.06773,-37.8906,0
          145.06779,-37.89065,0
          145.06781,-37.89069,0
          145.06788,-37.89077,0
          145.06919,-37.89131,0
          145.06966,-37.89141,0
          145.06982,-37.89147,0
          145.07004,-37.89152,0
          145.07016,-37.89159,0
          145.07021,-37.89164,0
          145.07218,-37.89251,0
          145.07228,-37.89253,0
          145.07247,-37.89253,0
          145.07317,-37.89283,0
          145.07344,-37.89304,0
          145.07556,-37.89399,0
          145.07563,-37.89405,0
          145.07641,-37.89442,0
          145.0769,-37.89457,0
          145.077,-37.89464,0
          145.07701,-37.89467,0
          145.07702,-37.89468,0
          145.07703,-37.89471,0
          145.07709,-37.89476,0
          145.07909,-37.89567,0
          145.07926,-37.8958,0
          145.0794,-37.89588,0
          145.07943,-37.89593,0
          145.07953,-37.89593,0
          145.07967,-37.89597,0
          145.07981,-37.89605,0
          145.07986,-37.8961,0
          145.0799,-37.89617,0
          145.07994,-37.89644,0
          145.08036,-37.89645,0
          145.08038,-37.89644,0
          145.08052,-37.89642,0
          145.08054,-37.89643,0
          145.0807,-37.89645,0
          145.08097,-37.89652,0
          145.0818,-37.89686,0
          145.08188,-37.89687,0
          145.08191,-37.89689,0
          145.08195,-37.8969,0
          145.08239,-37.89712,0
          145.08305,-37.89739,0
          145.08337,-37.89756,0
          145.08418,-37.89789,0
          145.08427,-37.89795,0
          145.08428,-37.89795,0
          145.08524,-37.89836,0
          145.08655,-37.89912,0
          145.08733,-37.89971,0
          145.08746,-37.89984,0
          145.08747,-37.89987,0
          145.08746,-37.89988,0
          145.08746,-37.8999,0
          145.08745,-37.89992,0
          145.08739,-37.89998,0
          145.08787,-37.90034,0
          145.0879,-37.90033,0
          145.08823,-37.90002,0
          145.08839,-37.90011,0
          145.08843,-37.90016,0
          145.08847,-37.90019,0
          145.08854,-37.90019,0
          145.08853,-37.9002,0
          145.08854,-37.90021,0
          145.08866,-37.90021,0
          145.0887,-37.90019,0
          145.08874,-37.90023,0
          145.08881,-37.90034,0
          145.08899,-37.90046,0
          145.08895,-37.9005,0
          145.08896,-37.90056,0
          145.08955,-37.90101,0
          145.08956,-37.90106,0
          145.08951,-37.9011,0
          145.08951,-37.90112,0
          145.08952,-37.90113,0
          145.08952,-37.90114,0
          145.09133,-37.90255,0
          145.09149,-37.90264,0
          145.09155,-37.90264,0
          145.09316,-37.90383,0
          145.09323,-37.90386,0
          145.09326,-37.90389,0
          145.09327,-37.90389,0
          145.09346,-37.9041,0
          145.09432,-37.90476,0
          145.09482,-37.90505,0
          145.09537,-37.9055,0
          145.09774,-37.90722,0
          145.09808,-37.90759,0
          145.09922,-37.90846,0
          145.09927,-37.90854,0
          145.09936,-37.90863,0
          145.10056,-37.90954,0
          145.10112,-37.9099,0
          145.10131,-37.90996,0
          145.10186,-37.91036,0
          145.10201,-37.91054,0
          145.10262,-37.91099,0
          145.10264,-37.91104,0
          145.1027,-37.91112,0
          145.10302,-37.91134,0
          145.10311,-37.91136,0
          145.10334,-37.91149,0
          145.10341,-37.91156,0
          145.10344,-37.91162,0
          145.10429,-37.91228,0
          145.10432,-37.91228,0
          145.10439,-37.91226,0
          145.1044,-37.91225,0
          145.10446,-37.91225,0
          145.10534,-37.91263,0
          145.1054,-37.9127,0
          145.10543,-37.91272,0
          145.10545,-37.91275,0
          145.1064,-37.91351,0
          145.10744,-37.91465,0
          145.11189,-37.91801,0
          145.11198,-37.91805,0
          145.11207,-37.91807,0
          145.11242,-37.91835,0
          145.1125,-37.91839,0
          145.11296,-37.91873,0
          145.11303,-37.91881,0
          145.11377,-37.91934,0
          145.11383,-37.9194,0
          145.11403,-37.91951,0
          145.11422,-37.91974,0
          145.11426,-37.91976,0
          145.11435,-37.91976,0
          145.11436,-37.91977,0
          145.11438,-37.91977,0
          145.11442,-37.91979,0
          145.1149,-37.92022,0
          145.1153,-37.92051,0
          145.1151,-37.92068,0
          145.11514,-37.92078,0
          145.11528,-37.9209,0
          145.11538,-37.92094,0
          145.11577,-37.92117,0
          145.11738,-37.92234,0
          145.11753,-37.92251,0
          145.11824,-37.92306,0
          145.1185,-37.92317,0
          145.11853,-37.92321,0
          145.11859,-37.92325,0
          145.11867,-37.92325,0
          145.11878,-37.92329,0
          145.11897,-37.92345,0
          145.11898,-37.92351,0
          145.119,-37.92355,0
          145.11901,-37.92355,0
          145.11902,-37.92356,0
          145.11902,-37.92358,0
          145.11946,-37.9239,0
          145.11978,-37.92387,0
          145.11985,-37.92389,0
          145.12001,-37.92409,0
          145.1201,-37.92415,0
          145.12015,-37.92421,0
          145.12018,-37.92429,0
          145.1202,-37.92443,0
          145.12018,-37.92448,0
          145.12019,-37.92451,0
          145.12108,-37.92522,0
          145.12119,-37.92538,0
          145.12154,-37.92567,0
          145.12166,-37.92571,0
          145.12182,-37.92586,0
          145.12374,-37.92731,0
          145.12405,-37.92747,0
          145.12545,-37.92853,0
          145.12531,-37.92865,0
          145.12621,-37.92933,0
          145.12622,-37.92935,0
          145.12698,-37.92944,0
          145.12686,-37.92969,0
          145.12759,-37.93026,0
          145.12792,-37.93047,0
          145.128,-37.93056,0
          145.12834,-37.93083,0
          145.12836,-37.9309,0
          145.12839,-37.9309,0
          145.13262,-37.93408,0
          145.1327,-37.93418,0
          145.13275,-37.93419,0
          145.13364,-37.93486,0
          145.13367,-37.9349,0
          145.13371,-37.9349,0
          145.13372,-37.93491,0
          145.13385,-37.93495,0
          145.13385,-37.93496,0
          145.13386,-37.93496,0
          145.13388,-37.93499,0
          145.13397,-37.93506,0
          145.13409,-37.93509,0
          145.13439,-37.93524,0
          145.13499,-37.93569,0
          145.13503,-37.93587,0
          145.13503,-37.93594,0
          145.13516,-37.936,0
          145.13605,-37.93666,0
          145.13628,-37.93669,0
          145.1363,-37.9367,0
          145.13632,-37.9367,0
          145.13693,-37.93715,0
          145.13695,-37.93718,0
          145.1372,-37.93738,0
          145.13721,-37.93738,0
          145.13746,-37.93757,0
          145.13762,-37.93774,0
          145.1379,-37.93794,0
          145.1379,-37.93795,0
          145.13798,-37.93804,0
          145.13798,-37.93805,0
          145.13804,-37.93816,0
          145.13808,-37.93819,0
          145.13821,-37.93825,0
          145.13906,-37.93888,0
          145.13907,-37.9389,0
          145.13908,-37.9389,0
          145.13908,-37.93891,0
          145.13984,-37.93945,0
          145.13985,-37.93943,0
          145.13988,-37.93943,0
          145.14,-37.93952,0
          145.14002,-37.93952,0
          145.14039,-37.9398,0
          145.1404,-37.93982,0
          145.14043,-37.93984,0
          145.14044,-37.93987,0
          145.14052,-37.93994,0
          145.14071,-37.94004,0
          145.14315,-37.94187,0
          145.14375,-37.94238,0
          145.14402,-37.94251,0
          145.14435,-37.9428,0
          145.14439,-37.94286,0
          145.14486,-37.94323,0
          145.14495,-37.94327,0
          145.14506,-37.94329,0
          145.14514,-37.94333,0
          145.14978,-37.94685,0
          145.14996,-37.94702,0
          145.15003,-37.94704,0
          145.15003,-37.94705,0
          145.15004,-37.94705,0
          145.15051,-37.94744,0
          145.15067,-37.94753,0
          145.15159,-37.94822,0
          145.15161,-37.94822,0
          145.15179,-37.9483,0
          145.15244,-37.94877,0
          145.1523,-37.94891,0
          145.15244,-37.94898,0
          145.15258,-37.94909,0
          145.15265,-37.94917,0
          145.15356,-37.94985,0
          145.15362,-37.94991,0
          145.15551,-37.95133,0
          145.15553,-37.95131,0
          145.15556,-37.95135,0
          145.15745,-37.95276,0
          145.15757,-37.95283,0
          145.16098,-37.9554,0
          145.16099,-37.95542,0
          145.16199,-37.95619,0
          145.16242,-37.95647,0
          145.16249,-37.95655,0
          145.1627,-37.95672,0
          145.16295,-37.95688,0
          145.16304,-37.95692,0
          145.16313,-37.957,0
          145.16325,-37.95717,0
          145.16356,-37.95738,0
          145.16362,-37.95744,0
          145.16389,-37.95758,0
          145.16409,-37.95775,0
          145.16453,-37.958,0
          145.1647,-37.95813,0
          145.16485,-37.95829,0
          145.16581,-37.959,0
          145.16589,-37.95904,0
          145.16834,-37.96081,0
          145.16842,-37.96089,0
          145.16852,-37.96105,0
          145.16859,-37.96113,0
          145.16904,-37.96148,0
          145.16905,-37.96156,0
          145.169,-37.96173,0
          145.16919,-37.96183,0
          145.17023,-37.96261,0
          145.17036,-37.96268,0
          145.17038,-37.96273,0
          145.17139,-37.96348,0
          145.17147,-37.96351,0
          145.17318,-37.9648,0
          145.17319,-37.96484,0
          145.17323,-37.96491,0
          145.17322,-37.96492,0
          145.17328,-37.96497,0
          145.17331,-37.96505,0
          145.17325,-37.9651,0
          145.17329,-37.96513,0
          145.17331,-37.96513,0
          145.17338,-37.96516,0
          145.17349,-37.96529,0
          145.17365,-37.96543,0
          145.17385,-37.96556,0
          145.17389,-37.96557,0
          145.17389,-37.96556,0
          145.17417,-37.96582,0
          145.17434,-37.96592,0
          145.17439,-37.96598,0
          145.17675,-37.96776,0
          145.1773,-37.96813,0
          145.17782,-37.96831,0
          145.17783,-37.96832,0
          145.17791,-37.96835,0
          145.1816,-37.97111,0
          145.18167,-37.97119,0
          145.18458,-37.9734,0
          145.18541,-37.9742,0
          145.18557,-37.97429,0
          145.18579,-37.9743,0
          145.18583,-37.97422,0
          145.18587,-37.97422,0
          145.18594,-37.97425,0
          145.18699,-37.97505,0
          145.18709,-37.9751,0
          145.18909,-37.97654,0
          145.18926,-37.9766,0
          145.19037,-37.97736,0
          145.19046,-37.9775,0
          145.19122,-37.97802,0
          145.1913,-37.97811,0
          145.19212,-37.97869,0
          145.19212,-37.97878,0
          145.19214,-37.97881,0
          145.19214,-37.97883,0
          145.19216,-37.97887,0
          145.19202,-37.97973,0
          145.19202,-37.97984,0
          145.19206,-37.97993,0
          145.19311,-37.98106,0
          145.19312,-37.98108,0
          145.19328,-37.98121,0
          145.19338,-37.98126,0
          145.1934,-37.98128,0
          145.19354,-37.98134,0
          145.19361,-37.9814,0
          145.19362,-37.9814,0
          145.19363,-37.98141,0
          145.19363,-37.98143,0
          145.19364,-37.98144,0
          145.19364,-37.98145,0
          145.19365,-37.98146,0
          145.19375,-37.9817,0
          145.19397,-37.98197,0
          145.19408,-37.98207,0
          145.19432,-37.98223,0
          145.19438,-37.98229,0
          145.19449,-37.98247,0
          145.19449,-37.98248,0
          145.19459,-37.98257,0
          145.19465,-37.98259,0
          145.19469,-37.98264,0
          145.19469,-37.98269,0
          145.19457,-37.98287,0
          145.19457,-37.98288,0
          145.19456,-37.98289,0
          145.19459,-37.98314,0
          145.19464,-37.98314,0
          145.19465,-37.98315,0
          145.19469,-37.98316,0
          145.19515,-37.98344,0
          145.19525,-37.98358,0
          145.19568,-37.98365,0
          145.1958,-37.98365,0
          145.19755,-37.98402,0
          145.19772,-37.98408,0
          145.19804,-37.98424,0
          145.19908,-37.98497,0
          145.19915,-37.98498,0
          145.19969,-37.98537,0
          145.19971,-37.98537,0
          145.19972,-37.98538,0
          145.1999,-37.9854,0
          145.19988,-37.98554,0
          145.19991,-37.98554,0
          145.20002,-37.98559,0
          145.20145,-37.98659,0
          145.20264,-37.98727,0
          145.2027,-37.98734,0
          145.20272,-37.98741,0
          145.20272,-37.98745,0
          145.2026,-37.98792,0
          145.20261,-37.988,0
          145.20266,-37.98816,0
          145.20331,-37.98962,0
          145.20365,-37.98958,0
          145.20413,-37.98958,0
          145.20445,-37.98962,0
          145.20475,-37.98969,0
          145.20491,-37.98941,0
          145.20495,-37.98938,0
          145.20519,-37.98929,0
          145.20563,-37.98905,0
          145.20754,-37.98825,0
          145.20809,-37.98817,0
          145.20975,-37.98836,0
          145.2141,-37.98807,0
          145.21413,-37.98806,0
          145.21428,-37.98806,0
          145.21438,-37.98811,0
          145.21441,-37.98811,0
          145.21449,-37.98806,0
          145.21466,-37.98804,0
          145.2148,-37.98799,0
          145.21525,-37.98773,0
          145.21534,-37.98764,0
          145.21547,-37.98771,0
          145.21649,-37.98879,0
          145.21652,-37.98891,0
          145.21659,-37.98891,0
          145.21672,-37.98904,0
          145.21677,-37.98917,0
          145.21688,-37.98928,0
          145.21677,-37.98939,0
          145.21813,-37.99084,0
          145.21814,-37.99088,0
          145.21818,-37.99095,0
          145.21829,-37.99102,0
          145.22116,-37.99406,0
          145.22133,-37.99421,0
          145.22149,-37.99429,0
          145.22289,-37.99579,0
          145.2229,-37.99582,0
          145.22297,-37.99589,0
          145.22304,-37.99602,0
          145.2231,-37.99591,0
          145.22333,-37.99563,0
          145.22349,-37.99528,0
          145.22353,-37.99528,0
          145.22356,-37.99527,0
          145.22378,-37.99511,0
          145.22383,-37.99509,0
          145.22386,-37.99506,0
          145.22413,-37.99491,0
          145.22429,-37.99473,0
          145.22431,-37.99472,0
          145.22431,-37.99471,0
          145.22432,-37.9947,0
          145.22431,-37.99469,0
          145.22429,-37.99469,0
          145.22402,-37.99485,0
          145.22428,-37.99514,0
          145.22435,-37.99519,0
          145.22462,-37.99549,0
          145.22482,-37.99587,0
          145.22504,-37.99593,0
          145.22528,-37.99596,0
          145.22541,-37.99595,0
          145.22922,-37.99641,0
          145.22963,-37.99642,0
          145.23019,-37.99638,0
          145.23034,-37.99633,0
          145.23034,-37.99632,0
          145.2304,-37.99633,0
          145.23053,-37.99632,0
          145.23119,-37.99616,0
          145.23126,-37.99613,0
          145.23324,-37.99566,0
          145.23324,-37.99565,0
          145.23338,-37.99561,0
          145.23339,-37.99562,0
          145.2334,-37.99562,0
          145.23341,-37.99563,0
          145.23652,-37.99488,0
          145.23656,-37.99488,0
          145.23658,-37.99487,0
          145.23912,-37.99515,0
          145.24063,-37.9952,0
          145.24069,-37.99522,0
          145.24117,-37.99521,0
          145.24118,-37.9952,0
          145.24119,-37.9952,0
          145.24119,-37.99519,0
          145.2412,-37.99519,0
          145.2412,-37.99518,0
          145.24122,-37.99518,0
          145.24123,-37.99517,0
          145.2413,-37.99517,0
          145.24138,-37.9952,0
          145.24163,-37.99523,0
          145.24335,-37.99527,0
          145.24411,-37.9954,0
          145.24528,-37.99569,0
          145.24531,-37.99569,0
          145.24531,-37.99567,0
          145.24674,-37.9959,0
          145.24675,-37.99591,0
          145.24675,-37.99594,0
          145.24761,-37.99603,0
          145.24768,-37.99606,0
          145.24773,-37.99604,0
          145.25009,-37.99631,0
          145.25019,-37.99634,0
          145.25045,-37.99635,0
          145.25046,-37.99634,0
          145.25047,-37.99634,0
          145.25049,-37.9963,0
          145.25057,-37.99631,0
          145.25057,-37.99635,0
          145.25058,-37.99635,0
          145.25058,-37.99636,0
          145.25059,-37.99636,0
          145.25059,-37.99637,0
          145.2506,-37.99637,0
          145.2506,-37.99638,0
          145.25078,-37.99642,0
          145.25089,-37.99641,0
          145.2537,-37.99675,0
          145.25408,-37.99683,0
          145.25449,-37.99701,0
          145.25491,-37.99732,0
          145.25509,-37.99753,0
          145.25552,-37.99819,0
          145.25589,-37.9985,0
          145.25827,-37.99963,0
          145.25839,-37.99966,0
          145.25847,-37.99966,0
          145.25871,-37.99971,0
          145.25869,-37.99979,0
          145.26586,-38.0007,0
          145.26586,-38.00071,0
          145.26587,-38.00071,0
          145.26588,-38.00076,0
          145.26575,-38.00141,0
          145.2673,-38.00159,0
          145.2675,-38.00164,0
          145.26763,-38.00171,0
          145.26932,-38.00339,0
          145.26934,-38.00344,0
          145.26934,-38.00347,0
          145.26935,-38.0035,0
          145.26934,-38.00352,0
          145.26933,-38.0036,0
          145.26934,-38.0036,0
          145.26934,-38.00361,0
          145.26983,-38.00367,0
          145.26983,-38.00376,0
          145.26982,-38.00377,0
          145.26981,-38.00377,0
          145.2698,-38.00378,0
          145.26979,-38.00378,0
          145.26979,-38.00379,0
          145.26977,-38.00382,0
          145.26977,-38.00391,0
          145.26966,-38.00448,0
          145.26963,-38.00455,0
          145.26962,-38.00456,0
          145.26959,-38.00463,0
          145.26938,-38.00553,0
          145.27053,-38.00566,0
          145.27062,-38.00569,0
          145.27116,-38.00577,0
          145.27122,-38.00575,0
          145.27231,-38.00588,0
          145.27237,-38.0059,0
          145.2724,-38.00592,0
          145.27244,-38.00597,0
          145.27259,-38.00597,0
          145.27279,-38.00602,0
          145.27298,-38.0061,0
          145.27334,-38.0062,0
          145.27351,-38.00627,0
          145.27375,-38.0063,0
          145.27418,-38.00648,0
          145.27429,-38.00661,0
          145.27566,-38.00725,0
          145.2758,-38.00728,0
          145.27612,-38.00744,0
          145.27621,-38.00751,0
          145.27762,-38.00818,0
          145.2777,-38.00818,0
          145.27844,-38.00853,0
          145.27848,-38.00858,0
          145.27876,-38.00868,0
          145.27924,-38.00891,0
          145.27935,-38.00899,0
          145.28431,-38.01133,0
          145.28434,-38.01132,0
          145.28438,-38.01132,0
          145.2848,-38.01154,0
          145.28528,-38.01155,0
          145.28531,-38.01156,0
          145.28545,-38.01171,0
          145.28637,-38.01215,0
          145.28644,-38.0122,0
          145.28646,-38.01229,0
          145.28984,-38.01388,0
          145.2899,-38.01393,0
          145.28992,-38.01393,0
          145.28997,-38.01395,0
          145.29003,-38.01395,0
          145.29005,-38.01396,0
          145.29007,-38.01396,0
          145.29012,-38.01398,0
          145.29013,-38.01399,0
          145.29013,-38.01407,0
          145.29014,-38.01408,0
          145.29011,-38.0141,0
          145.29033,-38.01422,0
          145.29038,-38.01422,0
          145.2904,-38.0142,0
          145.29042,-38.0142,0
          145.29092,-38.01447,0
          145.291,-38.01448,0
          145.29105,-38.01451,0
          145.29108,-38.01451,0
          145.29109,-38.0145,0
          145.29456,-38.01698,0
          145.29452,-38.01703,0
          145.29452,-38.01709,0
          145.29453,-38.01712,0
          145.29456,-38.01716,0
          145.29795,-38.01959,0
          145.29809,-38.01964,0
          145.29811,-38.01971,0
          145.29811,-38.01982,0
          145.29812,-38.01984,0
          145.29834,-38.02,0
          145.29807,-38.02027,0
          145.29886,-38.02085,0
          145.29881,-38.02091,0
          145.30088,-38.02242,0
          145.30096,-38.02246,0
          145.30466,-38.02516,0
          145.30469,-38.02517,0
          145.30473,-38.0252,0
          145.30479,-38.02522,0
          145.30485,-38.02521,0
          145.30578,-38.02588,0
          145.30586,-38.02597,0
          145.3064,-38.02628,0
          145.30639,-38.02668,0
          145.3064,-38.02674,0
          145.30631,-38.02723,0
          145.30633,-38.02733,0
          145.3063,-38.02746,0
          145.30626,-38.02751,0
          145.3062,-38.02795,0
          145.3062,-38.0281,0
          145.30595,-38.03028,0
          145.30593,-38.03031,0
          145.30588,-38.03079,0
          145.3059,-38.0309,0
          145.3059,-38.03102,0
          145.30586,-38.03126,0
          145.30595,-38.03129,0
          145.30621,-38.03131,0
          145.30622,-38.03137,0
          145.30649,-38.03142,0
          145.30685,-38.03144,0
          145.30735,-38.03155,0
          145.3074,-38.03145,0
          145.30828,-38.03177,0
          145.30891,-38.03191,0
          145.31233,-38.03233,0
          145.31262,-38.03241,0
          145.31292,-38.03254,0
          145.31325,-38.03275,0
          145.3136,-38.03308,0
          145.31382,-38.03345,0
          145.31385,-38.03354,0
          145.31541,-38.03326,0
          145.3158,-38.03324,0
          145.31639,-38.03331,0
          145.31667,-38.03339,0
          145.31703,-38.03355,0
          145.31804,-38.0342,0
          145.31857,-38.03444,0
          145.31936,-38.03463,0
          145.31943,-38.03466,0
          145.3221,-38.03525,0
          145.32228,-38.03533,0
          145.32257,-38.03555,0
          145.32264,-38.03564,0
          145.32276,-38.03589,0
          145.32279,-38.03601,0
          145.32283,-38.03603,0
          145.32291,-38.03604,0
          145.32322,-38.03614,0
          145.32324,-38.03616,0
          145.32333,-38.03641,0
          145.32333,-38.03644,0
          145.32336,-38.03647,0
          145.32388,-38.03634,0
          145.32391,-38.03635,0
          145.32394,-38.03635,0
          145.32396,-38.03636,0
          145.32398,-38.03636,0
          145.32408,-38.03641,0
          145.32414,-38.03648,0
          145.32414,-38.03653,0
          145.32398,-38.03682,0
          145.32397,-38.03686,0
          145.32397,-38.03694,0
          145.32398,-38.03697,0
          145.32401,-38.03701,0
          145.32407,-38.03704,0
          145.3241,-38.0371,0
          145.3241,-38.03714,0
          145.32399,-38.0375,0
          145.32375,-38.03881,0
          145.32552,-38.039,0
          145.32556,-38.03899,0
          145.32571,-38.0389,0
          145.33074,-38.03952,0
          145.33094,-38.03959,0
          145.331,-38.03963,0
          145.33152,-38.04014,0
          145.33156,-38.0402,0
          145.33192,-38.04047,0
          145.332,-38.04057,0
          145.33204,-38.04069,0
          145.33188,-38.04156,0
          145.33198,-38.04165,0
          145.33353,-38.04182,0
          145.33362,-38.04185,0
          145.33474,-38.04246,0
          145.33505,-38.04256,0
          145.33544,-38.04273,0
          145.33592,-38.04304,0
          145.33625,-38.04318,0
          145.33649,-38.04335,0
          145.33668,-38.04343,0
          145.33763,-38.04399,0
          145.33791,-38.04409,0
          145.33799,-38.04416,0
          145.33938,-38.04498,0
          145.3395,-38.04515,0
          145.33957,-38.04514,0
          145.33989,-38.04521,0
          145.34044,-38.04555,0
          145.34059,-38.04569,0
          145.34063,-38.0461,0
          145.3406,-38.04662,0
          145.3405,-38.04678,0
          145.3404,-38.04753,0
          145.34046,-38.04772,0
          145.34023,-38.04911,0
          145.34018,-38.04925,0
          145.34008,-38.04979,0
          145.34001,-38.05002,0
          145.34001,-38.05016,0
          145.33993,-38.05057,0
          145.34006,-38.05053,0
          145.34004,-38.05066,0
          145.34024,-38.05068,0
          145.34024,-38.05075,0
          145.33907,-38.05676,0
          145.33907,-38.05691,0
          145.33906,-38.05692,0
          145.33894,-38.05761,0
          145.3389,-38.05765,0
          145.33862,-38.05913,0
          145.33866,-38.05921,0
          145.33862,-38.05947,0
          145.33868,-38.05975,0
          145.33871,-38.05981,0
          145.33873,-38.05983,0
          145.33996,-38.05999,0
          145.3401,-38.06004,0
          145.34115,-38.06022,0
          145.34136,-38.0603,0
          145.34227,-38.0605,0
          145.34247,-38.0605,0
          145.34366,-38.06069,0
          145.34356,-38.06117,0
          145.34352,-38.06126,0
          145.34313,-38.06316,0
          145.34314,-38.06323,0
          145.34307,-38.06352,0
          145.34309,-38.06358,0
          145.34312,-38.06356,0
          145.34317,-38.06356,0
          145.34318,-38.06357,0
          145.3432,-38.06357,0
          145.3432,-38.06358,0
          145.34321,-38.06358,0
          145.34322,-38.06359,0
          145.34322,-38.0636,0
          145.34323,-38.06361,0
          145.34323,-38.06363,0
          145.3433,-38.06363,0
          145.34347,-38.06367,0
          145.34357,-38.06373,0
          145.3471,-38.06415,0
          145.34723,-38.06413,0
          145.34733,-38.06408,0
          145.34736,-38.06408,0
          145.34742,-38.06406,0
          145.34753,-38.06411,0
          145.34756,-38.06415,0
          145.34755,-38.06426,0
          145.3475,-38.06436,0
          145.34733,-38.06496,0
          145.3473,-38.06523,0
          145.34731,-38.06554,0
          145.34751,-38.06597,0
          145.34763,-38.06614,0
          145.34837,-38.06675,0
          145.34841,-38.06677,0
          145.34844,-38.0668,0
          145.34857,-38.06688,0
          145.34856,-38.06689,0
          145.34856,-38.06691,0
          145.34855,-38.06691,0
          145.34855,-38.06696,0
          145.34856,-38.06697,0
          145.34856,-38.06699,0
          145.34857,-38.06699,0
          145.34857,-38.06701,0
          145.34866,-38.06708,0
          145.34875,-38.06708,0
          145.34876,-38.06707,0
          145.34879,-38.06706,0
          145.34946,-38.0676,0
          145.34946,-38.06761,0
          145.3497,-38.06778,0
          145.35036,-38.06811,0
          145.35073,-38.06824,0
          145.35105,-38.06841,0
          145.35107,-38.06844,0
          145.35124,-38.06859,0
          145.35132,-38.0687,0
          145.35142,-38.0689,0
          145.35147,-38.06906,0
          145.35148,-38.0692,0
          145.35159,-38.06924,0
          145.35388,-38.06952,0
          145.35396,-38.06955,0
          145.35496,-38.06963,0
          145.3552,-38.06968,0
          145.35521,-38.06971,0
          145.35522,-38.06971,0
          145.35522,-38.06972,0
          145.35523,-38.06972,0
          145.35523,-38.06973,0
          145.35524,-38.06973,0
          145.35524,-38.06974,0
          145.35525,-38.06974,0
          145.35526,-38.06975,0
          145.35527,-38.06975,0
          145.35528,-38.06976,0
          145.35531,-38.06976,0
          145.35532,-38.06977,0
          145.35535,-38.06977,0
          145.3554,-38.0698,0
          145.35587,-38.07032,0
          145.35907,-38.0735,0
          145.3592,-38.07359,0
          145.35919,-38.07364,0
          145.35921,-38.07369,0
          145.35927,-38.07374,0
          145.35937,-38.07375,0
          145.3594,-38.07379,0
          145.3595,-38.07387,0
          145.35965,-38.07406,0
          145.3628,-38.07719,0
          145.36279,-38.07721,0
          145.36279,-38.07723,0
          145.36323,-38.07766,0
          145.36328,-38.07778,0
          145.36328,-38.07791,0
          145.36327,-38.07793,0
          145.36338,-38.07794,0
          145.36341,-38.07798,0
          145.36334,-38.0783,0
          145.36328,-38.07838,0
          145.3632,-38.0787,0
          145.36327,-38.07884,0
          145.36322,-38.07911,0
          145.36314,-38.07922,0
          145.36303,-38.08028,0
          145.36281,-38.08151,0
          145.36273,-38.0815,0
          145.36255,-38.08224,0
          145.36251,-38.08224,0
          145.36249,-38.08243,0
          145.36231,-38.08321,0
          145.36225,-38.08362,0
          145.36197,-38.08475,0
          145.36198,-38.08478,0
          145.36193,-38.08499,0
          145.36194,-38.08506,0
          145.36028,-38.09318,0
          145.36024,-38.0932,0
          145.35992,-38.09511,0
          145.35989,-38.09561,0
          145.35984,-38.09573,0
          145.35982,-38.09597,0
          145.35984,-38.09632,0
          145.35989,-38.09642,0
          145.35995,-38.09661,0
          145.35999,-38.09667,0
          145.36009,-38.09729,0
          145.36009,-38.09737,0
          145.36048,-38.09887,0
          145.36047,-38.09954,0
          145.36056,-38.10001,0
          145.36071,-38.10038,0
          145.36073,-38.1004,0
          145.36083,-38.10059,0
          145.36091,-38.10092,0
          145.36119,-38.10144,0
          145.36125,-38.1015,0
          145.36159,-38.10207,0
          145.36161,-38.10213,0
          145.3623,-38.10313,0
          145.36312,-38.1041,0
          145.3632,-38.10407,0
          145.36479,-38.10579,0
          145.36553,-38.10641,0
          145.36568,-38.10658,0
          145.36601,-38.10705,0
          145.36615,-38.1073,0
          145.36619,-38.10729,0
          145.36624,-38.10736,0
          145.36639,-38.10748,0
          145.36637,-38.10751,0
          145.36635,-38.10757,0
          145.36646,-38.1078,0
          145.36656,-38.10794,0
          145.36668,-38.10793,0
          145.36678,-38.10795,0
          145.36682,-38.10797,0
          145.36701,-38.10817,0
          145.36715,-38.10828,0
          145.36769,-38.10885,0
          145.36789,-38.10897,0
          145.36851,-38.10963,0
          145.36847,-38.10966,0
          145.36902,-38.11025,0
          145.36904,-38.11024,0
          145.36963,-38.11088,0
          145.3697,-38.11102,0
          145.36991,-38.11125,0
          145.36999,-38.1113,0
          145.37007,-38.11133,0
          145.37015,-38.11138,0
          145.37082,-38.11211,0
          145.37079,-38.11213,0
          145.37118,-38.11256,0
          145.3712,-38.11263,0
          145.37629,-38.11809,0
          145.37636,-38.11811,0
          145.37657,-38.11833,0
          145.3766,-38.11838,0
          145.37952,-38.12145,0
          145.37956,-38.12152,0
          145.37967,-38.12164,0
          145.37977,-38.12169,0
          145.39357,-38.13653,0
          145.39361,-38.13659,0
          145.39925,-38.14272,0
          145.39938,-38.14293,0
          145.39937,-38.14299,0
          145.39967,-38.14306,0
          145.40732,-38.144,0
          145.40744,-38.14403,0
          145.41944,-38.14552,0
          145.41953,-38.14551,0
          145.42378,-38.14603,0
          145.42387,-38.14606,0
          145.42471,-38.14615,0
          145.42474,-38.14619,0
          145.42776,-38.14891,0
          145.42822,-38.14928,0
          145.42853,-38.1496,0
          145.42856,-38.14966,0
          145.42861,-38.14984,0
          145.42861,-38.15012,0
          145.42853,-38.15048,0
          145.42854,-38.15056,0
          145.42831,-38.15144,0
          145.42814,-38.15231,0
          145.4281,-38.15239,0
          145.42658,-38.15962,0
          145.42658,-38.15969,0
          145.42522,-38.16606,0
          145.42522,-38.16614,0
          145.42476,-38.16849,0
          145.42472,-38.16857,0
          145.42341,-38.17488,0
          145.42341,-38.17547,0
          145.42333,-38.1759,0
          145.43851,-38.17785,0
          145.4386,-38.17789,0
          145.43901,-38.17793,0
          145.43911,-38.17796,0
          145.47638,-38.18276,0
          145.47668,-38.18283,0
          145.47676,-38.18287,0
          145.4772,-38.183,0
          145.47785,-38.18329,0
          145.47859,-38.18372,0
          145.4788,-38.18392,0
          145.47889,-38.1839,0
          145.47903,-38.18399,0
          145.47915,-38.18402,0
          145.47938,-38.18396,0
          145.47942,-38.18393,0
          145.47951,-38.18398,0
          145.47982,-38.18406,0
          145.48,-38.1842,0
          145.48002,-38.18429,0
          145.48005,-38.18433,0
          145.4802,-38.18464,0
          145.48026,-38.18486,0
          145.48028,-38.18517,0
          145.48022,-38.18551,0
          145.48012,-38.1858,0
          145.4799,-38.18615,0
          145.47965,-38.18642,0
          145.47964,-38.18644,0
          145.47876,-38.18715,0
          145.47849,-38.18745,0
          145.47822,-38.18782,0
          145.47809,-38.18805,0
          145.47796,-38.18838,0
          145.47771,-38.18936,0
          145.47774,-38.18947,0
          145.4766,-38.19498,0
          145.47663,-38.19546,0
          145.47675,-38.19589,0
          145.47689,-38.19618,0
          145.47705,-38.19641,0
          145.47729,-38.19666,0
          145.47783,-38.19706,0
          145.47825,-38.19725,0
          145.47873,-38.19739,0
          145.47895,-38.19742,0
          145.47903,-38.19745,0
          145.4799,-38.19759,0
          145.47985,-38.19774,0
          145.47985,-38.19777,0
          145.47988,-38.1978,0
          145.48004,-38.19781,0
          145.48006,-38.19782,0
          145.48005,-38.19785,0
          145.48005,-38.19789,0
          145.48006,-38.1979,0
          145.48404,-38.19843,0
          145.4861,-38.19884,0
          145.48735,-38.19916,0
          145.48942,-38.19979,0
          145.48944,-38.19979,0
          145.48945,-38.1998,0
          145.48946,-38.19979,0
          145.48946,-38.19978,0
          145.48947,-38.19978,0
          145.48947,-38.19977,0
          145.48965,-38.19978,0
          145.48792,-38.20047,0
          145.4883,-38.20101,0
          145.48833,-38.2011,0
          145.48864,-38.20155,0
          145.48866,-38.2016,0
          145.48962,-38.20304,0
          145.48973,-38.203,0
          145.49104,-38.20498,0
          145.4911,-38.2051,0
          145.49117,-38.20519,0
          145.49124,-38.20533,0
          145.49339,-38.20855,0
          145.49344,-38.20866,0
          145.4975,-38.21481,0
          145.49757,-38.21485,0
          145.49773,-38.21504,0
          145.49784,-38.21521,0
          145.50122,-38.2157,0
          145.50235,-38.21595,0
          145.50321,-38.21623,0
          145.50388,-38.2165,0
          145.50464,-38.21687,0
          145.50557,-38.21742,0
          145.50617,-38.21787,0
          145.50714,-38.2188,0
          145.50758,-38.21933,0
          145.50797,-38.21988,0
          145.50819,-38.22026,0
          145.50889,-38.22169,0
          145.50899,-38.22179,0
          145.50934,-38.22255,0
          145.50944,-38.22283,0
          145.50956,-38.22343,0
          145.51006,-38.22897,0
          145.51004,-38.22906,0
          145.51021,-38.23076,0
          145.51028,-38.2311,0
          145.5105,-38.23177,0
          145.51093,-38.23259,0
          145.51143,-38.23323,0
          145.51206,-38.23384,0
          145.51281,-38.23438,0
          145.51355,-38.23481,0
          145.52827,-38.2418,0
          145.52836,-38.24187,0
          145.536,-38.2455,0
          145.53617,-38.24555,0
          145.53882,-38.24684,0
          145.53926,-38.2471,0
          145.53967,-38.24739,0
          145.54355,-38.25061,0
          145.54365,-38.25067,0
          145.54874,-38.25482,0
          145.54881,-38.2549,0
          145.54917,-38.25518,0
          145.54959,-38.2556,0
          145.5499,-38.25599,0
          145.55028,-38.25673,0
          145.55035,-38.2568,0
          145.5504,-38.25688,0
          145.55055,-38.25699,0
          145.55072,-38.25706,0
          145.55095,-38.25708,0
          145.5514,-38.25719,0
          145.55173,-38.25737,0
          145.55305,-38.2585,0
          145.55312,-38.25854,0
          145.5609,-38.26498,0
          145.56098,-38.26503,0
          145.56176,-38.2657,0
          145.56181,-38.26578,0
          145.56199,-38.26587,0
          145.56202,-38.26587,0
          145.56203,-38.26586,0
          145.56207,-38.26586,0
          145.56208,-38.26587,0
          145.56212,-38.26587,0
          145.56209,-38.26593,0
          145.5621,-38.26593,0
          145.5621,-38.26594,0
          145.56212,-38.26594,0
          145.56212,-38.26595,0
          145.56213,-38.26595,0
          145.56213,-38.26596,0
          145.56214,-38.26596,0
          145.56214,-38.26597,0
          145.56215,-38.26597,0
          145.56215,-38.26599,0
          145.56216,-38.26599,0
          145.56213,-38.26604,0
          145.56222,-38.26607,0
          145.56416,-38.26768,0
          145.56427,-38.26773,0
          145.56557,-38.26881,0
          145.56562,-38.26889,0
          145.5684,-38.27116,0
          145.56845,-38.27122,0
          145.56858,-38.27133,0
          145.56865,-38.27137,0
          145.57123,-38.27351,0
          145.5713,-38.27355,0
          145.5713,-38.27356,0
          145.57255,-38.27423,0
          145.57272,-38.27428,0
          145.57314,-38.2743,0
          145.57395,-38.27424,0
          145.57409,-38.27419,0
          145.57435,-38.27416,0
          145.5747,-38.27417,0
          145.57482,-38.27426,0
          145.5749,-38.27428,0
          145.57516,-38.27442,0
          145.57526,-38.2745,0
          145.5755,-38.27481,0
          145.57608,-38.2757,0
          145.57623,-38.27588,0
          145.577,-38.27659,0
          145.57752,-38.27699,0
          145.57778,-38.27714,0
          145.57816,-38.27726,0
          145.58,-38.27752,0
          145.582,-38.27801,0
          145.58213,-38.27802,0
          145.58346,-38.27838,0
          145.58433,-38.2787,0
          145.58642,-38.27968,0
          145.58713,-38.2801,0
          145.58862,-38.28112,0
          145.58912,-38.28138,0
          145.58944,-38.28149,0
          145.59194,-38.2821,0
          145.59503,-38.28261,0
          145.5955,-38.28264,0
          145.59818,-38.28258,0
          145.59969,-38.28271,0
          145.60053,-38.28284,0
          145.60154,-38.2831,0
          145.60192,-38.28323,0
          145.60338,-38.28357,0
          145.60417,-38.28364,0
          145.60566,-38.28368,0
          145.60667,-38.28379,0
          145.60769,-38.28403,0
          145.61043,-38.28491,0
          145.611,-38.28504,0
          145.61195,-38.28535,0
          145.61287,-38.28589,0
          145.61312,-38.2861,0
          145.61406,-38.28708,0
          145.61462,-38.2876,0
          145.61487,-38.28774,0
          145.61548,-38.288,0
          145.61762,-38.28851,0
          145.61811,-38.28867,0
          145.61998,-38.28948,0
          145.62181,-38.28996,0
          145.62209,-38.29006,0
          145.62267,-38.29038,0
          145.62381,-38.29113,0
          145.62417,-38.29141,0
          145.62455,-38.29162,0
          145.62587,-38.29216,0
          145.62628,-38.29238,0
          145.6266,-38.2926,0
          145.62715,-38.29327,0
          145.62738,-38.29369,0
          145.62774,-38.29451,0
          145.62774,-38.29452,0
          145.62807,-38.29521,0
          145.62828,-38.29553,0
          145.62854,-38.29581,0
          145.62891,-38.2961,0
          145.62996,-38.29665,0
          145.63077,-38.29701,0
          145.63109,-38.29719,0
          145.6316,-38.29756,0
          145.63191,-38.29787,0
          145.63213,-38.29814,0
          145.63347,-38.30007,0
          145.6334,-38.3001,0
          145.63368,-38.30068,0
          145.63381,-38.30112,0
          145.63382,-38.30112,0
          145.63398,-38.30265,0
          145.63423,-38.30332,0
          145.63455,-38.30388,0
          145.63513,-38.30454,0
          145.63706,-38.30646,0
          145.6377,-38.30693,0
          145.63808,-38.30712,0
          145.64085,-38.30799,0
          145.64155,-38.30834,0
          145.6421,-38.30869,0
          145.643,-38.30908,0
          145.64502,-38.30946,0
          145.64743,-38.3101,0
          145.64807,-38.31031,0
          145.64872,-38.31059,0
          145.64984,-38.31129,0
          145.65034,-38.31156,0
          145.65058,-38.31165,0
          145.65264,-38.31215,0
          145.65352,-38.31225,0
          145.65387,-38.31224,0
          145.65441,-38.31217,0
          145.65442,-38.31216,0
          145.65635,-38.31164,0
          145.657,-38.31154,0
          145.65751,-38.31152,0
          145.65807,-38.31158,0
          145.65883,-38.31183,0
          145.6641,-38.31406,0
          145.66473,-38.31438,0
          145.66513,-38.31465,0
          145.66557,-38.31505,0
          145.66924,-38.31903,0
          145.66924,-38.31904,0
          145.67092,-38.32086,0
          145.67126,-38.32131,0
          145.67145,-38.32172,0
          145.67155,-38.32174,0
          145.67161,-38.32198,0
          145.67164,-38.3223,0
          145.67161,-38.32271,0
          145.6716,-38.32271,0
          145.66999,-38.33126,0
          145.67006,-38.33152,0
          145.67015,-38.33172,0
          145.67024,-38.33184,0
          145.67049,-38.33203,0
          145.67073,-38.33215,0
          145.67368,-38.33266,0
          145.67863,-38.33328,0
          145.67875,-38.33328,0
          145.68003,-38.33347,0
          145.68,-38.33357,0
          145.68033,-38.33362,0
          145.68045,-38.3336,0
          145.68532,-38.33429,0
          145.68534,-38.3343,0
          145.68983,-38.33492,0
          145.69184,-38.33505,0
          145.69185,-38.33526,0
          145.69191,-38.3354,0
          145.69216,-38.33568,0
          145.69218,-38.33569,0
          145.69422,-38.33782,0
          145.6944,-38.33805,0
          145.69454,-38.33832,0
          145.6962,-38.34287,0
          145.69641,-38.34335,0
          145.69654,-38.34355,0
          145.69792,-38.34494,0
          145.69824,-38.34539,0
          145.69912,-38.34699,0
          145.70064,-38.352,0
          145.70091,-38.35256,0
          145.70094,-38.35259,0
          145.70129,-38.35319,0
          145.7013,-38.35319,0
          145.70225,-38.35478,0
          145.70262,-38.35521,0
          145.70306,-38.35558,0
          145.70324,-38.3557,0
          145.70354,-38.35597,0
          145.70385,-38.35636,0
          145.70415,-38.35682,0
          145.70477,-38.35799,0
          145.70497,-38.35827,0
          145.7053,-38.35856,0
          145.7058,-38.35893,0
          145.70597,-38.35911,0
          145.70612,-38.35932,0
          145.70617,-38.35945,0
          145.7064,-38.36057,0
          145.70654,-38.36093,0
          145.70664,-38.36109,0
          145.70703,-38.36153,0
          145.70729,-38.36173,0
          145.70864,-38.36255,0
          145.70865,-38.36255,0
          145.70965,-38.36317,0
          145.71035,-38.36353,0
          145.71058,-38.36358,0
          145.71067,-38.36358,0
          145.71094,-38.36353,0
          145.71118,-38.36355,0
          145.71125,-38.3636,0
          145.71125,-38.36368,0
          145.7111,-38.36443,0
          145.71091,-38.36491,0
          145.71087,-38.36506,0
          145.71086,-38.36516,0
          145.71087,-38.36524,0
          145.71092,-38.36539,0
          145.71098,-38.36549,0
          145.71114,-38.36567,0
          145.7116,-38.36599,0
          145.71259,-38.36647,0
          145.7127,-38.36658,0
          145.71279,-38.36675,0
          145.71279,-38.36677,0
          145.71281,-38.36682,0
          145.71281,-38.36687,0
          145.71282,-38.3669,0
          145.71281,-38.367,0
          145.71277,-38.36713,0
          145.7127,-38.36727,0
          145.71262,-38.36736,0
          145.7124,-38.3675,0
          145.71211,-38.36756,0
          145.7115,-38.36756,0
          145.71127,-38.36761,0
          145.7111,-38.36768,0
          145.71099,-38.36775,0
          145.71085,-38.36791,0
          145.71075,-38.36813,0
          145.71073,-38.36822,0
          145.7106,-38.36855,0
          145.71054,-38.36862,0
          145.71051,-38.36873,0
          145.71042,-38.36884,0
          145.71038,-38.36886,0
          145.71171,-38.36955,0
          145.71179,-38.36957,0
          145.71258,-38.36996,0
          145.7126,-38.36998,0
          145.71345,-38.37036,0
          145.71415,-38.37061,0
          145.71418,-38.37061,0
          145.71593,-38.37114,0
          145.71648,-38.37139,0
          145.7168,-38.37158,0
          145.71752,-38.37214,0
          145.71767,-38.37229,0
          145.71888,-38.37377,0
          145.71893,-38.37386,0
          145.71943,-38.37439,0
          145.71953,-38.37445,0
          145.72014,-38.37493,0
          145.72257,-38.37637,0
          145.72336,-38.37672,0
          145.72449,-38.37708,0
          145.72505,-38.37721,0
          145.72598,-38.37729,0
          145.72665,-38.3773,0
          145.72879,-38.37719,0
          145.73043,-38.37721,0
          145.73102,-38.37726,0
          145.73204,-38.37747,0
          145.73235,-38.3776,0
          145.73255,-38.37765,0
          145.73333,-38.37805,0
          145.73388,-38.37844,0
          145.73441,-38.37895,0
          145.73461,-38.37919,0
          145.73483,-38.37954,0
          145.73505,-38.37998,0
          145.7354,-38.38097,0
          145.73579,-38.38181,0
          145.73635,-38.38261,0
          145.7368,-38.38307,0
          145.73761,-38.38377,0
          145.73804,-38.38406,0
          145.73859,-38.38437,0
          145.7414,-38.38565,0
          145.74156,-38.38579,0
          145.74246,-38.38615,0
          145.74607,-38.38784,0
          145.74632,-38.38792,0
          145.74671,-38.38815,0
          145.74745,-38.38877,0
          145.74801,-38.38941,0
          145.74845,-38.39017,0
          145.74859,-38.3905,0
          145.74878,-38.39114,0
          145.74884,-38.39183,0
          145.74877,-38.39431,0
          145.74884,-38.39499,0
          145.74883,-38.39509,0
          145.74901,-38.39562,0
          145.74916,-38.39595,0
          145.7494,-38.39637,0
          145.74985,-38.39698,0
          145.75005,-38.39718,0
          145.75067,-38.3977,0
          145.75201,-38.39838,0
          145.75316,-38.39873,0
          145.7535,-38.39877,0
          145.75507,-38.39912,0
          145.7557,-38.39931,0
          145.75624,-38.39955,0
          145.75625,-38.39955,0
          145.75678,-38.39986,0
          145.75745,-38.40036,0
          145.75797,-38.40092,0
          145.75923,-38.40289,0
          145.75928,-38.403,0
          145.75999,-38.40406,0
          145.75999,-38.40407,0
          145.76031,-38.40455,0
          145.76076,-38.40511,0
          145.76081,-38.40522,0
          145.76157,-38.40623,0
          145.76216,-38.40686,0
          145.76236,-38.40713,0
          145.7648,-38.40955,0
          145.76517,-38.40987,0
          145.7658,-38.41031,0
          145.7672,-38.41104,0
          145.76759,-38.41119,0
          145.76874,-38.41149,0
          145.77156,-38.41183,0
          145.77298,-38.41193,0
          145.77405,-38.41218,0
          145.77479,-38.41243,0
          145.77566,-38.41282,0
          145.77645,-38.41326,0
          145.77861,-38.41463,0
          145.77879,-38.41467,0
          145.77989,-38.41545,0
          145.78012,-38.41558,0
          145.78028,-38.41553,0
          145.78044,-38.41553,0
          145.7805,-38.41557,0
          145.78061,-38.41557,0
          145.78092,-38.41562,0
          145.78158,-38.41564,0
          145.78176,-38.41568,0
          145.78244,-38.41633,0
          145.78262,-38.41647,0
          145.78271,-38.41652,0
          145.78317,-38.41662,0
          145.78706,-38.41661,0
          145.78731,-38.41664,0
          145.78754,-38.4167,0
          145.78897,-38.41734,0
          145.78944,-38.4175,0
          145.79022,-38.41762,0
          145.79106,-38.41768,0
          145.79135,-38.41767,0
          145.79292,-38.41729,0
          145.79317,-38.41718,0
          145.79326,-38.41702,0
          145.79349,-38.41632,0
          145.7936,-38.41613,0
          145.79368,-38.41603,0
          145.79402,-38.41574,0
          145.79439,-38.41554,0
          145.79582,-38.41499,0
          145.79636,-38.41482,0
          145.79655,-38.4148,0
          145.79679,-38.41481,0
          145.79802,-38.41508,0
          145.79906,-38.41517,0
          145.79935,-38.41516,0
          145.7997,-38.41519,0
          145.80073,-38.41536,0
          145.80093,-38.41536,0
          145.80118,-38.41531,0
          145.80128,-38.41525,0
          145.80129,-38.41523,0
          145.80153,-38.41497,0
          145.80169,-38.41484,0
          145.80181,-38.4148,0
          145.80203,-38.4148,0
          145.80237,-38.41493,0
          145.80258,-38.41507,0
          145.80259,-38.41507,0
          145.80306,-38.41546,0
          145.80314,-38.4155,0
          145.80329,-38.41552,0
          145.80337,-38.41551,0
          145.80358,-38.41541,0
          145.80415,-38.41492,0
          145.80447,-38.4146,0
          145.80458,-38.41443,0
          145.80545,-38.41246,0
          145.8057,-38.412,0
          145.80833,-38.41225,0
          145.80875,-38.41236,0
          145.80897,-38.41247,0
          145.80902,-38.41251,0
          145.80928,-38.41249,0
          145.80947,-38.41245,0
          145.80959,-38.41238,0
          145.81033,-38.4106,0
          145.81046,-38.4104,0
          145.81066,-38.41016,0
          145.81072,-38.41011,0
          145.81074,-38.41008,0
          145.81268,-38.40867,0
          145.81302,-38.40847,0
          145.8135,-38.40827,0
          145.8168,-38.40735,0
          145.81889,-38.40636,0
          145.81914,-38.40627,0
          145.81915,-38.40626,0
          145.8198,-38.4061,0
          145.82284,-38.40611,0
          145.82675,-38.4064,0
          145.82748,-38.40641,0
          145.82793,-38.40635,0
          145.82794,-38.40634,0
          145.82814,-38.4063,0
          145.83232,-38.40464,0
          145.8332,-38.40423,0
          145.83379,-38.40387,0
          145.83404,-38.40362,0
          145.8341,-38.40365,0
          145.83423,-38.40365,0
          145.83444,-38.40359,0
          145.83569,-38.40286,0
          145.8359,-38.40271,0
          145.83664,-38.40186,0
          145.83688,-38.40174,0
          145.83724,-38.4017,0
          145.83784,-38.40181,0
          145.83839,-38.40206,0
          145.83854,-38.4021,0
          145.83873,-38.40209,0
          145.83915,-38.40194,0
          145.83932,-38.40191,0
          145.83949,-38.40192,0
          145.83963,-38.40196,0
          145.83972,-38.40202,0
          145.83998,-38.40229,0
          145.84007,-38.40236,0
          145.84017,-38.40247,0
          145.84034,-38.40261,0
          145.84058,-38.40273,0
          145.84068,-38.40276,0
          145.84145,-38.40288,0
          145.84166,-38.40295,0
          145.84183,-38.40307,0
          145.84214,-38.4035,0
          145.84233,-38.40392,0
          145.84256,-38.40432,0
          145.84278,-38.40455,0
          145.84282,-38.40457,0
          145.84285,-38.4046,0
          145.84297,-38.40466,0
          145.84708,-38.40526,0
          145.84735,-38.40527,0
          145.84755,-38.40523,0
          145.84779,-38.40512,0
          145.84822,-38.4048,0
          145.84886,-38.40441,0
          145.8494,-38.40401,0
          145.84964,-38.40379,0
          145.84977,-38.40363,0
          145.84981,-38.40354,0
          145.8499,-38.40319,0
          145.85007,-38.40291,0
          145.8505,-38.40245,0
          145.85068,-38.40237,0
          145.85105,-38.40227,0
          145.85236,-38.40205,0
          145.85248,-38.402,0
          145.85257,-38.40194,0
          145.85264,-38.40187,0
          145.85266,-38.40186,0
          145.8527,-38.40178,0
          145.85272,-38.40167,0
          145.85271,-38.40154,0
          145.85263,-38.40117,0
          145.85262,-38.40095,0
          145.85269,-38.40064,0
          145.85277,-38.40043,0
          145.85294,-38.40014,0
          145.8537,-38.39919,0
          145.85395,-38.39895,0
          145.85665,-38.39729,0
          145.85748,-38.39699,0
          145.85793,-38.39695,0
          145.85944,-38.39712,0
          145.86248,-38.39678,0
          145.86596,-38.39628,0
          145.86641,-38.39618,0
          145.86739,-38.39577,0
          145.86781,-38.39568,0
          145.8684,-38.39562,0
          145.86865,-38.39557,0
          145.86904,-38.39542,0
          145.87008,-38.39465,0
          145.87037,-38.39448,0
          145.8706,-38.39439,0
          145.87086,-38.39433,0
          145.87142,-38.39429,0
          145.87168,-38.39433,0
          145.87201,-38.39443,0
          145.87287,-38.39486,0
          145.87305,-38.39492,0
          145.87328,-38.39495,0
          145.87344,-38.39494,0
          145.87377,-38.39485,0
          145.87442,-38.39456,0
          145.87506,-38.39448,0
          145.8756,-38.39447,0
          145.87593,-38.39441,0
          145.87619,-38.39429,0
          145.87668,-38.39395,0
          145.87694,-38.39384,0
          145.87726,-38.39382,0
          145.87747,-38.39385,0
          145.87812,-38.39404,0
          145.8799,-38.39473,0
          145.88135,-38.39507,0
          145.88153,-38.39509,0
          145.88155,-38.3951,0
          145.88268,-38.39518,0
          145.88364,-38.39546,0
          145.88403,-38.3955,0
          145.88416,-38.39548,0
          145.88428,-38.39544,0
          145.885,-38.39503,0
          145.88516,-38.39497,0
          145.88546,-38.39492,0
          145.88559,-38.39494,0
          145.88633,-38.39523,0
          145.88673,-38.39534,0
          145.8869,-38.39536,0
          145.88727,-38.39531,0
          145.88749,-38.39524,0
          145.8877,-38.39513,0
          145.88891,-38.39432,0
          145.88941,-38.39408,0
          145.8898,-38.39395,0
          145.88996,-38.39393,0
          145.89013,-38.39394,0
          145.89039,-38.39403,0
          145.89053,-38.39413,0
          145.891,-38.39465,0
          145.89119,-38.39477,0
          145.89174,-38.39497,0
          145.89253,-38.39516,0
          145.89268,-38.39522,0
          145.89279,-38.39531,0
          145.89327,-38.39594,0
          145.89336,-38.39601,0
          145.89355,-38.39608,0
          145.89498,-38.39614,0
          145.89532,-38.39622,0
          145.8955,-38.39631,0
          145.89574,-38.39648,0
          145.89603,-38.39679,0
          145.89697,-38.3984,0
          145.89716,-38.39865,0
          145.89746,-38.39884,0
          145.89859,-38.39937,0
          145.89991,-38.39984,0
          145.90031,-38.3999,0
          145.90083,-38.39984,0
          145.9015,-38.3996,0
          145.9019,-38.39951,0
          145.90207,-38.39951,0
          145.90244,-38.39959,0
          145.90296,-38.39986,0
          145.9033,-38.39998,0
          145.90369,-38.40003,0
          145.90469,-38.39982,0
          145.90499,-38.39983,0
          145.90526,-38.3999,0
          145.90604,-38.40029,0
          145.9062,-38.40034,0
          145.90639,-38.40036,0
          145.90665,-38.40034,0
          145.90706,-38.40024,0
          145.90797,-38.39992,0
          145.90827,-38.39975,0
          145.90885,-38.39924,0
          145.909,-38.39915,0
          145.90941,-38.39904,0
          145.90966,-38.39903,0
          145.90984,-38.39906,0
          145.9104,-38.39909,0
          145.91137,-38.39903,0
          145.91159,-38.39907,0
          145.91257,-38.39957,0
          145.91274,-38.3996,0
          145.91279,-38.39959,0
          145.91351,-38.39961,0
          145.91367,-38.39966,0
          145.91388,-38.39977,0
          145.9144,-38.40022,0
          145.91476,-38.40041,0
          145.91564,-38.40065,0
          145.91711,-38.40151,0
          145.91733,-38.40161,0
          145.91752,-38.40167,0
          145.91766,-38.40168,0
          145.9181,-38.40163,0
          145.9192,-38.40125,0
          145.91945,-38.40119,0
          145.91975,-38.40117,0
          145.91991,-38.40118,0
          145.92011,-38.40122,0
          145.92084,-38.40146,0
          145.92106,-38.40156,0
          145.92117,-38.40165,0
          145.92125,-38.40182,0
          145.92125,-38.40187,0
          145.9212,-38.40204,0
          145.92093,-38.40232,0
          145.92091,-38.40233,0
          145.92054,-38.40275,0
          145.92017,-38.40326,0
          145.92013,-38.40339,0
          145.92013,-38.40361,0
          145.92019,-38.40376,0
          145.92035,-38.40392,0
          145.92189,-38.40481,0
          145.92227,-38.4051,0
          145.92287,-38.40586,0
          145.92314,-38.40615,0
          145.92386,-38.4068,0
          145.92388,-38.40683,0
          145.92477,-38.40765,0
          145.92522,-38.40796,0
          145.92606,-38.40838,0
          145.92606,-38.40839,0
          145.92635,-38.40857,0
          145.92656,-38.40877,0
          145.9267,-38.40896,0
          145.92695,-38.40945,0
          145.92712,-38.40963,0
          145.92722,-38.40967,0
          145.92744,-38.40971,0
          145.92745,-38.40972,0
          145.92766,-38.40972,0
          145.92867,-38.4096,0
          145.92896,-38.40952,0
          145.92923,-38.40934,0
          145.92949,-38.40905,0
          145.92962,-38.40897,0
          145.92977,-38.40892,0
          145.92987,-38.40891,0
          145.92999,-38.40892,0
          145.9302,-38.40898,0
          145.93031,-38.40906,0
          145.93047,-38.40925,0
          145.93067,-38.40944,0
          145.93072,-38.40946,0
          145.93189,-38.40953,0
          145.93227,-38.40962,0
          145.93243,-38.40971,0
          145.9328,-38.41003,0
          145.93289,-38.41017,0
          145.93316,-38.41092,0
          145.9333,-38.41106,0
          145.93402,-38.41132,0
          145.93411,-38.41142,0
          145.93416,-38.41151,0
          145.9342,-38.412,0
          145.93426,-38.41213,0
          145.93431,-38.4122,0
          145.93451,-38.41233,0
          145.93453,-38.41233,0
          145.93467,-38.4124,0
          145.93612,-38.41256,0
          145.93632,-38.41261,0
          145.93679,-38.41284,0
          145.93708,-38.41315,0
          145.93721,-38.41325,0
          145.93751,-38.41337,0
          145.93828,-38.4133,0
          145.93932,-38.41329,0
          145.93978,-38.41332,0
          145.94006,-38.41338,0
          145.94243,-38.41409,0
          145.94258,-38.41416,0
          145.94263,-38.41417,0
          145.94278,-38.41424,0
          145.94304,-38.41432,0
          145.94339,-38.41438,0
          145.94367,-38.41439,0
          145.94396,-38.41436,0
          145.9497,-38.41318,0
          145.9501,-38.41315,0
          145.95053,-38.41319,0
          145.95081,-38.41325,0
          145.95105,-38.41334,0
          145.95147,-38.41355,0
          145.95165,-38.41367,0
          145.95167,-38.4137,0
          145.95184,-38.41384,0
          145.95229,-38.41442,0
          145.95229,-38.41443,0
          145.9528,-38.41543,0
          145.95315,-38.416,0
          145.95341,-38.41625,0
          145.95358,-38.41637,0
          145.95387,-38.41652,0
          145.95433,-38.41664,0
          145.95463,-38.41668,0
          145.95524,-38.4167,0
          145.95658,-38.41652,0
          145.95722,-38.41655,0
          145.95752,-38.41662,0
          145.95793,-38.41676,0
          145.95871,-38.41715,0
          145.95892,-38.4173,0
          145.9594,-38.4178,0
          145.95962,-38.41819,0
          145.95962,-38.41821,0
          145.95986,-38.41871,0
          145.9602,-38.41921,0
          145.96073,-38.41984,0
          145.96083,-38.41992,0
          145.96093,-38.42007,0
          145.96284,-38.4221,0
          145.9633,-38.4225,0
          145.96383,-38.42281,0
          145.96446,-38.42302,0
          145.96633,-38.42346,0
          145.96707,-38.42374,0
          145.96745,-38.42395,0
          145.96796,-38.42432,0
          145.96797,-38.42434,0
          145.96916,-38.42541,0
          145.97037,-38.42666,0
          145.973,-38.42964,0
          145.97316,-38.42988,0
          145.97331,-38.43017,0
          145.97353,-38.4308,0
          145.97367,-38.43137,0
          145.97374,-38.43201,0
          145.97374,-38.43223,0
          145.97383,-38.43261,0
          145.97389,-38.43277,0
          145.97403,-38.43303,0
          145.97442,-38.43346,0
          145.97478,-38.43375,0
          145.97481,-38.43376,0
          145.97498,-38.43389,0
          145.97589,-38.43443,0
          145.97589,-38.43444,0
          145.97617,-38.43463,0
          145.97654,-38.43495,0
          145.97677,-38.43526,0
          145.97706,-38.43577,0
          145.97733,-38.43704,0
          145.97743,-38.43738,0
          145.97761,-38.43777,0
          145.97778,-38.43805,0
          145.98419,-38.4455,0
          145.98424,-38.44554,0
          145.98428,-38.44561,0
          145.98417,-38.44578,0
          145.98414,-38.44585,0
          145.98412,-38.44596,0
          145.98412,-38.4461,0
          145.98464,-38.4461,0
          145.98509,-38.44618,0
          145.98539,-38.44627,0
          145.98565,-38.44639,0
          145.99002,-38.44905,0
          145.99042,-38.44924,0
          145.99099,-38.44942,0
          145.99156,-38.4495,0
          145.99188,-38.44951,0
          145.99247,-38.44943,0
          145.99299,-38.44931,0
          145.99352,-38.44909,0
          145.99563,-38.44802,0
          145.99574,-38.44799,0
          146.00311,-38.44482,0
          146.00378,-38.44464,0
          146.00413,-38.4446,0
          146.0049,-38.44465,0
          146.00531,-38.44476,0
          146.0066,-38.44524,0
          146.00698,-38.44534,0
          146.0073,-38.44538,0
          146.00787,-38.44539,0
          146.00951,-38.4453,0
          146.01417,-38.44487,0
          146.01516,-38.44487,0
          146.02228,-38.44568,0
          146.02239,-38.44567,0
          146.02374,-38.44575,0
          146.02434,-38.4457,0
          146.02499,-38.44559,0
          146.02648,-38.44507,0
          146.02747,-38.44462,0
          146.02748,-38.44462,0
          146.03198,-38.44268,0
          146.03199,-38.44268,0
          146.03235,-38.44252,0
          146.03288,-38.44222,0
          146.03363,-38.44168,0
          146.03396,-38.44138,0
          146.03446,-38.44083,0
          146.03476,-38.44041,0
          146.03507,-38.43984,0
          146.03525,-38.43942,0
          146.03542,-38.43881,0
          146.03548,-38.4384,0
          146.0355,-38.43797,0
          146.03546,-38.4368,0
          146.03534,-38.43628,0
          146.03496,-38.43539,0
          146.03463,-38.43478,0
          146.03439,-38.43419,0
          146.03435,-38.43397,0
          146.03436,-38.43361,0
          146.03442,-38.4333,0
          146.03449,-38.43313,0
          146.03477,-38.43269,0
          146.03504,-38.4324,0
          146.03584,-38.43172,0
          146.0362,-38.43136,0
          146.03636,-38.43116,0
          146.03657,-38.43075,0
          146.0377,-38.42705,0
          146.03798,-38.42641,0
          146.04158,-38.41992,0
          146.04162,-38.41987,0
          146.04354,-38.41641,0
          146.04358,-38.41636,0
          146.04517,-38.4135,0
          146.04553,-38.41302,0
          146.04619,-38.41246,0
          146.04657,-38.4122,0
          146.04657,-38.41219,0
          146.04767,-38.41146,0
          146.04905,-38.41038,0
          146.04911,-38.41042,0
          146.05109,-38.4088,0
          146.05167,-38.40846,0
          146.05216,-38.40824,0
          146.05745,-38.40651,0
          146.05848,-38.40625,0
          146.05946,-38.40615,0
          146.06013,-38.40616,0
          146.06657,-38.40684,0
          146.06716,-38.40683,0
          146.06798,-38.40671,0
          146.06878,-38.40647,0
          146.06903,-38.40636,0
          146.06971,-38.40598,0
          146.07019,-38.40558,0
          146.07074,-38.40492,0
          146.07105,-38.40421,0
          146.07136,-38.4021,0
          146.07147,-38.40175,0
          146.07169,-38.40129,0
          146.07215,-38.4007,0
          146.07285,-38.40013,0
          146.07347,-38.3998,0
          146.07376,-38.39969,0
          146.07376,-38.39968,0
          146.07441,-38.39949,0
          146.08006,-38.39868,0
          146.08077,-38.3985,0
          146.08206,-38.39848,0
          146.08273,-38.39857,0
          146.08357,-38.39878,0
          146.08406,-38.39895,0
          146.08663,-38.40032,0
          146.08721,-38.40055,0
          146.08722,-38.40056,0
          146.08847,-38.40098,0
          146.089,-38.4011,0
          146.09204,-38.40156,0
          146.09351,-38.4017,0
          146.09424,-38.40171,0
          146.09508,-38.40166,0
          146.09655,-38.4014,0
          146.0974,-38.40113,0
          146.09794,-38.40091,0
          146.10006,-38.3997,0
          146.10093,-38.39933,0
          146.1046,-38.3981,0
          146.10551,-38.3979,0
          146.1064,-38.39785,0
          146.10706,-38.39789,0
          146.11127,-38.3984,0
          146.11197,-38.39839,0
          146.11256,-38.39831,0
          146.11313,-38.39816,0
          146.1137,-38.39794,0
          146.11409,-38.39772,0
          146.11486,-38.39716,0
          146.11714,-38.39526,0
          146.11726,-38.3952,0
          146.1176,-38.39492,0
          146.11767,-38.39482,0
          146.1222,-38.39104,0
          146.12264,-38.39057,0
          146.12304,-38.39001,0
          146.12402,-38.38804,0
          146.12438,-38.38754,0
          146.12462,-38.38731,0
          146.12516,-38.387,0
          146.12542,-38.3869,0
          146.12594,-38.38676,0
          146.12636,-38.3867,0
          146.12686,-38.38671,0
          146.12754,-38.38684,0
          146.12764,-38.38689,0
          146.12845,-38.38709,0
          146.12859,-38.38709,0
          146.13033,-38.38751,0
          146.13263,-38.38785,0
          146.13325,-38.38805,0
          146.13398,-38.38844,0
          146.13444,-38.38877,0
          146.13597,-38.3901,0
          146.13642,-38.39038,0
          146.13891,-38.39155,0
          146.14161,-38.3924,0
          146.14193,-38.39253,0
          146.14238,-38.39277,0
          146.14497,-38.39446,0
          146.14699,-38.3959,0
          146.1471,-38.39601,0
          146.14749,-38.39656,0
          146.14801,-38.39761,0
          146.14819,-38.39789,0
          146.14835,-38.39805,0
          146.1485,-38.39811,0
          146.14862,-38.39824,0
          146.14906,-38.39855,0
          146.14913,-38.39862,0
          146.15009,-38.39929,0
          146.15014,-38.39934,0
          146.15127,-38.4001,0
          146.15154,-38.40022,0
          146.15179,-38.40029,0
          146.15235,-38.40038,0
          146.15251,-38.40034,0
          146.15438,-38.40052,0
          146.15465,-38.40061,0
          146.15476,-38.40063,0
          146.15455,-38.40146,0
          146.15696,-38.40171,0
        </coordinates>
      </LineString>
    </Placemark>
    <Placemark>
      <name>5 Thorpdale Rd, Mirboo North VIC 3871, Australia</name>
      <styleUrl>#icon-1899-DB4436-nodesc</styleUrl>
      <Point>
        <coordinates>
          146.1632399,-38.3990237,0
        </coordinates>
      </Point>
    </Placemark>
    <Placemark>
      <name>35 Giles St, Mirboo North VIC 3871, Australia</name>
      <styleUrl>#icon-1899-DB4436-nodesc</styleUrl>
      <Point>
        <coordinates>
          146.156962,-38.4017055,0
        </coordinates>
      </Point>
    </Placemark>
  </Document>
</kml>
