<?xml version="1.0" encoding="UTF-8"?>
<kml xmlns="http://www.opengis.net/kml/2.2">
  <Document>
    <name>Directions from South Point to Mirboo North VIC</name>
    <Style id="icon-1899-DB4436-nodesc-normal">
      <IconStyle>
        <color>ff3644db</color>
        <scale>1</scale>
        <Icon>
          <href>https://www.gstatic.com/mapspro/images/stock/503-wht-blank_maps.png</href>
        </Icon>
        <hotSpot x="32" xunits="pixels" y="64" yunits="insetPixels"/>
      </IconStyle>
      <LabelStyle>
        <scale>0</scale>
      </LabelStyle>
      <BalloonStyle>
        <text><![CDATA[<h3>$[name]</h3>]]></text>
      </BalloonStyle>
    </Style>
    <Style id="icon-1899-DB4436-nodesc-highlight">
      <IconStyle>
        <color>ff3644db</color>
        <scale>1</scale>
        <Icon>
          <href>https://www.gstatic.com/mapspro/images/stock/503-wht-blank_maps.png</href>
        </Icon>
        <hotSpot x="32" xunits="pixels" y="64" yunits="insetPixels"/>
      </IconStyle>
      <LabelStyle>
        <scale>1</scale>
      </LabelStyle>
      <BalloonStyle>
        <text><![CDATA[<h3>$[name]</h3>]]></text>
      </BalloonStyle>
    </Style>
    <StyleMap id="icon-1899-DB4436-nodesc">
      <Pair>
        <key>normal</key>
        <styleUrl>#icon-1899-DB4436-nodesc-normal</styleUrl>
      </Pair>
      <Pair>
        <key>highlight</key>
        <styleUrl>#icon-1899-DB4436-nodesc-highlight</styleUrl>
      </Pair>
    </StyleMap>
    <Style id="line-1267FF-5000-nodesc-normal">
      <LineStyle>
        <color>ffff6712</color>
        <width>5</width>
      </LineStyle>
      <BalloonStyle>
        <text><![CDATA[<h3>$[name]</h3>]]></text>
      </BalloonStyle>
    </Style>
    <Style id="line-1267FF-5000-nodesc-highlight">
      <LineStyle>
        <color>ffff6712</color>
        <width>7.5</width>
      </LineStyle>
      <BalloonStyle>
        <text><![CDATA[<h3>$[name]</h3>]]></text>
      </BalloonStyle>
    </Style>
    <StyleMap id="line-1267FF-5000-nodesc">
      <Pair>
        <key>normal</key>
        <styleUrl>#line-1267FF-5000-nodesc-normal</styleUrl>
      </Pair>
      <Pair>
        <key>highlight</key>
        <styleUrl>#line-1267FF-5000-nodesc-highlight</styleUrl>
      </Pair>
    </StyleMap>
    <Placemark>
      <name>Directions from South Point to Mirboo North VIC</name>
      <styleUrl>#line-1267FF-5000-nodesc</styleUrl>
      <LineString>
        <tessellate>1</tessellate>
        <coordinates>
          146.37625,-39.13392,0
          146.37605,-39.13326,0
          146.376,-39.13317,0
          146.37596,-39.13314,0
          146.37593,-39.13311,0
          146.37587,-39.13309,0
          146.37548,-39.13304,0
          146.37544,-39.13301,0
          146.37543,-39.13301,0
          146.37542,-39.133,0
          146.37541,-39.13298,0
          146.37541,-39.13296,0
          146.37529,-39.13228,0
          146.37525,-39.13219,0
          146.37523,-39.13217,0
          146.37514,-39.13212,0
          146.37508,-39.13207,0
          146.37506,-39.13206,0
          146.37491,-39.13181,0
          146.37484,-39.13171,0
          146.37482,-39.13165,0
          146.37456,-39.13052,0
          146.37461,-39.1293,0
          146.37484,-39.1279,0
          146.37487,-39.12782,0
          146.37493,-39.12776,0
          146.37496,-39.12775,0
          146.37499,-39.12773,0
          146.37513,-39.12769,0
          146.37517,-39.12769,0
          146.37529,-39.12767,0
          146.37533,-39.12767,0
          146.37537,-39.12768,0
          146.3754,-39.12768,0
          146.37556,-39.12772,0
          146.37629,-39.12809,0
          146.3764,-39.12812,0
          146.37653,-39.12812,0
          146.37654,-39.12811,0
          146.37655,-39.12811,0
          146.37661,-39.12808,0
          146.37662,-39.12807,0
          146.37664,-39.12806,0
          146.37665,-39.12805,0
          146.37665,-39.12804,0
          146.37666,-39.12803,0
          146.37673,-39.12772,0
          146.37672,-39.12753,0
          146.37674,-39.12749,0
          146.37684,-39.12743,0
          146.37687,-39.12743,0
          146.37688,-39.12742,0
          146.37694,-39.12742,0
          146.3771,-39.12744,0
          146.37717,-39.12747,0
          146.3774,-39.12754,0
          146.37795,-39.12774,0
          146.37815,-39.12783,0
          146.37821,-39.12789,0
          146.37823,-39.12792,0
          146.37825,-39.12794,0
          146.37827,-39.12794,0
          146.3783,-39.12796,0
          146.37836,-39.12798,0
          146.37851,-39.12801,0
          146.37855,-39.12801,0
          146.37859,-39.128,0
          146.37869,-39.12795,0
          146.3787,-39.12795,0
          146.37875,-39.12789,0
          146.37875,-39.12788,0
          146.37872,-39.12778,0
          146.37872,-39.12775,0
          146.37873,-39.12774,0
          146.37876,-39.12765,0
          146.37878,-39.12763,0
          146.37878,-39.12762,0
          146.37879,-39.12762,0
          146.37879,-39.12758,0
          146.37881,-39.12756,0
          146.37881,-39.12754,0
          146.37882,-39.12751,0
          146.37882,-39.1275,0
          146.37883,-39.12749,0
          146.37885,-39.12748,0
          146.37885,-39.12747,0
          146.37886,-39.12746,0
          146.37887,-39.12734,0
          146.37888,-39.12733,0
          146.37888,-39.12732,0
          146.37889,-39.12732,0
          146.37909,-39.12712,0
          146.37915,-39.12707,0
          146.37945,-39.12689,0
          146.37951,-39.12684,0
          146.37962,-39.12673,0
          146.37971,-39.12666,0
          146.37976,-39.12663,0
          146.3799,-39.12657,0
          146.38007,-39.12654,0
          146.38012,-39.12654,0
          146.3802,-39.12655,0
          146.38022,-39.12656,0
          146.38065,-39.1267,0
          146.38076,-39.12672,0
          146.38137,-39.12672,0
          146.38146,-39.1267,0
          146.38148,-39.12669,0
          146.38151,-39.12666,0
          146.38151,-39.12665,0
          146.38154,-39.12658,0
          146.38155,-39.12652,0
          146.38155,-39.12645,0
          146.38154,-39.12639,0
          146.3815,-39.12632,0
          146.38148,-39.1263,0
          146.38145,-39.12628,0
          146.38096,-39.12606,0
          146.38094,-39.12604,0
          146.38092,-39.12603,0
          146.38002,-39.12514,0
          146.3798,-39.12486,0
          146.37976,-39.12473,0
          146.37976,-39.12467,0
          146.37978,-39.12456,0
          146.37982,-39.12449,0
          146.37987,-39.12444,0
          146.37994,-39.1244,0
          146.38003,-39.12437,0
          146.38019,-39.12434,0
          146.38327,-39.12435,0
          146.38399,-39.12425,0
          146.38449,-39.1241,0
          146.38461,-39.12405,0
          146.38466,-39.12402,0
          146.38472,-39.12396,0
          146.38473,-39.12396,0
          146.38478,-39.12389,0
          146.3849,-39.12365,0
          146.38491,-39.12364,0
          146.38496,-39.1233,0
          146.38539,-39.12219,0
          146.38593,-39.12096,0
          146.38595,-39.12088,0
          146.38609,-39.12005,0
          146.38599,-39.11955,0
          146.38598,-39.11924,0
          146.38631,-39.11805,0
          146.38644,-39.11783,0
          146.38666,-39.11759,0
          146.38666,-39.11758,0
          146.38681,-39.11744,0
          146.38685,-39.11741,0
          146.38703,-39.11713,0
          146.38707,-39.11704,0
          146.38716,-39.11678,0
          146.38716,-39.1166,0
          146.38717,-39.11655,0
          146.38702,-39.11571,0
          146.38693,-39.1155,0
          146.38675,-39.11552,0
          146.38668,-39.11552,0
          146.38664,-39.11551,0
          146.38662,-39.1155,0
          146.38661,-39.1155,0
          146.38659,-39.11548,0
          146.38656,-39.11542,0
          146.38655,-39.11538,0
          146.38654,-39.11528,0
          146.3866,-39.11496,0
          146.38667,-39.11411,0
          146.38665,-39.11406,0
          146.38649,-39.11335,0
          146.38633,-39.11283,0
          146.38627,-39.11268,0
          146.38622,-39.11258,0
          146.38619,-39.11244,0
          146.3862,-39.1123,0
          146.38625,-39.11199,0
          146.38627,-39.11195,0
          146.38633,-39.11177,0
          146.38641,-39.11161,0
          146.38648,-39.11143,0
          146.38649,-39.11138,0
          146.3865,-39.11116,0
          146.38644,-39.11101,0
          146.38638,-39.11095,0
          146.38604,-39.11071,0
          146.38601,-39.11068,0
          146.38598,-39.11066,0
          146.38595,-39.11063,0
          146.38594,-39.11059,0
          146.38594,-39.11043,0
          146.38595,-39.11034,0
          146.38595,-39.11012,0
          146.38592,-39.11,0
          146.38591,-39.10999,0
          146.38588,-39.10992,0
          146.38584,-39.10986,0
          146.38577,-39.10979,0
          146.38561,-39.1096,0
          146.38559,-39.10956,0
          146.38559,-39.10951,0
          146.38564,-39.10924,0
          146.38561,-39.10917,0
          146.38561,-39.10916,0
          146.38556,-39.10908,0
          146.38548,-39.10902,0
          146.38537,-39.10896,0
          146.38527,-39.10897,0
          146.38511,-39.10901,0
          146.38487,-39.10914,0
          146.38474,-39.10914,0
          146.38467,-39.10907,0
          146.38466,-39.10905,0
          146.38466,-39.109,0
          146.38468,-39.10894,0
          146.38468,-39.10876,0
          146.38463,-39.10854,0
          146.38458,-39.10844,0
          146.38449,-39.10833,0
          146.3844,-39.10826,0
          146.3843,-39.1082,0
          146.38409,-39.10814,0
          146.38402,-39.10811,0
          146.38401,-39.10811,0
          146.38398,-39.10808,0
          146.38398,-39.10805,0
          146.38399,-39.10804,0
          146.38399,-39.10803,0
          146.38402,-39.10801,0
          146.38407,-39.10794,0
          146.38407,-39.10791,0
          146.38443,-39.10775,0
          146.38452,-39.10773,0
          146.38481,-39.10761,0
          146.38484,-39.10758,0
          146.38485,-39.10758,0
          146.38495,-39.10748,0
          146.38497,-39.10744,0
          146.38501,-39.10738,0
          146.38506,-39.10721,0
          146.38508,-39.10709,0
          146.38513,-39.10692,0
          146.38521,-39.10674,0
          146.38532,-39.10659,0
          146.38532,-39.10658,0
          146.38542,-39.10628,0
          146.38541,-39.10613,0
          146.38538,-39.10595,0
          146.38527,-39.10564,0
          146.38513,-39.10547,0
          146.38494,-39.10517,0
          146.38454,-39.10469,0
          146.38451,-39.10461,0
          146.38445,-39.10449,0
          146.38445,-39.10444,0
          146.38448,-39.10441,0
          146.38465,-39.10433,0
          146.38469,-39.10429,0
          146.38473,-39.10422,0
          146.38474,-39.10417,0
          146.38471,-39.10403,0
          146.38469,-39.104,0
          146.38467,-39.10388,0
          146.38464,-39.1038,0
          146.38451,-39.10361,0
          146.38441,-39.10352,0
          146.38437,-39.10347,0
          146.38426,-39.10338,0
          146.38421,-39.10333,0
          146.38414,-39.10329,0
          146.3841,-39.10325,0
          146.384,-39.10318,0
          146.38388,-39.10312,0
          146.38385,-39.10309,0
          146.38381,-39.103,0
          146.38378,-39.1029,0
          146.38361,-39.10267,0
          146.38349,-39.10254,0
          146.38348,-39.10252,0
          146.38347,-39.10251,0
          146.38347,-39.10244,0
          146.38348,-39.10242,0
          146.3835,-39.10242,0
          146.38355,-39.1024,0
          146.38381,-39.10241,0
          146.38449,-39.10252,0
          146.38458,-39.10252,0
          146.3846,-39.10251,0
          146.38465,-39.10246,0
          146.38465,-39.1023,0
          146.38457,-39.10212,0
          146.38456,-39.10194,0
          146.38458,-39.10177,0
          146.38467,-39.10155,0
          146.38471,-39.10148,0
          146.38482,-39.10135,0
          146.38492,-39.10126,0
          146.38502,-39.10114,0
          146.38503,-39.10111,0
          146.38504,-39.1011,0
          146.38505,-39.10108,0
          146.38505,-39.10101,0
          146.38503,-39.10096,0
          146.385,-39.10093,0
          146.385,-39.10092,0
          146.38498,-39.10091,0
          146.38498,-39.1009,0
          146.38482,-39.10084,0
          146.38481,-39.10084,0
          146.38464,-39.10079,0
          146.38441,-39.10075,0
          146.38424,-39.10069,0
          146.38372,-39.10054,0
          146.38349,-39.10051,0
          146.38332,-39.10046,0
          146.38328,-39.10044,0
          146.38328,-39.10043,0
          146.38311,-39.10032,0
          146.38306,-39.10027,0
          146.38304,-39.10015,0
          146.38304,-39.10009,0
          146.38305,-39.10003,0
          146.38307,-39.09996,0
          146.38308,-39.09972,0
          146.38304,-39.09961,0
          146.383,-39.09954,0
          146.38282,-39.0994,0
          146.38276,-39.09934,0
          146.38271,-39.09927,0
          146.38267,-39.09918,0
          146.38264,-39.099,0
          146.38263,-39.09899,0
          146.38263,-39.09867,0
          146.38264,-39.09864,0
          146.38264,-39.09857,0
          146.38263,-39.0985,0
          146.38263,-39.09846,0
          146.38262,-39.09843,0
          146.38259,-39.09837,0
          146.38255,-39.09832,0
          146.38249,-39.09826,0
          146.3824,-39.09821,0
          146.38232,-39.09819,0
          146.38127,-39.09815,0
          146.3812,-39.09814,0
          146.38078,-39.09813,0
          146.38034,-39.09817,0
          146.38017,-39.09816,0
          146.38011,-39.09815,0
          146.37986,-39.09804,0
          146.37963,-39.09776,0
          146.37923,-39.09713,0
          146.37921,-39.09711,0
          146.37897,-39.09671,0
          146.37868,-39.09613,0
          146.37825,-39.09556,0
          146.3782,-39.09547,0
          146.37818,-39.09541,0
          146.37817,-39.09512,0
          146.37815,-39.09509,0
          146.37813,-39.09507,0
          146.37793,-39.09495,0
          146.37789,-39.09491,0
          146.37786,-39.09484,0
          146.37783,-39.09465,0
          146.37784,-39.09461,0
          146.37796,-39.09438,0
          146.37798,-39.09408,0
          146.37799,-39.09405,0
          146.37803,-39.09401,0
          146.37816,-39.09393,0
          146.37829,-39.09387,0
          146.37831,-39.09385,0
          146.37832,-39.09383,0
          146.37834,-39.09381,0
          146.37834,-39.09379,0
          146.37835,-39.09378,0
          146.37835,-39.09371,0
          146.37834,-39.09366,0
          146.37823,-39.09346,0
          146.37816,-39.09329,0
          146.37816,-39.09327,0
          146.37815,-39.09323,0
          146.37815,-39.09321,0
          146.37824,-39.0929,0
          146.37824,-39.09283,0
          146.37821,-39.09277,0
          146.37819,-39.09275,0
          146.37811,-39.0927,0
          146.37798,-39.09259,0
          146.37793,-39.09251,0
          146.37791,-39.09246,0
          146.3779,-39.09241,0
          146.37788,-39.09235,0
          146.37788,-39.09218,0
          146.3779,-39.09214,0
          146.37792,-39.09212,0
          146.37793,-39.0921,0
          146.37796,-39.09208,0
          146.37805,-39.09205,0
          146.37822,-39.09203,0
          146.3783,-39.09201,0
          146.37835,-39.09198,0
          146.37844,-39.0919,0
          146.37847,-39.09185,0
          146.37849,-39.09179,0
          146.37851,-39.09155,0
          146.37854,-39.09149,0
          146.37859,-39.09143,0
          146.37882,-39.091,0
          146.37892,-39.09084,0
          146.37902,-39.09072,0
          146.37927,-39.09053,0
          146.37931,-39.09049,0
          146.37935,-39.09043,0
          146.37935,-39.09042,0
          146.37937,-39.0904,0
          146.37938,-39.09037,0
          146.37938,-39.09003,0
          146.3794,-39.08995,0
          146.37946,-39.08987,0
          146.37955,-39.0898,0
          146.37959,-39.08976,0
          146.38021,-39.08933,0
          146.38047,-39.08908,0
          146.38077,-39.0889,0
          146.38078,-39.08889,0
          146.38079,-39.08889,0
          146.38079,-39.08888,0
          146.38092,-39.08876,0
          146.38096,-39.08874,0
          146.38098,-39.08872,0
          146.38105,-39.0887,0
          146.38168,-39.08873,0
          146.38231,-39.08879,0
          146.38238,-39.08878,0
          146.38241,-39.08878,0
          146.38244,-39.08877,0
          146.38249,-39.08872,0
          146.38252,-39.08862,0
          146.38255,-39.08856,0
          146.38261,-39.0884,0
          146.38262,-39.08839,0
          146.38265,-39.08828,0
          146.38269,-39.088,0
          146.38272,-39.08786,0
          146.38274,-39.08767,0
          146.38283,-39.08742,0
          146.38291,-39.08728,0
          146.38325,-39.08693,0
          146.3833,-39.0869,0
          146.38335,-39.08686,0
          146.38347,-39.0868,0
          146.38356,-39.08674,0
          146.38375,-39.08665,0
          146.38385,-39.08658,0
          146.38394,-39.0865,0
          146.38399,-39.08643,0
          146.38402,-39.0864,0
          146.38406,-39.08634,0
          146.38408,-39.0863,0
          146.38408,-39.08627,0
          146.38409,-39.08623,0
          146.38409,-39.08603,0
          146.38406,-39.08591,0
          146.38406,-39.08589,0
          146.38397,-39.08554,0
          146.3839,-39.08547,0
          146.3838,-39.08535,0
          146.38367,-39.08515,0
          146.38365,-39.08509,0
          146.38365,-39.08504,0
          146.38366,-39.08499,0
          146.38368,-39.08495,0
          146.38372,-39.08491,0
          146.38375,-39.08487,0
          146.38384,-39.08478,0
          146.38392,-39.08472,0
          146.38396,-39.0847,0
          146.38399,-39.08467,0
          146.3841,-39.08442,0
          146.38412,-39.08434,0
          146.38414,-39.0843,0
          146.38414,-39.08426,0
          146.38413,-39.08424,0
          146.38406,-39.08417,0
          146.38393,-39.08408,0
          146.38377,-39.08395,0
          146.38372,-39.08392,0
          146.38363,-39.08384,0
          146.38333,-39.08364,0
          146.38317,-39.08355,0
          146.38316,-39.08354,0
          146.38299,-39.08344,0
          146.38292,-39.08339,0
          146.38271,-39.08329,0
          146.38256,-39.08319,0
          146.38251,-39.08313,0
          146.38248,-39.08308,0
          146.38247,-39.08302,0
          146.38247,-39.08297,0
          146.38249,-39.08286,0
          146.38252,-39.08278,0
          146.38252,-39.08271,0
          146.38251,-39.08267,0
          146.38247,-39.08261,0
          146.38242,-39.08251,0
          146.3824,-39.08248,0
          146.38237,-39.08238,0
          146.38238,-39.08235,0
          146.38238,-39.08232,0
          146.38241,-39.08222,0
          146.38243,-39.08218,0
          146.38249,-39.08196,0
          146.38255,-39.08163,0
          146.38255,-39.08143,0
          146.38254,-39.0814,0
          146.3825,-39.08133,0
          146.38162,-39.08008,0
          146.38161,-39.08005,0
          146.38147,-39.07984,0
          146.38125,-39.07958,0
          146.38055,-39.07852,0
          146.38012,-39.07794,0
          146.37996,-39.07775,0
          146.37981,-39.07749,0
          146.37944,-39.07697,0
          146.37927,-39.07677,0
          146.37889,-39.07614,0
          146.37847,-39.07564,0
          146.37832,-39.07539,0
          146.37831,-39.07533,0
          146.37795,-39.07489,0
          146.37788,-39.07478,0
          146.37776,-39.07454,0
          146.37768,-39.07444,0
          146.37747,-39.07453,0
          146.37735,-39.0746,0
          146.37731,-39.07463,0
          146.37725,-39.07471,0
          146.3772,-39.0748,0
          146.37716,-39.07492,0
          146.37716,-39.07493,0
          146.3771,-39.07505,0
          146.37707,-39.07507,0
          146.37705,-39.07509,0
          146.37704,-39.07509,0
          146.3769,-39.07514,0
          146.3768,-39.07516,0
          146.37671,-39.07516,0
          146.37667,-39.07514,0
          146.3766,-39.07512,0
          146.37646,-39.07505,0
          146.37557,-39.0748,0
          146.37497,-39.07445,0
          146.37484,-39.07435,0
          146.3747,-39.07427,0
          146.37466,-39.07426,0
          146.37461,-39.07424,0
          146.37428,-39.07422,0
          146.37407,-39.07415,0
          146.37396,-39.07413,0
          146.37386,-39.07413,0
          146.37363,-39.0742,0
          146.37359,-39.07422,0
          146.37338,-39.07425,0
          146.37313,-39.07425,0
          146.37302,-39.07424,0
          146.37291,-39.07424,0
          146.37288,-39.07425,0
          146.37285,-39.07425,0
          146.37272,-39.07432,0
          146.37255,-39.07445,0
          146.37245,-39.07455,0
          146.37242,-39.07457,0
          146.37237,-39.07459,0
          146.37228,-39.07461,0
          146.37218,-39.07461,0
          146.37211,-39.07459,0
          146.37199,-39.07452,0
          146.37171,-39.07431,0
          146.37167,-39.07426,0
          146.37152,-39.07411,0
          146.37144,-39.07405,0
          146.37135,-39.074,0
          146.37113,-39.07393,0
          146.37079,-39.07386,0
          146.37037,-39.07381,0
          146.37021,-39.07381,0
          146.37001,-39.07385,0
          146.36993,-39.07385,0
          146.36981,-39.07381,0
          146.36927,-39.07349,0
          146.36924,-39.07348,0
          146.36922,-39.07348,0
          146.36919,-39.07347,0
          146.36901,-39.07347,0
          146.36892,-39.07345,0
          146.36858,-39.07334,0
          146.36852,-39.07333,0
          146.36827,-39.07332,0
          146.3682,-39.07331,0
          146.36767,-39.07317,0
          146.3672,-39.07314,0
          146.3668,-39.07314,0
          146.36676,-39.07313,0
          146.36673,-39.07313,0
          146.36669,-39.07312,0
          146.36665,-39.0731,0
          146.36663,-39.07308,0
          146.36646,-39.07299,0
          146.3664,-39.07295,0
          146.36629,-39.07291,0
          146.36623,-39.0729,0
          146.36618,-39.0729,0
          146.36611,-39.07289,0
          146.36597,-39.07289,0
          146.3658,-39.07286,0
          146.36578,-39.07286,0
          146.36559,-39.07281,0
          146.36558,-39.07281,0
          146.36498,-39.07257,0
          146.36487,-39.07254,0
          146.36473,-39.07254,0
          146.36435,-39.07257,0
          146.36409,-39.07261,0
          146.36379,-39.07275,0
          146.36373,-39.07277,0
          146.36344,-39.07282,0
          146.36257,-39.07287,0
          146.36251,-39.07286,0
          146.36246,-39.07286,0
          146.3624,-39.07285,0
          146.36235,-39.07283,0
          146.36224,-39.0728,0
          146.36197,-39.07269,0
          146.36192,-39.07269,0
          146.36189,-39.07268,0
          146.36179,-39.07268,0
          146.36163,-39.07273,0
          146.36159,-39.07273,0
          146.36155,-39.07274,0
          146.36039,-39.07271,0
          146.36023,-39.07272,0
          146.35986,-39.07277,0
          146.35978,-39.07279,0
          146.35977,-39.07279,0
          146.35974,-39.0728,0
          146.35967,-39.07285,0
          146.35926,-39.07303,0
          146.35891,-39.07311,0
          146.35883,-39.07312,0
          146.35877,-39.07312,0
          146.35854,-39.07306,0
          146.35807,-39.07291,0
          146.35765,-39.07285,0
          146.35727,-39.07284,0
          146.35681,-39.07296,0
          146.35605,-39.0731,0
          146.35594,-39.0731,0
          146.35569,-39.07298,0
          146.35563,-39.07296,0
          146.35559,-39.07296,0
          146.35554,-39.07297,0
          146.35549,-39.07297,0
          146.35544,-39.07299,0
          146.3554,-39.073,0
          146.35539,-39.07301,0
          146.3552,-39.07309,0
          146.35501,-39.07312,0
          146.35483,-39.07312,0
          146.35466,-39.07309,0
          146.35421,-39.07309,0
          146.35397,-39.07315,0
          146.35369,-39.07324,0
          146.3536,-39.07326,0
          146.35351,-39.07326,0
          146.35342,-39.07327,0
          146.35319,-39.07332,0
          146.35317,-39.07333,0
          146.35305,-39.07336,0
          146.35284,-39.07343,0
          146.35264,-39.07356,0
          146.35253,-39.07367,0
          146.3525,-39.07369,0
          146.35243,-39.07371,0
          146.35205,-39.07378,0
          146.35156,-39.07382,0
          146.35147,-39.07382,0
          146.35107,-39.07375,0
          146.35105,-39.07375,0
          146.35096,-39.07373,0
          146.35057,-39.07359,0
          146.35045,-39.07357,0
          146.35021,-39.07357,0
          146.34988,-39.07361,0
          146.34882,-39.0738,0
          146.34865,-39.0738,0
          146.34845,-39.07376,0
          146.34778,-39.07357,0
          146.34722,-39.07334,0
          146.34719,-39.07332,0
          146.34718,-39.07332,0
          146.34713,-39.07329,0
          146.34689,-39.07329,0
          146.34668,-39.07327,0
          146.34666,-39.07326,0
          146.34664,-39.07326,0
          146.34656,-39.07321,0
          146.34643,-39.0731,0
          146.34619,-39.07298,0
          146.34616,-39.07296,0
          146.34614,-39.07294,0
          146.34612,-39.07293,0
          146.3461,-39.07281,0
          146.3461,-39.07266,0
          146.34609,-39.07262,0
          146.34609,-39.07261,0
          146.34608,-39.07259,0
          146.34605,-39.07256,0
          146.34589,-39.07222,0
          146.34573,-39.07197,0
          146.34547,-39.0717,0
          146.34541,-39.07166,0
          146.34515,-39.07153,0
          146.34488,-39.07136,0
          146.34473,-39.07129,0
          146.34459,-39.07126,0
          146.34412,-39.07122,0
          146.34405,-39.07119,0
          146.34401,-39.07115,0
          146.34399,-39.07112,0
          146.34397,-39.0711,0
          146.3439,-39.07098,0
          146.34387,-39.07094,0
          146.34387,-39.07093,0
          146.34378,-39.07084,0
          146.34372,-39.0708,0
          146.34344,-39.07073,0
          146.34342,-39.07073,0
          146.3434,-39.07072,0
          146.34334,-39.07066,0
          146.34331,-39.0706,0
          146.34329,-39.07054,0
          146.34305,-39.07009,0
          146.34301,-39.06993,0
          146.34296,-39.06902,0
          146.34297,-39.06898,0
          146.34299,-39.06893,0
          146.3431,-39.06878,0
          146.34325,-39.06861,0
          146.34327,-39.06856,0
          146.34328,-39.06855,0
          146.34328,-39.06851,0
          146.34324,-39.06844,0
          146.3432,-39.0684,0
          146.34317,-39.06838,0
          146.34306,-39.06819,0
          146.34301,-39.06801,0
          146.34302,-39.06798,0
          146.34306,-39.06756,0
          146.34312,-39.0658,0
          146.34312,-39.06504,0
          146.3432,-39.06217,0
          146.34323,-39.06199,0
          146.34329,-39.06182,0
          146.34334,-39.06171,0
          146.34338,-39.06165,0
          146.34343,-39.06159,0
          146.34407,-39.06103,0
          146.34417,-39.06091,0
          146.3442,-39.06084,0
          146.3442,-39.0608,0
          146.34421,-39.06078,0
          146.34421,-39.06069,0
          146.34419,-39.06062,0
          146.34418,-39.06054,0
          146.34418,-39.06048,0
          146.34422,-39.06034,0
          146.34428,-39.06002,0
          146.34426,-39.05997,0
          146.34425,-39.05993,0
          146.34424,-39.05991,0
          146.34423,-39.05991,0
          146.34421,-39.05989,0
          146.34407,-39.05979,0
          146.34405,-39.05977,0
          146.34373,-39.05954,0
          146.34355,-39.05943,0
          146.34354,-39.05942,0
          146.34341,-39.05935,0
          146.34336,-39.05933,0
          146.34332,-39.0593,0
          146.34327,-39.05928,0
          146.34324,-39.05928,0
          146.34321,-39.05927,0
          146.34308,-39.05926,0
          146.34266,-39.05912,0
          146.3426,-39.05911,0
          146.34242,-39.0591,0
          146.34215,-39.05905,0
          146.34182,-39.05905,0
          146.34114,-39.05878,0
          146.34065,-39.05869,0
          146.34064,-39.05868,0
          146.3406,-39.05867,0
          146.34029,-39.0585,0
          146.34026,-39.05849,0
          146.34025,-39.05848,0
          146.34005,-39.05841,0
          146.33994,-39.05836,0
          146.33989,-39.05835,0
          146.33921,-39.05813,0
          146.33919,-39.05813,0
          146.339,-39.05806,0
          146.33898,-39.05806,0
          146.33891,-39.05803,0
          146.33887,-39.05803,0
          146.33883,-39.05802,0
          146.33878,-39.05802,0
          146.33876,-39.05801,0
          146.3385,-39.05802,0
          146.33846,-39.05803,0
          146.33818,-39.05802,0
          146.33786,-39.05796,0
          146.33784,-39.05796,0
          146.33758,-39.05791,0
          146.33721,-39.0578,0
          146.3372,-39.0578,0
          146.33713,-39.05776,0
          146.33708,-39.05771,0
          146.33705,-39.05766,0
          146.33704,-39.05765,0
          146.33704,-39.05764,0
          146.33702,-39.05757,0
          146.33701,-39.05749,0
          146.33701,-39.05737,0
          146.337,-39.05731,0
          146.337,-39.05726,0
          146.33698,-39.05716,0
          146.33694,-39.05705,0
          146.33694,-39.057,0
          146.33695,-39.05697,0
          146.33698,-39.05691,0
          146.33698,-39.05689,0
          146.33703,-39.05668,0
          146.33703,-39.05665,0
          146.33702,-39.05662,0
          146.337,-39.05659,0
          146.337,-39.05658,0
          146.33697,-39.05651,0
          146.337,-39.05589,0
          146.33701,-39.05588,0
          146.33701,-39.05586,0
          146.33702,-39.05583,0
          146.33704,-39.05581,0
          146.33708,-39.05572,0
          146.33708,-39.05571,0
          146.33709,-39.05568,0
          146.33709,-39.05565,0
          146.3371,-39.05563,0
          146.33709,-39.05559,0
          146.33709,-39.05554,0
          146.33708,-39.05553,0
          146.33708,-39.05552,0
          146.33706,-39.05548,0
          146.33684,-39.0553,0
          146.3366,-39.05506,0
          146.33659,-39.05504,0
          146.33647,-39.05496,0
          146.33645,-39.05494,0
          146.33642,-39.05489,0
          146.33641,-39.05486,0
          146.33641,-39.05479,0
          146.33632,-39.05471,0
          146.3363,-39.0547,0
          146.33629,-39.05467,0
          146.33628,-39.05467,0
          146.33626,-39.05463,0
          146.33624,-39.05461,0
          146.33612,-39.05456,0
          146.3361,-39.05456,0
          146.33602,-39.0545,0
          146.33596,-39.05444,0
          146.33596,-39.05443,0
          146.33587,-39.05432,0
          146.33588,-39.05405,0
          146.33586,-39.05362,0
          146.33588,-39.05349,0
          146.33593,-39.0534,0
          146.33593,-39.05339,0
          146.33597,-39.05335,0
          146.33597,-39.05333,0
          146.33596,-39.05333,0
          146.3358,-39.05316,0
          146.33576,-39.05309,0
          146.3357,-39.05301,0
          146.33569,-39.05299,0
          146.33563,-39.05294,0
          146.33562,-39.05294,0
          146.3356,-39.05292,0
          146.33557,-39.0529,0
          146.33556,-39.05288,0
          146.33555,-39.05287,0
          146.33555,-39.05286,0
          146.33549,-39.05275,0
          146.33532,-39.05259,0
          146.33527,-39.0525,0
          146.33526,-39.05249,0
          146.33526,-39.05248,0
          146.33525,-39.05247,0
          146.33523,-39.05246,0
          146.33521,-39.05244,0
          146.33519,-39.05243,0
          146.33515,-39.05243,0
          146.33509,-39.05242,0
          146.33505,-39.05242,0
          146.33504,-39.05241,0
          146.33479,-39.05233,0
          146.33475,-39.05231,0
          146.33474,-39.0523,0
          146.33473,-39.0523,0
          146.33472,-39.05229,0
          146.3347,-39.05229,0
          146.33468,-39.0523,0
          146.33466,-39.0523,0
          146.33465,-39.05231,0
          146.33463,-39.05231,0
          146.33463,-39.05232,0
          146.33461,-39.05232,0
          146.3346,-39.05231,0
          146.33459,-39.05231,0
          146.33458,-39.0523,0
          146.33452,-39.05228,0
          146.33444,-39.05224,0
          146.3344,-39.05223,0
          146.33438,-39.05222,0
          146.33437,-39.05221,0
          146.33435,-39.0522,0
          146.33428,-39.05212,0
          146.33428,-39.05211,0
          146.33427,-39.05211,0
          146.33427,-39.0521,0
          146.33422,-39.05207,0
          146.33421,-39.05206,0
          146.33421,-39.05205,0
          146.33416,-39.05199,0
          146.33416,-39.05198,0
          146.33415,-39.05197,0
          146.33414,-39.05194,0
          146.33411,-39.05189,0
          146.33389,-39.05168,0
          146.33388,-39.05168,0
          146.33376,-39.05152,0
          146.33374,-39.05147,0
          146.33374,-39.05145,0
          146.33375,-39.05141,0
          146.33375,-39.05138,0
          146.33379,-39.0513,0
          146.3338,-39.05129,0
          146.3338,-39.05128,0
          146.33379,-39.05127,0
          146.33379,-39.05125,0
          146.33368,-39.05085,0
          146.33368,-39.05081,0
          146.33367,-39.05079,0
          146.33366,-39.05078,0
          146.3336,-39.05078,0
          146.33354,-39.05079,0
          146.33346,-39.05079,0
          146.3333,-39.05075,0
          146.33322,-39.05075,0
          146.33309,-39.05077,0
          146.33308,-39.05078,0
          146.33307,-39.05077,0
          146.33304,-39.05077,0
          146.33279,-39.05072,0
          146.33242,-39.05069,0
          146.33236,-39.05067,0
          146.33217,-39.05058,0
          146.33217,-39.05057,0
          146.33095,-39.04993,0
          146.33079,-39.04979,0
          146.33076,-39.04977,0
          146.33072,-39.04976,0
          146.33067,-39.04974,0
          146.33066,-39.04974,0
          146.33048,-39.0497,0
          146.32996,-39.04949,0
          146.32966,-39.04933,0
          146.32965,-39.04932,0
          146.32942,-39.04921,0
          146.32927,-39.04917,0
          146.32924,-39.04917,0
          146.3292,-39.04916,0
          146.32869,-39.04915,0
          146.32855,-39.04916,0
          146.32832,-39.0492,0
          146.3282,-39.04925,0
          146.32721,-39.04979,0
          146.32698,-39.0499,0
          146.32698,-39.04991,0
          146.32686,-39.05003,0
          146.32684,-39.05003,0
          146.32683,-39.05004,0
          146.32675,-39.05004,0
          146.32674,-39.05005,0
          146.32673,-39.05005,0
          146.32671,-39.05007,0
          146.3264,-39.05049,0
          146.3263,-39.05059,0
          146.32629,-39.05059,0
          146.32625,-39.05063,0
          146.32618,-39.05066,0
          146.32613,-39.05069,0
          146.32612,-39.05071,0
          146.32607,-39.05078,0
          146.32593,-39.05093,0
          146.32586,-39.05102,0
          146.32581,-39.0511,0
          146.32579,-39.05112,0
          146.32577,-39.05113,0
          146.32576,-39.05114,0
          146.32568,-39.05117,0
          146.32563,-39.05118,0
          146.32561,-39.05118,0
          146.3256,-39.05119,0
          146.32559,-39.05118,0
          146.32558,-39.05118,0
          146.32555,-39.05116,0
          146.32554,-39.05116,0
          146.32554,-39.05115,0
          146.32553,-39.05115,0
          146.32553,-39.05114,0
          146.32552,-39.05114,0
          146.32552,-39.05109,0
          146.32551,-39.05108,0
          146.32551,-39.05107,0
          146.3255,-39.05106,0
          146.32548,-39.05106,0
          146.32518,-39.05118,0
          146.32514,-39.05119,0
          146.32488,-39.0513,0
          146.32456,-39.0514,0
          146.32455,-39.0514,0
          146.32413,-39.05152,0
          146.32412,-39.05153,0
          146.32402,-39.05156,0
          146.32401,-39.05157,0
          146.3239,-39.05157,0
          146.32387,-39.05158,0
          146.32385,-39.05158,0
          146.32383,-39.0516,0
          146.32379,-39.05161,0
          146.32376,-39.05163,0
          146.32364,-39.05175,0
          146.32354,-39.05181,0
          146.32335,-39.05189,0
          146.32334,-39.0519,0
          146.32315,-39.05195,0
          146.32307,-39.05195,0
          146.32306,-39.05194,0
          146.32304,-39.05194,0
          146.32257,-39.0517,0
          146.32236,-39.05163,0
          146.32225,-39.05163,0
          146.32223,-39.05164,0
          146.32219,-39.05164,0
          146.32187,-39.05171,0
          146.32165,-39.05179,0
          146.3214,-39.05194,0
          146.32134,-39.05196,0
          146.32118,-39.05196,0
          146.321,-39.05193,0
          146.32088,-39.05189,0
          146.32086,-39.05189,0
          146.32081,-39.05184,0
          146.3208,-39.05182,0
          146.32079,-39.05173,0
          146.32075,-39.05166,0
          146.32075,-39.05164,0
          146.32073,-39.05158,0
          146.32072,-39.05152,0
          146.32072,-39.05141,0
          146.32069,-39.05135,0
          146.32069,-39.05127,0
          146.32065,-39.05123,0
          146.32062,-39.05122,0
          146.32061,-39.05121,0
          146.32061,-39.0512,0
          146.3206,-39.05119,0
          146.32059,-39.05117,0
          146.32059,-39.05116,0
          146.32058,-39.05113,0
          146.32057,-39.05112,0
          146.32057,-39.05111,0
          146.32056,-39.05111,0
          146.32053,-39.05108,0
          146.32053,-39.05107,0
          146.32052,-39.05107,0
          146.32052,-39.05102,0
          146.32053,-39.051,0
          146.32055,-39.05084,0
          146.32057,-39.05077,0
          146.32059,-39.05075,0
          146.3206,-39.05072,0
          146.32062,-39.05069,0
          146.32065,-39.05066,0
          146.32066,-39.05064,0
          146.32074,-39.05057,0
          146.32075,-39.05057,0
          146.32076,-39.05056,0
          146.32079,-39.05056,0
          146.32079,-39.05055,0
          146.3208,-39.05055,0
          146.32084,-39.05051,0
          146.321,-39.0503,0
          146.32106,-39.0502,0
          146.3211,-39.05016,0
          146.32112,-39.05015,0
          146.32113,-39.05014,0
          146.32131,-39.05006,0
          146.32147,-39.04997,0
          146.32155,-39.0499,0
          146.32155,-39.04989,0
          146.32159,-39.04986,0
          146.32163,-39.04984,0
          146.32169,-39.0498,0
          146.32173,-39.04979,0
          146.32186,-39.04974,0
          146.32187,-39.04974,0
          146.32196,-39.04965,0
          146.32198,-39.04964,0
          146.32218,-39.04948,0
          146.32225,-39.04941,0
          146.32226,-39.04938,0
          146.32232,-39.0493,0
          146.32233,-39.04928,0
          146.3224,-39.04921,0
          146.32249,-39.04907,0
          146.32249,-39.04905,0
          146.32257,-39.04874,0
          146.32258,-39.04873,0
          146.32267,-39.04842,0
          146.32269,-39.04838,0
          146.32274,-39.04821,0
          146.32274,-39.04819,0
          146.32279,-39.04808,0
          146.32279,-39.04807,0
          146.32284,-39.04797,0
          146.32289,-39.04791,0
          146.32289,-39.0479,0
          146.32296,-39.04783,0
          146.32302,-39.04779,0
          146.32302,-39.04778,0
          146.32303,-39.04778,0
          146.32303,-39.04775,0
          146.32302,-39.04774,0
          146.32302,-39.04773,0
          146.32301,-39.04772,0
          146.32301,-39.04771,0
          146.323,-39.0477,0
          146.32299,-39.04768,0
          146.32299,-39.04764,0
          146.32301,-39.0476,0
          146.32306,-39.04753,0
          146.32308,-39.04749,0
          146.3231,-39.04742,0
          146.32313,-39.04713,0
          146.32315,-39.04709,0
          146.32316,-39.04708,0
          146.32321,-39.04698,0
          146.32329,-39.04688,0
          146.32329,-39.04687,0
          146.3234,-39.0466,0
          146.3234,-39.04659,0
          146.32341,-39.04658,0
          146.32341,-39.04657,0
          146.32344,-39.04653,0
          146.32349,-39.04648,0
          146.3235,-39.04646,0
          146.32351,-39.04642,0
          146.32355,-39.04634,0
          146.32362,-39.04626,0
          146.32376,-39.04607,0
          146.32399,-39.0458,0
          146.32402,-39.04575,0
          146.32404,-39.04568,0
          146.32404,-39.04565,0
          146.32405,-39.04561,0
          146.32405,-39.04559,0
          146.32401,-39.04545,0
          146.32401,-39.04542,0
          146.324,-39.0454,0
          146.32399,-39.04536,0
          146.32401,-39.04531,0
          146.32402,-39.0453,0
          146.32403,-39.04528,0
          146.32416,-39.04513,0
          146.32416,-39.04512,0
          146.32419,-39.0451,0
          146.32442,-39.04488,0
          146.32454,-39.04479,0
          146.32456,-39.04477,0
          146.32458,-39.04473,0
          146.32458,-39.04472,0
          146.32459,-39.04471,0
          146.32461,-39.04467,0
          146.32463,-39.04459,0
          146.32473,-39.0443,0
          146.32481,-39.04412,0
          146.32483,-39.04409,0
          146.32483,-39.04407,0
          146.32484,-39.04403,0
          146.32484,-39.04402,0
          146.32486,-39.04393,0
          146.32487,-39.04392,0
          146.32489,-39.04388,0
          146.32493,-39.04383,0
          146.32503,-39.04374,0
          146.32504,-39.04372,0
          146.32504,-39.04369,0
          146.32506,-39.04364,0
          146.32512,-39.04358,0
          146.32516,-39.04352,0
          146.32521,-39.04341,0
          146.32521,-39.04331,0
          146.32522,-39.04329,0
          146.32522,-39.04328,0
          146.32524,-39.04326,0
          146.32526,-39.04321,0
          146.32528,-39.04319,0
          146.32529,-39.04316,0
          146.3253,-39.04315,0
          146.32534,-39.04301,0
          146.32535,-39.043,0
          146.32535,-39.0429,0
          146.32534,-39.04286,0
          146.32534,-39.04282,0
          146.32543,-39.0426,0
          146.32543,-39.04257,0
          146.32542,-39.04253,0
          146.32541,-39.04252,0
          146.32541,-39.04249,0
          146.32542,-39.04248,0
          146.32543,-39.04244,0
          146.32547,-39.04235,0
          146.32548,-39.04235,0
          146.32551,-39.04227,0
          146.32558,-39.0422,0
          146.32563,-39.04218,0
          146.32564,-39.04218,0
          146.32568,-39.04217,0
          146.32582,-39.04217,0
          146.32585,-39.04216,0
          146.32602,-39.04214,0
          146.32608,-39.04211,0
          146.32609,-39.0421,0
          146.32613,-39.04199,0
          146.32614,-39.04198,0
          146.32614,-39.04197,0
          146.32619,-39.04189,0
          146.32632,-39.04175,0
          146.32635,-39.04166,0
          146.32635,-39.04163,0
          146.32636,-39.0416,0
          146.32637,-39.04159,0
          146.32638,-39.04156,0
          146.32643,-39.04148,0
          146.3265,-39.04141,0
          146.32653,-39.04137,0
          146.32656,-39.0413,0
          146.32656,-39.04128,0
          146.32657,-39.04128,0
          146.32658,-39.04127,0
          146.32664,-39.04124,0
          146.32665,-39.04124,0
          146.32665,-39.04122,0
          146.32668,-39.04118,0
          146.32672,-39.04111,0
          146.3268,-39.04106,0
          146.32682,-39.04104,0
          146.32682,-39.04103,0
          146.32683,-39.04102,0
          146.32683,-39.04092,0
          146.32684,-39.04089,0
          146.32684,-39.04072,0
          146.32683,-39.0406,0
          146.32681,-39.04053,0
          146.3268,-39.04052,0
          146.32678,-39.04048,0
          146.32678,-39.04042,0
          146.32679,-39.04039,0
          146.32679,-39.04038,0
          146.3268,-39.04036,0
          146.3268,-39.0403,0
          146.32679,-39.04025,0
          146.32681,-39.04005,0
          146.3268,-39.03999,0
          146.32679,-39.03996,0
          146.32679,-39.03992,0
          146.32681,-39.03986,0
          146.32697,-39.03964,0
          146.32707,-39.03953,0
          146.32714,-39.0394,0
          146.32719,-39.03926,0
          146.32724,-39.03915,0
          146.32726,-39.03913,0
          146.32727,-39.0391,0
          146.32739,-39.03898,0
          146.32739,-39.03896,0
          146.3274,-39.03892,0
          146.3274,-39.03888,0
          146.32738,-39.03876,0
          146.32738,-39.03865,0
          146.3274,-39.03857,0
          146.3275,-39.03835,0
          146.32767,-39.03812,0
          146.32779,-39.038,0
          146.32784,-39.03796,0
          146.32803,-39.03791,0
          146.32806,-39.03791,0
          146.32813,-39.03787,0
          146.32844,-39.03776,0
          146.32851,-39.03771,0
          146.32859,-39.03762,0
          146.32862,-39.03757,0
          146.32864,-39.03755,0
          146.32866,-39.03748,0
          146.32869,-39.03731,0
          146.32868,-39.03716,0
          146.32867,-39.03712,0
          146.32865,-39.03708,0
          146.32861,-39.03702,0
          146.32857,-39.03698,0
          146.32844,-39.03688,0
          146.32837,-39.03685,0
          146.32834,-39.0368,0
          146.3283,-39.0367,0
          146.32826,-39.03664,0
          146.32818,-39.03657,0
          146.32815,-39.03655,0
          146.32812,-39.03652,0
          146.328,-39.03633,0
          146.32788,-39.03627,0
          146.32755,-39.03605,0
          146.32751,-39.03601,0
          146.32748,-39.03593,0
          146.32744,-39.03587,0
          146.32739,-39.03581,0
          146.3272,-39.03573,0
          146.3271,-39.03566,0
          146.32691,-39.03563,0
          146.32672,-39.03556,0
          146.32666,-39.03552,0
          146.32653,-39.03536,0
          146.32652,-39.03534,0
          146.32645,-39.03531,0
          146.32644,-39.0353,0
          146.32635,-39.03524,0
          146.32592,-39.03486,0
          146.32585,-39.03475,0
          146.32583,-39.03474,0
          146.32579,-39.03471,0
          146.32577,-39.0347,0
          146.32566,-39.0347,0
          146.32565,-39.03469,0
          146.32563,-39.03469,0
          146.32562,-39.03468,0
          146.32561,-39.03468,0
          146.32555,-39.03463,0
          146.32555,-39.03462,0
          146.32554,-39.0346,0
          146.32554,-39.03457,0
          146.32555,-39.03455,0
          146.32555,-39.03454,0
          146.32562,-39.03442,0
          146.32562,-39.03439,0
          146.32565,-39.0343,0
          146.32565,-39.03426,0
          146.32564,-39.03421,0
          146.32554,-39.03402,0
          146.32551,-39.03394,0
          146.32551,-39.0339,0
          146.32547,-39.03383,0
          146.32538,-39.03374,0
          146.32526,-39.03359,0
          146.32523,-39.03357,0
          146.3252,-39.03354,0
          146.32509,-39.03347,0
          146.32509,-39.03346,0
          146.32485,-39.0333,0
          146.32464,-39.03313,0
          146.32458,-39.03307,0
          146.32447,-39.03292,0
          146.32446,-39.0329,0
          146.32444,-39.03288,0
          146.32443,-39.03288,0
          146.32441,-39.03287,0
          146.3244,-39.03286,0
          146.32435,-39.03286,0
          146.32432,-39.03283,0
          146.32411,-39.03288,0
          146.32402,-39.03291,0
          146.32386,-39.03298,0
          146.32371,-39.03307,0
          146.3235,-39.03313,0
          146.32334,-39.03315,0
          146.32327,-39.03314,0
          146.32322,-39.03314,0
          146.32314,-39.03313,0
          146.32303,-39.0331,0
          146.32244,-39.03289,0
          146.3222,-39.03283,0
          146.32081,-39.03234,0
          146.32069,-39.03231,0
          146.31959,-39.0323,0
          146.31904,-39.03233,0
          146.31887,-39.03232,0
          146.31855,-39.03228,0
          146.31811,-39.03219,0
          146.31731,-39.03198,0
          146.31704,-39.03188,0
          146.31693,-39.03181,0
          146.31693,-39.03169,0
          146.31694,-39.03165,0
          146.31694,-39.03164,0
          146.31698,-39.03153,0
          146.31699,-39.03146,0
          146.3168,-39.03136,0
          146.31673,-39.0313,0
          146.31633,-39.03105,0
          146.31625,-39.03101,0
          146.31604,-39.03088,0
          146.31607,-39.0308,0
          146.31649,-39.03035,0
          146.31665,-39.03021,0
          146.31677,-39.03014,0
          146.31693,-39.03007,0
          146.31699,-39.03006,0
          146.31705,-39.03006,0
          146.31704,-39.03001,0
          146.31692,-39.02986,0
          146.31698,-39.02982,0
          146.31703,-39.02959,0
          146.31723,-39.0294,0
          146.31747,-39.02924,0
          146.31748,-39.02924,0
          146.31771,-39.02915,0
          146.31787,-39.0291,0
          146.31789,-39.02908,0
          146.31791,-39.02908,0
          146.31796,-39.02907,0
          146.31798,-39.02907,0
          146.31799,-39.02906,0
          146.31829,-39.02894,0
          146.31834,-39.02891,0
          146.31837,-39.0289,0
          146.31848,-39.02889,0
          146.31865,-39.02883,0
          146.31868,-39.02883,0
          146.3187,-39.02884,0
          146.3188,-39.02884,0
          146.31885,-39.02882,0
          146.31887,-39.0288,0
          146.31893,-39.02876,0
          146.31887,-39.02869,0
          146.31886,-39.02865,0
          146.31886,-39.02863,0
          146.31887,-39.02859,0
          146.31889,-39.02856,0
          146.31891,-39.02854,0
          146.31897,-39.02841,0
          146.31898,-39.0284,0
          146.31898,-39.02839,0
          146.31899,-39.02835,0
          146.31899,-39.02828,0
          146.31892,-39.02815,0
          146.31884,-39.02807,0
          146.31905,-39.02808,0
          146.3191,-39.02807,0
          146.31912,-39.02807,0
          146.31913,-39.02806,0
          146.31915,-39.02805,0
          146.31919,-39.02801,0
          146.31929,-39.02788,0
          146.31953,-39.02778,0
          146.31955,-39.02776,0
          146.31962,-39.02765,0
          146.31963,-39.02765,0
          146.31963,-39.02764,0
          146.31981,-39.02763,0
          146.31982,-39.02762,0
          146.31984,-39.02761,0
          146.31989,-39.02755,0
          146.31992,-39.02755,0
          146.31994,-39.02754,0
          146.32012,-39.02755,0
          146.32065,-39.02753,0
          146.3207,-39.02752,0
          146.32078,-39.02749,0
          146.32086,-39.02743,0
          146.32101,-39.02742,0
          146.32103,-39.02741,0
          146.32104,-39.02741,0
          146.32113,-39.02731,0
          146.3212,-39.02721,0
          146.32123,-39.02718,0
          146.32127,-39.02716,0
          146.32139,-39.02713,0
          146.32151,-39.02704,0
          146.32154,-39.02701,0
          146.32153,-39.02685,0
          146.32156,-39.02682,0
          146.32167,-39.02682,0
          146.32171,-39.02683,0
          146.32177,-39.02683,0
          146.32179,-39.02682,0
          146.3218,-39.02682,0
          146.32182,-39.02681,0
          146.32187,-39.02676,0
          146.3219,-39.02667,0
          146.32194,-39.02663,0
          146.32218,-39.02652,0
          146.32232,-39.02641,0
          146.3224,-39.02639,0
          146.32265,-39.02622,0
          146.32276,-39.02613,0
          146.32281,-39.0261,0
          146.32284,-39.02609,0
          146.32285,-39.02609,0
          146.32286,-39.02608,0
          146.32286,-39.02607,0
          146.32287,-39.02606,0
          146.32287,-39.02605,0
          146.32293,-39.026,0
          146.32308,-39.0259,0
          146.32323,-39.02582,0
          146.32334,-39.02575,0
          146.32335,-39.02573,0
          146.32338,-39.0257,0
          146.32342,-39.02564,0
          146.32349,-39.02549,0
          146.32349,-39.02545,0
          146.3235,-39.02542,0
          146.3235,-39.02536,0
          146.32351,-39.02535,0
          146.32353,-39.02527,0
          146.32353,-39.02522,0
          146.32348,-39.02507,0
          146.32345,-39.02502,0
          146.32345,-39.02501,0
          146.32329,-39.02477,0
          146.32327,-39.02475,0
          146.32309,-39.02466,0
          146.32299,-39.02463,0
          146.32295,-39.02461,0
          146.32289,-39.02459,0
          146.32275,-39.02449,0
          146.32261,-39.02435,0
          146.32257,-39.02432,0
          146.32251,-39.02425,0
          146.32248,-39.02419,0
          146.32215,-39.02374,0
          146.32212,-39.02366,0
          146.32211,-39.02365,0
          146.32211,-39.02357,0
          146.322,-39.02336,0
          146.322,-39.02325,0
          146.32199,-39.02324,0
          146.32199,-39.02322,0
          146.32194,-39.02313,0
          146.32193,-39.02312,0
          146.3219,-39.02304,0
          146.3219,-39.02301,0
          146.32191,-39.02297,0
          146.32191,-39.02296,0
          146.3219,-39.02295,0
          146.3219,-39.02293,0
          146.32188,-39.0229,0
          146.32187,-39.02287,0
          146.32178,-39.02278,0
          146.32176,-39.02275,0
          146.32173,-39.02273,0
          146.32163,-39.02268,0
          146.32158,-39.02267,0
          146.32153,-39.02264,0
          146.32148,-39.02259,0
          146.32145,-39.02252,0
          146.32145,-39.02247,0
          146.32147,-39.02239,0
          146.31885,-39.02165,0
          146.31884,-39.02164,0
          146.31793,-39.02138,0
          146.31776,-39.02132,0
          146.31254,-39.01981,0
          146.31219,-39.01969,0
          146.31192,-39.01955,0
          146.31182,-39.01948,0
          146.3116,-39.01926,0
          146.31156,-39.0192,0
          146.31145,-39.01898,0
          146.3114,-39.0188,0
          146.31139,-39.01859,0
          146.3114,-39.01847,0
          146.31141,-39.01845,0
          146.31142,-39.01838,0
          146.31145,-39.01828,0
          146.31146,-39.01827,0
          146.3115,-39.01817,0
          146.31173,-39.0178,0
          146.3118,-39.01763,0
          146.31182,-39.01751,0
          146.31182,-39.01744,0
          146.3118,-39.01734,0
          146.31172,-39.01718,0
          146.31161,-39.01705,0
          146.31148,-39.01694,0
          146.31132,-39.01685,0
          146.31114,-39.01679,0
          146.31102,-39.01677,0
          146.31092,-39.01677,0
          146.31088,-39.01676,0
          146.31008,-39.01683,0
          146.30982,-39.01684,0
          146.30953,-39.01682,0
          146.30858,-39.01662,0
          146.30822,-39.01658,0
          146.30818,-39.01657,0
          146.30798,-39.01655,0
          146.30741,-39.01644,0
          146.30727,-39.01643,0
          146.30711,-39.01645,0
          146.30706,-39.01645,0
          146.30704,-39.01646,0
          146.30694,-39.01648,0
          146.30678,-39.01653,0
          146.30665,-39.0166,0
          146.30656,-39.01666,0
          146.30648,-39.01674,0
          146.30629,-39.017,0
          146.3062,-39.01709,0
          146.30611,-39.01715,0
          146.30603,-39.01719,0
          146.3059,-39.01724,0
          146.30565,-39.0173,0
          146.30528,-39.01736,0
          146.30525,-39.01737,0
          146.30482,-39.01742,0
          146.30458,-39.01742,0
          146.30451,-39.01741,0
          146.30439,-39.01741,0
          146.3037,-39.01727,0
          146.30338,-39.01718,0
          146.30098,-39.01619,0
          146.2996,-39.01553,0
          146.29905,-39.01522,0
          146.29841,-39.01479,0
          146.29818,-39.01461,0
          146.29816,-39.0146,0
          146.29809,-39.01452,0
          146.29801,-39.01438,0
          146.29799,-39.01431,0
          146.29797,-39.01418,0
          146.29798,-39.01412,0
          146.29798,-39.01409,0
          146.29802,-39.01398,0
          146.29805,-39.01393,0
          146.29814,-39.01384,0
          146.29826,-39.01375,0
          146.29844,-39.01365,0
          146.29904,-39.01342,0
          146.29905,-39.01342,0
          146.29911,-39.0134,0
          146.29917,-39.01337,0
          146.29923,-39.01333,0
          146.29928,-39.01328,0
          146.29933,-39.0132,0
          146.29934,-39.01319,0
          146.29934,-39.01318,0
          146.29936,-39.01315,0
          146.29938,-39.01306,0
          146.29938,-39.01299,0
          146.29937,-39.01295,0
          146.29937,-39.01291,0
          146.29925,-39.01274,0
          146.29885,-39.01247,0
          146.29852,-39.01228,0
          146.29837,-39.01218,0
          146.29823,-39.01202,0
          146.29819,-39.01195,0
          146.29816,-39.01184,0
          146.2981,-39.01147,0
          146.29806,-39.01133,0
          146.298,-39.01121,0
          146.298,-39.0112,0
          146.29785,-39.011,0
          146.29682,-39.01026,0
          146.29669,-39.01015,0
          146.2966,-39.01004,0
          146.29657,-39.00999,0
          146.29654,-39.00992,0
          146.2965,-39.00986,0
          146.29647,-39.00977,0
          146.29637,-39.00955,0
          146.29634,-39.0095,0
          146.29621,-39.00935,0
          146.2962,-39.00935,0
          146.29612,-39.00928,0
          146.29607,-39.00925,0
          146.2959,-39.00912,0
          146.29581,-39.00901,0
          146.29578,-39.00895,0
          146.29575,-39.00891,0
          146.2957,-39.0088,0
          146.29568,-39.00871,0
          146.29565,-39.00846,0
          146.29565,-39.00825,0
          146.29566,-39.00816,0
          146.29566,-39.0081,0
          146.2957,-39.00792,0
          146.29583,-39.00765,0
          146.29638,-39.00671,0
          146.2964,-39.00669,0
          146.29644,-39.00662,0
          146.29655,-39.00647,0
          146.29673,-39.00626,0
          146.29692,-39.006,0
          146.29703,-39.00582,0
          146.29737,-39.00536,0
          146.29765,-39.00505,0
          146.29777,-39.00494,0
          146.29805,-39.00478,0
          146.29807,-39.00478,0
          146.29811,-39.00476,0
          146.29812,-39.00476,0
          146.29824,-39.00472,0
          146.29829,-39.00471,0
          146.29834,-39.00471,0
          146.29884,-39.00463,0
          146.2994,-39.0045,0
          146.29975,-39.0044,0
          146.2999,-39.00434,0
          146.29995,-39.00431,0
          146.30006,-39.00421,0
          146.30015,-39.0041,0
          146.30018,-39.00405,0
          146.30022,-39.00396,0
          146.30024,-39.00393,0
          146.3003,-39.0038,0
          146.30043,-39.00361,0
          146.30048,-39.00356,0
          146.30051,-39.00354,0
          146.30059,-39.00347,0
          146.30074,-39.00336,0
          146.30145,-39.00292,0
          146.30162,-39.00286,0
          146.30189,-39.0028,0
          146.30192,-39.0028,0
          146.30197,-39.00278,0
          146.30203,-39.00277,0
          146.30209,-39.00275,0
          146.30224,-39.00268,0
          146.30227,-39.00265,0
          146.30231,-39.00263,0
          146.30235,-39.00258,0
          146.30238,-39.00256,0
          146.30243,-39.00248,0
          146.30245,-39.00242,0
          146.30247,-39.00231,0
          146.30247,-39.00217,0
          146.30246,-39.00212,0
          146.30238,-39.00201,0
          146.30237,-39.00199,0
          146.30156,-39.00111,0
          146.30156,-39.0011,0
          146.30138,-39.0009,0
          146.30119,-39.00073,0
          146.30116,-39.00071,0
          146.30115,-39.00069,0
          146.30107,-39.00064,0
          146.30104,-39.00063,0
          146.30099,-39.0006,0
          146.30098,-39.0006,0
          146.30091,-39.00057,0
          146.30087,-39.00056,0
          146.30086,-39.00055,0
          146.30074,-39.00053,0
          146.30064,-39.00053,0
          146.30027,-39.00058,0
          146.29965,-39.00074,0
          146.29933,-39.00079,0
          146.29901,-39.00076,0
          146.29889,-39.00073,0
          146.29875,-39.00068,0
          146.29797,-39.00031,0
          146.29777,-39.0002,0
          146.29766,-39.00009,0
          146.29763,-39.00004,0
          146.2976,-38.99996,0
          146.29758,-38.99984,0
          146.29757,-38.99965,0
          146.29755,-38.99956,0
          146.29754,-38.99955,0
          146.2975,-38.99938,0
          146.29747,-38.99933,0
          146.29743,-38.99923,0
          146.29738,-38.99915,0
          146.29703,-38.9987,0
          146.29689,-38.99844,0
          146.29662,-38.9978,0
          146.29646,-38.99756,0
          146.2962,-38.99723,0
          146.29582,-38.9968,0
          146.29581,-38.99678,0
          146.29573,-38.99667,0
          146.29572,-38.99664,0
          146.29568,-38.99656,0
          146.29555,-38.99609,0
          146.29554,-38.99598,0
          146.29548,-38.99562,0
          146.29546,-38.99539,0
          146.29539,-38.99507,0
          146.29529,-38.99492,0
          146.29517,-38.99485,0
          146.29501,-38.99482,0
          146.29493,-38.99482,0
          146.29485,-38.99483,0
          146.29473,-38.99487,0
          146.29424,-38.99522,0
          146.29409,-38.99529,0
          146.29384,-38.99536,0
          146.29308,-38.99552,0
          146.29307,-38.99552,0
          146.29286,-38.99557,0
          146.29285,-38.99557,0
          146.29273,-38.9956,0
          146.29247,-38.99563,0
          146.29222,-38.99559,0
          146.29207,-38.99551,0
          146.29204,-38.99548,0
          146.29198,-38.9954,0
          146.29193,-38.99524,0
          146.29187,-38.99476,0
          146.29184,-38.9947,0
          146.29183,-38.99466,0
          146.29174,-38.99451,0
          146.29169,-38.99446,0
          146.29158,-38.99437,0
          146.29145,-38.99429,0
          146.29054,-38.99387,0
          146.29041,-38.99377,0
          146.29037,-38.99373,0
          146.29035,-38.9937,0
          146.29033,-38.99365,0
          146.29031,-38.99362,0
          146.2903,-38.99355,0
          146.2903,-38.99346,0
          146.29029,-38.99343,0
          146.2903,-38.99341,0
          146.2903,-38.99337,0
          146.29032,-38.99333,0
          146.29033,-38.99328,0
          146.2904,-38.99317,0
          146.29049,-38.99307,0
          146.29101,-38.99258,0
          146.29212,-38.99118,0
          146.29213,-38.99118,0
          146.29248,-38.99072,0
          146.29252,-38.99068,0
          146.2926,-38.99057,0
          146.29261,-38.99057,0
          146.29261,-38.99056,0
          146.29321,-38.98981,0
          146.29321,-38.9898,0
          146.29346,-38.98949,0
          146.29346,-38.98948,0
          146.29354,-38.98935,0
          146.29355,-38.98934,0
          146.29355,-38.98933,0
          146.29358,-38.98928,0
          146.29363,-38.98917,0
          146.29364,-38.98916,0
          146.29369,-38.98904,0
          146.29372,-38.98888,0
          146.29373,-38.98865,0
          146.29365,-38.98797,0
          146.29355,-38.98735,0
          146.29346,-38.98705,0
          146.29345,-38.98699,0
          146.29343,-38.98696,0
          146.2934,-38.98688,0
          146.2934,-38.98687,0
          146.29332,-38.98672,0
          146.29332,-38.98671,0
          146.29331,-38.98671,0
          146.2931,-38.9864,0
          146.29285,-38.98611,0
          146.29284,-38.98611,0
          146.29272,-38.98596,0
          146.29271,-38.98596,0
          146.292,-38.98515,0
          146.29186,-38.98501,0
          146.29172,-38.98484,0
          146.29145,-38.98459,0
          146.29126,-38.98447,0
          146.29094,-38.98436,0
          146.28961,-38.98416,0
          146.28926,-38.98415,0
          146.28893,-38.98423,0
          146.28881,-38.98428,0
          146.28858,-38.98442,0
          146.28858,-38.98443,0
          146.28855,-38.98445,0
          146.28838,-38.98466,0
          146.28823,-38.98487,0
          146.28812,-38.98496,0
          146.28804,-38.98501,0
          146.28797,-38.98504,0
          146.28787,-38.98507,0
          146.28781,-38.98508,0
          146.28764,-38.98508,0
          146.28756,-38.98507,0
          146.28734,-38.98501,0
          146.28717,-38.98491,0
          146.28715,-38.98488,0
          146.28712,-38.98485,0
          146.28704,-38.98474,0
          146.28703,-38.9847,0
          146.28701,-38.98466,0
          146.28697,-38.9844,0
          146.28697,-38.98434,0
          146.28693,-38.984,0
          146.28688,-38.98386,0
          146.28686,-38.98384,0
          146.28684,-38.9838,0
          146.28677,-38.98373,0
          146.28665,-38.98364,0
          146.28657,-38.9836,0
          146.28635,-38.98354,0
          146.28616,-38.98352,0
          146.28609,-38.9835,0
          146.2844,-38.98327,0
          146.28413,-38.98326,0
          146.28144,-38.98337,0
          146.28111,-38.98333,0
          146.28102,-38.9833,0
          146.28084,-38.98321,0
          146.28062,-38.98304,0
          146.28052,-38.98292,0
          146.28019,-38.98235,0
          146.28009,-38.98222,0
          146.28004,-38.98218,0
          146.27997,-38.98211,0
          146.27901,-38.98142,0
          146.27894,-38.98138,0
          146.27862,-38.98114,0
          146.27837,-38.98088,0
          146.27821,-38.98057,0
          146.27814,-38.98037,0
          146.27811,-38.98009,0
          146.27812,-38.98,0
          146.27812,-38.9799,0
          146.27813,-38.97979,0
          146.27819,-38.97948,0
          146.2782,-38.97947,0
          146.27841,-38.97836,0
          146.27842,-38.97824,0
          146.27841,-38.97815,0
          146.27841,-38.97807,0
          146.27838,-38.97783,0
          146.27836,-38.97775,0
          146.2783,-38.97758,0
          146.27828,-38.97755,0
          146.27814,-38.97724,0
          146.27793,-38.97684,0
          146.27779,-38.9765,0
          146.27777,-38.97627,0
          146.27778,-38.97615,0
          146.27781,-38.976,0
          146.2779,-38.97573,0
          146.27795,-38.97563,0
          146.27813,-38.97538,0
          146.27829,-38.9752,0
          146.27911,-38.97455,0
          146.27925,-38.97446,0
          146.27945,-38.97429,0
          146.27955,-38.97419,0
          146.27963,-38.97409,0
          146.27966,-38.97404,0
          146.2797,-38.97395,0
          146.27974,-38.97378,0
          146.27974,-38.97373,0
          146.27975,-38.97367,0
          146.27974,-38.97353,0
          146.27969,-38.97339,0
          146.2796,-38.97326,0
          146.27958,-38.97324,0
          146.27956,-38.97321,0
          146.2795,-38.97315,0
          146.27936,-38.97304,0
          146.2791,-38.97288,0
          146.27883,-38.97279,0
          146.27867,-38.97275,0
          146.27802,-38.97263,0
          146.27799,-38.97263,0
          146.27785,-38.97259,0
          146.27765,-38.97251,0
          146.27757,-38.97246,0
          146.27756,-38.97245,0
          146.27746,-38.97239,0
          146.27738,-38.97231,0
          146.27728,-38.97218,0
          146.2772,-38.97201,0
          146.27717,-38.97184,0
          146.27717,-38.97177,0
          146.27719,-38.97162,0
          146.27721,-38.97156,0
          146.27726,-38.97146,0
          146.27727,-38.97145,0
          146.27731,-38.97138,0
          146.27735,-38.97133,0
          146.27748,-38.97121,0
          146.27756,-38.97115,0
          146.27766,-38.97109,0
          146.28074,-38.96968,0
          146.28148,-38.9693,0
          146.28215,-38.96886,0
          146.28218,-38.96883,0
          146.28224,-38.9688,0
          146.28228,-38.96876,0
          146.28258,-38.96853,0
          146.28498,-38.96633,0
          146.28523,-38.96608,0
          146.28799,-38.96358,0
          146.28818,-38.96346,0
          146.28846,-38.96331,0
          146.28867,-38.96323,0
          146.29013,-38.96278,0
          146.2905,-38.96261,0
          146.29075,-38.96245,0
          146.29094,-38.96229,0
          146.29113,-38.96209,0
          146.29128,-38.96188,0
          146.29136,-38.96174,0
          146.29142,-38.96161,0
          146.29143,-38.9616,0
          146.29146,-38.96152,0
          146.29154,-38.96116,0
          146.29161,-38.95956,0
          146.29159,-38.95942,0
          146.29154,-38.95922,0
          146.29141,-38.95891,0
          146.29135,-38.95883,0
          146.29118,-38.95866,0
          146.291,-38.95853,0
          146.29084,-38.95843,0
          146.29062,-38.95833,0
          146.29048,-38.95828,0
          146.29029,-38.95824,0
          146.29,-38.9582,0
          146.28984,-38.95819,0
          146.28926,-38.9582,0
          146.28633,-38.95836,0
          146.28582,-38.95836,0
          146.28534,-38.95831,0
          146.28531,-38.9583,0
          146.2851,-38.95826,0
          146.28508,-38.95825,0
          146.28469,-38.95814,0
          146.28449,-38.95807,0
          146.28444,-38.95804,0
          146.28406,-38.95786,0
          146.28073,-38.95578,0
          146.28072,-38.95577,0
          146.27893,-38.95465,0
          146.27892,-38.95465,0
          146.27875,-38.95454,0
          146.27874,-38.95453,0
          146.2764,-38.95305,0
          146.27625,-38.95294,0
          146.27526,-38.9523,0
          146.27481,-38.95196,0
          146.27444,-38.95158,0
          146.27433,-38.95145,0
          146.27414,-38.95119,0
          146.27397,-38.95093,0
          146.27383,-38.95067,0
          146.27372,-38.95041,0
          146.27369,-38.95029,0
          146.27365,-38.95019,0
          146.27356,-38.94983,0
          146.27354,-38.94971,0
          146.27351,-38.94936,0
          146.27351,-38.94912,0
          146.27353,-38.94886,0
          146.27356,-38.94865,0
          146.27366,-38.94826,0
          146.27382,-38.94786,0
          146.27391,-38.94767,0
          146.27413,-38.94731,0
          146.27432,-38.94706,0
          146.27483,-38.94652,0
          146.2749,-38.94647,0
          146.27504,-38.94635,0
          146.27532,-38.94614,0
          146.27544,-38.94607,0
          146.27637,-38.94545,0
          146.2768,-38.9451,0
          146.27691,-38.94498,0
          146.27696,-38.94494,0
          146.27719,-38.94465,0
          146.2773,-38.94448,0
          146.27745,-38.94421,0
          146.2776,-38.94382,0
          146.27766,-38.94354,0
          146.27768,-38.9434,0
          146.2777,-38.94309,0
          146.27767,-38.94226,0
          146.27755,-38.94089,0
          146.27755,-38.9408,0
          146.27754,-38.94075,0
          146.27746,-38.93961,0
          146.27744,-38.93954,0
          146.27713,-38.93558,0
          146.27716,-38.93512,0
          146.27718,-38.93506,0
          146.27719,-38.935,0
          146.27724,-38.93482,0
          146.27729,-38.93468,0
          146.27756,-38.93418,0
          146.27783,-38.93385,0
          146.27784,-38.93383,0
          146.27791,-38.93374,0
          146.27856,-38.93301,0
          146.27885,-38.93263,0
          146.27894,-38.93248,0
          146.27914,-38.93208,0
          146.27924,-38.93173,0
          146.27926,-38.9316,0
          146.27927,-38.93146,0
          146.27928,-38.93143,0
          146.27929,-38.93125,0
          146.27926,-38.92945,0
          146.27924,-38.92924,0
          146.27916,-38.92885,0
          146.27907,-38.92855,0
          146.27894,-38.92828,0
          146.27889,-38.92821,0
          146.27882,-38.92808,0
          146.27862,-38.92781,0
          146.2785,-38.92768,0
          146.27825,-38.92744,0
          146.27795,-38.9272,0
          146.27773,-38.92706,0
          146.27726,-38.92681,0
          146.2766,-38.92659,0
          146.27536,-38.92629,0
          146.27209,-38.9256,0
          146.26985,-38.92523,0
          146.26978,-38.92523,0
          146.26719,-38.92481,0
          146.26681,-38.92471,0
          146.26647,-38.92457,0
          146.26609,-38.92439,0
          146.26581,-38.92421,0
          146.26555,-38.924,0
          146.26532,-38.92377,0
          146.2651,-38.9235,0
          146.26486,-38.92314,0
          146.2648,-38.92302,0
          146.26473,-38.92283,0
          146.26462,-38.92236,0
          146.26462,-38.92231,0
          146.26449,-38.92113,0
          146.26449,-38.92106,0
          146.26429,-38.91913,0
          146.26417,-38.91842,0
          146.2641,-38.91817,0
          146.26398,-38.91785,0
          146.26386,-38.91762,0
          146.26372,-38.91742,0
          146.26356,-38.91722,0
          146.26314,-38.91681,0
          146.2628,-38.91655,0
          146.26241,-38.9163,0
          146.26233,-38.91623,0
          146.26077,-38.91521,0
          146.26068,-38.91516,0
          146.25954,-38.91441,0
          146.25937,-38.91431,0
          146.25839,-38.91366,0
          146.25809,-38.91344,0
          146.2579,-38.91328,0
          146.25779,-38.91317,0
          146.25785,-38.91314,0
          146.25778,-38.91307,0
          146.2575,-38.91271,0
          146.25705,-38.912,0
          146.2568,-38.91166,0
          146.25648,-38.91133,0
          146.25623,-38.91114,0
          146.25622,-38.91114,0
          146.25601,-38.91099,0
          146.25595,-38.91097,0
          146.25559,-38.91079,0
          146.25516,-38.91062,0
          146.25469,-38.91046,0
          146.254,-38.91019,0
          146.25359,-38.90997,0
          146.25317,-38.90967,0
          146.25306,-38.90956,0
          146.25286,-38.90933,0
          146.25284,-38.90929,0
          146.25277,-38.90919,0
          146.25268,-38.90901,0
          146.25263,-38.90893,0
          146.25259,-38.90884,0
          146.25254,-38.90867,0
          146.25249,-38.90854,0
          146.25247,-38.90843,0
          146.25245,-38.90805,0
          146.25248,-38.90626,0
          146.25247,-38.90605,0
          146.25239,-38.90554,0
          146.25223,-38.90511,0
          146.25214,-38.90491,0
          146.25185,-38.90441,0
          146.25096,-38.90321,0
          146.25092,-38.90314,0
          146.25025,-38.9023,0
          146.25019,-38.90225,0
          146.24966,-38.90153,0
          146.24963,-38.9015,0
          146.24895,-38.90061,0
          146.24863,-38.90008,0
          146.24858,-38.89993,0
          146.24848,-38.89947,0
          146.24846,-38.89905,0
          146.24848,-38.89887,0
          146.2485,-38.89877,0
          146.24854,-38.89864,0
          146.24862,-38.89846,0
          146.24869,-38.89833,0
          146.24893,-38.89801,0
          146.24914,-38.8978,0
          146.24976,-38.89736,0
          146.25,-38.89722,0
          146.25019,-38.89709,0
          146.25136,-38.89638,0
          146.25151,-38.8963,0
          146.25352,-38.8954,0
          146.25418,-38.89505,0
          146.25547,-38.89425,0
          146.25667,-38.89346,0
          146.25697,-38.89321,0
          146.2572,-38.89296,0
          146.25738,-38.8927,0
          146.25741,-38.89263,0
          146.25745,-38.89256,0
          146.25755,-38.89234,0
          146.25763,-38.89207,0
          146.25767,-38.89182,0
          146.25765,-38.88863,0
          146.25764,-38.88859,0
          146.25763,-38.88829,0
          146.25765,-38.88767,0
          146.2579,-38.88619,0
          146.25791,-38.88618,0
          146.25797,-38.88575,0
          146.25798,-38.88573,0
          146.25802,-38.88539,0
          146.25804,-38.88532,0
          146.25804,-38.88526,0
          146.25818,-38.88452,0
          146.25824,-38.88431,0
          146.25834,-38.88409,0
          146.25842,-38.88395,0
          146.25856,-38.88379,0
          146.25858,-38.88376,0
          146.2587,-38.88366,0
          146.2587,-38.88365,0
          146.25902,-38.88346,0
          146.25941,-38.88332,0
          146.26037,-38.88311,0
          146.26041,-38.88311,0
          146.26218,-38.88276,0
          146.2622,-38.88275,0
          146.26239,-38.88271,0
          146.26243,-38.88269,0
          146.26251,-38.88267,0
          146.26252,-38.88267,0
          146.26286,-38.88255,0
          146.26324,-38.88235,0
          146.26362,-38.88206,0
          146.26389,-38.88177,0
          146.26407,-38.88151,0
          146.26408,-38.8815,0
          146.26417,-38.88133,0
          146.2642,-38.88125,0
          146.2642,-38.88124,0
          146.26423,-38.88117,0
          146.26425,-38.88109,0
          146.26426,-38.88107,0
          146.26432,-38.88085,0
          146.2644,-38.88038,0
          146.2644,-38.88033,0
          146.26448,-38.87981,0
          146.26453,-38.87965,0
          146.26462,-38.87943,0
          146.26469,-38.8793,0
          146.26493,-38.87895,0
          146.26522,-38.87861,0
          146.26528,-38.87855,0
          146.26533,-38.87848,0
          146.26605,-38.87766,0
          146.26612,-38.87756,0
          146.26623,-38.87744,0
          146.26642,-38.87718,0
          146.26651,-38.87701,0
          146.26652,-38.877,0
          146.26656,-38.87691,0
          146.26668,-38.87655,0
          146.26668,-38.87653,0
          146.26672,-38.87639,0
          146.26672,-38.87637,0
          146.26674,-38.87632,0
          146.26682,-38.87598,0
          146.26686,-38.87587,0
          146.26694,-38.87558,0
          146.26711,-38.87475,0
          146.26713,-38.8747,0
          146.26719,-38.87444,0
          146.2672,-38.87434,0
          146.2672,-38.87423,0
          146.26718,-38.87406,0
          146.26714,-38.87392,0
          146.26704,-38.87373,0
          146.26697,-38.87362,0
          146.26662,-38.87319,0
          146.26645,-38.87303,0
          146.2659,-38.87258,0
          146.26584,-38.87252,0
          146.2658,-38.87249,0
          146.26571,-38.8724,0
          146.26558,-38.87224,0
          146.26553,-38.87215,0
          146.26547,-38.87196,0
          146.2654,-38.87135,0
          146.26535,-38.87104,0
          146.26529,-38.8708,0
          146.26524,-38.87068,0
          146.26513,-38.87048,0
          146.26508,-38.87042,0
          146.26483,-38.87018,0
          146.26448,-38.8698,0
          146.26373,-38.86908,0
          146.26314,-38.86855,0
          146.26299,-38.86837,0
          146.26285,-38.86811,0
          146.26282,-38.86807,0
          146.26237,-38.86702,0
          146.26206,-38.86601,0
          146.2619,-38.86568,0
          146.26188,-38.86566,0
          146.26162,-38.86521,0
          146.2614,-38.86491,0
          146.261,-38.86446,0
          146.26092,-38.86439,0
          146.26087,-38.86436,0
          146.26082,-38.86432,0
          146.26079,-38.86431,0
          146.26077,-38.86429,0
          146.26071,-38.86427,0
          146.26046,-38.86416,0
          146.25907,-38.86372,0
          146.25864,-38.86356,0
          146.25727,-38.86297,0
          146.25726,-38.86296,0
          146.25707,-38.86289,0
          146.25694,-38.86286,0
          146.2567,-38.86284,0
          146.25652,-38.86284,0
          146.25643,-38.86283,0
          146.25597,-38.86272,0
          146.25573,-38.86263,0
          146.2557,-38.86261,0
          146.25569,-38.86261,0
          146.25563,-38.86258,0
          146.25557,-38.86256,0
          146.25463,-38.86208,0
          146.25437,-38.86192,0
          146.25436,-38.86191,0
          146.25414,-38.86178,0
          146.25401,-38.86168,0
          146.25379,-38.86146,0
          146.25368,-38.86131,0
          146.25328,-38.86059,0
          146.25327,-38.86058,0
          146.25313,-38.86033,0
          146.25294,-38.86014,0
          146.25259,-38.85991,0
          146.2521,-38.85965,0
          146.2507,-38.85897,0
          146.25067,-38.85895,0
          146.25061,-38.85893,0
          146.25057,-38.8589,0
          146.24963,-38.85844,0
          146.24931,-38.8583,0
          146.24839,-38.85785,0
          146.24825,-38.85777,0
          146.24781,-38.85747,0
          146.24764,-38.85733,0
          146.24748,-38.85717,0
          146.24744,-38.85715,0
          146.24742,-38.85713,0
          146.24689,-38.85644,0
          146.24686,-38.85638,0
          146.2462,-38.85554,0
          146.24615,-38.85546,0
          146.24604,-38.85534,0
          146.24516,-38.85419,0
          146.24498,-38.85389,0
          146.24486,-38.85362,0
          146.24482,-38.85346,0
          146.24479,-38.85323,0
          146.24478,-38.85319,0
          146.24481,-38.85279,0
          146.24492,-38.85239,0
          146.24518,-38.8517,0
          146.24531,-38.85124,0
          146.24534,-38.85102,0
          146.24534,-38.85066,0
          146.24532,-38.85041,0
          146.24518,-38.84993,0
          146.24495,-38.84939,0
          146.24488,-38.84926,0
          146.24464,-38.84891,0
          146.24432,-38.84854,0
          146.24252,-38.84692,0
          146.24251,-38.8469,0
          146.24224,-38.84664,0
          146.24223,-38.84662,0
          146.24211,-38.84649,0
          146.24195,-38.84627,0
          146.24172,-38.84585,0
          146.24164,-38.84567,0
          146.24156,-38.84545,0
          146.24148,-38.84503,0
          146.24148,-38.84491,0
          146.24147,-38.84482,0
          146.24148,-38.84464,0
          146.24155,-38.84421,0
          146.24165,-38.84375,0
          146.24207,-38.84215,0
          146.24208,-38.84208,0
          146.2421,-38.84203,0
          146.24216,-38.84176,0
          146.24222,-38.84128,0
          146.24221,-38.84071,0
          146.2422,-38.84068,0
          146.2422,-38.84062,0
          146.24171,-38.83753,0
          146.24163,-38.83715,0
          146.24158,-38.83698,0
          146.24144,-38.83663,0
          146.24143,-38.83659,0
          146.24104,-38.8358,0
          146.241,-38.83574,0
          146.24098,-38.83569,0
          146.23967,-38.83323,0
          146.23915,-38.83178,0
          146.23915,-38.8317,0
          146.23888,-38.83091,0
          146.23882,-38.83078,0
          146.23877,-38.83063,0
          146.23858,-38.83017,0
          146.23836,-38.82978,0
          146.23802,-38.82932,0
          146.23776,-38.82902,0
          146.23747,-38.82864,0
          146.23585,-38.82678,0
          146.23585,-38.82677,0
          146.2355,-38.82636,0
          146.23487,-38.82573,0
          146.23431,-38.82527,0
          146.23425,-38.82523,0
          146.23345,-38.82459,0
          146.23249,-38.82364,0
          146.23186,-38.82288,0
          146.23182,-38.82282,0
          146.23,-38.82079,0
          146.22964,-38.82044,0
          146.22738,-38.81842,0
          146.22652,-38.81772,0
          146.22609,-38.81746,0
          146.22538,-38.81708,0
          146.22531,-38.81705,0
          146.22305,-38.81587,0
          146.22298,-38.81585,0
          146.22215,-38.81546,0
          146.2184,-38.81397,0
          146.2181,-38.81388,0
          146.21778,-38.81381,0
          146.21729,-38.81373,0
          146.21688,-38.81369,0
          146.21625,-38.8136,0
          146.213,-38.81324,0
          146.21187,-38.81302,0
          146.21184,-38.81302,0
          146.20981,-38.81258,0
          146.20979,-38.81257,0
          146.20867,-38.81231,0
          146.20775,-38.81203,0
          146.20675,-38.81166,0
          146.20671,-38.81165,0
          146.20602,-38.81133,0
          146.20586,-38.81127,0
          146.20578,-38.81123,0
          146.20425,-38.81062,0
          146.20345,-38.81034,0
          146.19967,-38.8088,0
          146.1995,-38.80871,0
          146.19941,-38.80868,0
          146.19894,-38.80848,0
          146.1987,-38.80836,0
          146.19836,-38.80814,0
          146.19811,-38.80791,0
          146.1979,-38.80769,0
          146.19656,-38.80609,0
          146.1965,-38.80612,0
          146.19537,-38.8047,0
          146.19494,-38.8042,0
          146.19488,-38.80415,0
          146.19456,-38.80381,0
          146.19428,-38.80358,0
          146.19,-38.80039,0
          146.18993,-38.80035,0
          146.17759,-38.79109,0
          146.17754,-38.79106,0
          146.17599,-38.78989,0
          146.17597,-38.78988,0
          146.17551,-38.78954,0
          146.17446,-38.78885,0
          146.17196,-38.78736,0
          146.17116,-38.78696,0
          146.17098,-38.78685,0
          146.17069,-38.7867,0
          146.17005,-38.78632,0
          146.16622,-38.78382,0
          146.16591,-38.78359,0
          146.16545,-38.78314,0
          146.16531,-38.78296,0
          146.16501,-38.78246,0
          146.16296,-38.77858,0
          146.16294,-38.77852,0
          146.16288,-38.77839,0
          146.16275,-38.77802,0
          146.16266,-38.77756,0
          146.16242,-38.77678,0
          146.16214,-38.77622,0
          146.16184,-38.77581,0
          146.16183,-38.77579,0
          146.16153,-38.77537,0
          146.16129,-38.77493,0
          146.16118,-38.77467,0
          146.16117,-38.77466,0
          146.16098,-38.77418,0
          146.16062,-38.77309,0
          146.1604,-38.77254,0
          146.16016,-38.77207,0
          146.16007,-38.77193,0
          146.15964,-38.77139,0
          146.15901,-38.77068,0
          146.15895,-38.77064,0
          146.15393,-38.76528,0
          146.15267,-38.76381,0
          146.15263,-38.76375,0
          146.15217,-38.76319,0
          146.15216,-38.76319,0
          146.15085,-38.76163,0
          146.15046,-38.76121,0
          146.15035,-38.76112,0
          146.15018,-38.76096,0
          146.1491,-38.7601,0
          146.14822,-38.75947,0
          146.1479,-38.75929,0
          146.1476,-38.75915,0
          146.14735,-38.75907,0
          146.14683,-38.75894,0
          146.14661,-38.75891,0
          146.14653,-38.75889,0
          146.14618,-38.75885,0
          146.14541,-38.75885,0
          146.14433,-38.75881,0
          146.14431,-38.7588,0
          146.14362,-38.75869,0
          146.14318,-38.7586,0
          146.14033,-38.75778,0
          146.13963,-38.75754,0
          146.13931,-38.75738,0
          146.13824,-38.75668,0
          146.13793,-38.75643,0
          146.13718,-38.75594,0
          146.13717,-38.75594,0
          146.13671,-38.75565,0
          146.13586,-38.75496,0
          146.13551,-38.75448,0
          146.13548,-38.75442,0
          146.13538,-38.75429,0
          146.13503,-38.7536,0
          146.13483,-38.753,0
          146.1345,-38.75235,0
          146.13431,-38.75182,0
          146.13431,-38.75178,0
          146.13429,-38.75172,0
          146.13428,-38.75158,0
          146.13424,-38.75133,0
          146.13406,-38.74748,0
          146.134,-38.74707,0
          146.13388,-38.74674,0
          146.13369,-38.74639,0
          146.13359,-38.74626,0
          146.13336,-38.74602,0
          146.13277,-38.74552,0
          146.13244,-38.74527,0
          146.13177,-38.74472,0
          146.13153,-38.74445,0
          146.13149,-38.74442,0
          146.1309,-38.74377,0
          146.13037,-38.74327,0
          146.12986,-38.74272,0
          146.12918,-38.74178,0
          146.12898,-38.7414,0
          146.12854,-38.74033,0
          146.12819,-38.73916,0
          146.12717,-38.73522,0
          146.12697,-38.73456,0
          146.12691,-38.73441,0
          146.12672,-38.73406,0
          146.12667,-38.73399,0
          146.1266,-38.73391,0
          146.12659,-38.73389,0
          146.12632,-38.7336,0
          146.12596,-38.73329,0
          146.12552,-38.73297,0
          146.12268,-38.73105,0
          146.12253,-38.73093,0
          146.12228,-38.7307,0
          146.12205,-38.73041,0
          146.12188,-38.7301,0
          146.12177,-38.72982,0
          146.1217,-38.72952,0
          146.12131,-38.72653,0
          146.12131,-38.72648,0
          146.12112,-38.72516,0
          146.12112,-38.72505,0
          146.12075,-38.7219,0
          146.12066,-38.7213,0
          146.12062,-38.72113,0
          146.12058,-38.72101,0
          146.1205,-38.72082,0
          146.12025,-38.72039,0
          146.11991,-38.71995,0
          146.11897,-38.71893,0
          146.11844,-38.71846,0
          146.11798,-38.71809,0
          146.11769,-38.7179,0
          146.11748,-38.71779,0
          146.11733,-38.71773,0
          146.11696,-38.71762,0
          146.11588,-38.71738,0
          146.11558,-38.71727,0
          146.11529,-38.71713,0
          146.11511,-38.71702,0
          146.11502,-38.71698,0
          146.11382,-38.71627,0
          146.11362,-38.71617,0
          146.11324,-38.71603,0
          146.11289,-38.71597,0
          146.11266,-38.71596,0
          146.11233,-38.71599,0
          146.1121,-38.71604,0
          146.1119,-38.7161,0
          146.10907,-38.71744,0
          146.10902,-38.71747,0
          146.10806,-38.71792,0
          146.10785,-38.71799,0
          146.10765,-38.71804,0
          146.10762,-38.71804,0
          146.10751,-38.71806,0
          146.10732,-38.71807,0
          146.10695,-38.71806,0
          146.10606,-38.7179,0
          146.10602,-38.7179,0
          146.10468,-38.71763,0
          146.10412,-38.71748,0
          146.10397,-38.71742,0
          146.10383,-38.71734,0
          146.10375,-38.71731,0
          146.10366,-38.71726,0
          146.10355,-38.71718,0
          146.10333,-38.71697,0
          146.10318,-38.71678,0
          146.10277,-38.71616,0
          146.10248,-38.71588,0
          146.10231,-38.71578,0
          146.10221,-38.71571,0
          146.10213,-38.71568,0
          146.10194,-38.71559,0
          146.10171,-38.71552,0
          146.10145,-38.71547,0
          146.101,-38.71541,0
          146.1004,-38.71525,0
          146.09996,-38.71502,0
          146.09977,-38.71487,0
          146.09964,-38.71474,0
          146.0995,-38.71456,0
          146.09943,-38.71444,0
          146.09926,-38.71404,0
          146.09901,-38.71325,0
          146.09892,-38.71302,0
          146.09884,-38.71288,0
          146.09879,-38.71281,0
          146.09861,-38.7126,0
          146.09848,-38.71249,0
          146.09821,-38.71232,0
          146.09795,-38.71221,0
          146.09783,-38.71217,0
          146.0977,-38.71214,0
          146.09721,-38.7121,0
          146.09694,-38.71212,0
          146.09467,-38.71258,0
          146.09456,-38.71261,0
          146.09365,-38.71277,0
          146.09316,-38.71278,0
          146.09288,-38.71273,0
          146.09281,-38.71271,0
          146.09275,-38.7127,0
          146.09249,-38.71262,0
          146.09142,-38.71219,0
          146.0909,-38.71195,0
          146.09067,-38.71182,0
          146.09051,-38.7117,0
          146.09038,-38.71158,0
          146.09026,-38.71145,0
          146.0899,-38.71092,0
          146.08961,-38.71043,0
          146.08953,-38.71024,0
          146.0895,-38.71014,0
          146.08946,-38.70989,0
          146.08946,-38.70969,0
          146.0896,-38.7089,0
          146.08961,-38.70871,0
          146.0896,-38.70854,0
          146.08957,-38.70839,0
          146.08949,-38.70821,0
          146.08932,-38.70797,0
          146.0892,-38.70786,0
          146.089,-38.70771,0
          146.08877,-38.70756,0
          146.0887,-38.70753,0
          146.08826,-38.70722,0
          146.08799,-38.70701,0
          146.08788,-38.70691,0
          146.08776,-38.70675,0
          146.08771,-38.70667,0
          146.08765,-38.70654,0
          146.08762,-38.70643,0
          146.08761,-38.70642,0
          146.08758,-38.70625,0
          146.08757,-38.70622,0
          146.08709,-38.70328,0
          146.08706,-38.70288,0
          146.08707,-38.70285,0
          146.08708,-38.70266,0
          146.0871,-38.7025,0
          146.08723,-38.70197,0
          146.08739,-38.70147,0
          146.08741,-38.70143,0
          146.08772,-38.7005,0
          146.08787,-38.69992,0
          146.08792,-38.69959,0
          146.08793,-38.69935,0
          146.08792,-38.69916,0
          146.0878,-38.69857,0
          146.08759,-38.69793,0
          146.08673,-38.69626,0
          146.08665,-38.69605,0
          146.08658,-38.69575,0
          146.08658,-38.69458,0
          146.08657,-38.69454,0
          146.08657,-38.6944,0
          146.08652,-38.69417,0
          146.08647,-38.69404,0
          146.0864,-38.69394,0
          146.08637,-38.69388,0
          146.08632,-38.69383,0
          146.08623,-38.69358,0
          146.08621,-38.69348,0
          146.08606,-38.6935,0
          146.08597,-38.6935,0
          146.08592,-38.69348,0
          146.08572,-38.69345,0
          146.08539,-38.69345,0
          146.08519,-38.69342,0
          146.08516,-38.69342,0
          146.0849,-38.69337,0
          146.08442,-38.69336,0
          146.0842,-38.69339,0
          146.0835,-38.69355,0
          146.08338,-38.69356,0
          146.08324,-38.69353,0
          146.08319,-38.69351,0
          146.08315,-38.69348,0
          146.0831,-38.69346,0
          146.08285,-38.69276,0
          146.08291,-38.69274,0
          146.08294,-38.69272,0
          146.08302,-38.69269,0
          146.08316,-38.69255,0
          146.08326,-38.69238,0
          146.08332,-38.69222,0
          146.08351,-38.69203,0
          146.08378,-38.69187,0
          146.08451,-38.69127,0
          146.08591,-38.69001,0
          146.0869,-38.68926,0
          146.08695,-38.68923,0
          146.087,-38.68918,0
          146.08874,-38.68781,0
          146.09014,-38.68662,0
          146.09029,-38.68646,0
          146.0909,-38.68573,0
          146.09095,-38.68568,0
          146.09244,-38.68383,0
          146.09258,-38.6835,0
          146.09263,-38.6833,0
          146.09284,-38.68207,0
          146.09289,-38.68188,0
          146.09294,-38.68174,0
          146.09303,-38.68157,0
          146.09318,-38.68137,0
          146.09327,-38.68127,0
          146.0937,-38.68097,0
          146.09535,-38.67999,0
          146.09545,-38.67991,0
          146.09564,-38.67971,0
          146.09614,-38.67897,0
          146.09616,-38.67893,0
          146.09688,-38.67779,0
          146.09716,-38.67746,0
          146.09848,-38.67637,0
          146.09853,-38.67634,0
          146.09868,-38.6762,0
          146.09954,-38.67549,0
          146.09982,-38.67528,0
          146.10016,-38.67508,0
          146.1006,-38.67486,0
          146.10092,-38.67467,0
          146.10123,-38.67441,0
          146.10142,-38.6742,0
          146.1015,-38.67408,0
          146.10167,-38.67376,0
          146.10169,-38.67374,0
          146.10185,-38.67343,0
          146.10216,-38.673,0
          146.10254,-38.67257,0
          146.10303,-38.67197,0
          146.10314,-38.67185,0
          146.10328,-38.67159,0
          146.10332,-38.67148,0
          146.10336,-38.6713,0
          146.10339,-38.67107,0
          146.10326,-38.66991,0
          146.10326,-38.66971,0
          146.10344,-38.66864,0
          146.10346,-38.66842,0
          146.10345,-38.66822,0
          146.10343,-38.66808,0
          146.10331,-38.66779,0
          146.10304,-38.66731,0
          146.10267,-38.66671,0
          146.10263,-38.66663,0
          146.10195,-38.66551,0
          146.10184,-38.66529,0
          146.1018,-38.66518,0
          146.10178,-38.66509,0
          146.10176,-38.66489,0
          146.10169,-38.66489,0
          146.10168,-38.66482,0
          146.10169,-38.66477,0
          146.1017,-38.66465,0
          146.10174,-38.66449,0
          146.10179,-38.66434,0
          146.10201,-38.66395,0
          146.10228,-38.66355,0
          146.1024,-38.66334,0
          146.10244,-38.66324,0
          146.10245,-38.66318,0
          146.10247,-38.66313,0
          146.1025,-38.66293,0
          146.10254,-38.66142,0
          146.10255,-38.66137,0
          146.1026,-38.65862,0
          146.10262,-38.65848,0
          146.10279,-38.65818,0
          146.10284,-38.65806,0
          146.10286,-38.65798,0
          146.10287,-38.65796,0
          146.10288,-38.65784,0
          146.10288,-38.65751,0
          146.10287,-38.65744,0
          146.10286,-38.65697,0
          146.10289,-38.65676,0
          146.10296,-38.65657,0
          146.10305,-38.6564,0
          146.10307,-38.65638,0
          146.10317,-38.65623,0
          146.10319,-38.65622,0
          146.10336,-38.65607,0
          146.10353,-38.65595,0
          146.10382,-38.65579,0
          146.10467,-38.65545,0
          146.10505,-38.65526,0
          146.10545,-38.65499,0
          146.10569,-38.6548,0
          146.10596,-38.65461,0
          146.10622,-38.65448,0
          146.10668,-38.65433,0
          146.10701,-38.65418,0
          146.1073,-38.65399,0
          146.10759,-38.65377,0
          146.1078,-38.65358,0
          146.10784,-38.65352,0
          146.10785,-38.65351,0
          146.10788,-38.65346,0
          146.10796,-38.65322,0
          146.10796,-38.6529,0
          146.10799,-38.65258,0
          146.10802,-38.65245,0
          146.10806,-38.65233,0
          146.10811,-38.65223,0
          146.10905,-38.65095,0
          146.10914,-38.65081,0
          146.1092,-38.65066,0
          146.10922,-38.65055,0
          146.10922,-38.65011,0
          146.10921,-38.65006,0
          146.10924,-38.6486,0
          146.10926,-38.64846,0
          146.10927,-38.64843,0
          146.10929,-38.64831,0
          146.10935,-38.6482,0
          146.10941,-38.64811,0
          146.10949,-38.64802,0
          146.11003,-38.64763,0
          146.11013,-38.64753,0
          146.11034,-38.64726,0
          146.1104,-38.64717,0
          146.11044,-38.64709,0
          146.11049,-38.64696,0
          146.1105,-38.64682,0
          146.11049,-38.64671,0
          146.11042,-38.64652,0
          146.11037,-38.64642,0
          146.11018,-38.64614,0
          146.11014,-38.64602,0
          146.11013,-38.64581,0
          146.11017,-38.64557,0
          146.1102,-38.64545,0
          146.11026,-38.64531,0
          146.11039,-38.64511,0
          146.11094,-38.64452,0
          146.11103,-38.64441,0
          146.11125,-38.64407,0
          146.11131,-38.64394,0
          146.11144,-38.64379,0
          146.11156,-38.64362,0
          146.1117,-38.64349,0
          146.11194,-38.6433,0
          146.11209,-38.64315,0
          146.11227,-38.64291,0
          146.11239,-38.64269,0
          146.11257,-38.64223,0
          146.11268,-38.64205,0
          146.11287,-38.64182,0
          146.11319,-38.64149,0
          146.11361,-38.64116,0
          146.1142,-38.64081,0
          146.11425,-38.64079,0
          146.11495,-38.64037,0
          146.11513,-38.64028,0
          146.11517,-38.64025,0
          146.11527,-38.64021,0
          146.1155,-38.64014,0
          146.11578,-38.64008,0
          146.1162,-38.63995,0
          146.11634,-38.63989,0
          146.11665,-38.6397,0
          146.11695,-38.63945,0
          146.11702,-38.63937,0
          146.11725,-38.63905,0
          146.11736,-38.63887,0
          146.11753,-38.6378,0
          146.11758,-38.63762,0
          146.11768,-38.63745,0
          146.1178,-38.63729,0
          146.1178,-38.63728,0
          146.1181,-38.63702,0
          146.11886,-38.63647,0
          146.11919,-38.63617,0
          146.12018,-38.63498,0
          146.12035,-38.6348,0
          146.12055,-38.63462,0
          146.12039,-38.63433,0
          146.12018,-38.63389,0
          146.11985,-38.63304,0
          146.11976,-38.63275,0
          146.11969,-38.6323,0
          146.11968,-38.63227,0
          146.11958,-38.63167,0
          146.11946,-38.63118,0
          146.11935,-38.63099,0
          146.11921,-38.63082,0
          146.11908,-38.63072,0
          146.11894,-38.63064,0
          146.11893,-38.63064,0
          146.11874,-38.63055,0
          146.11866,-38.63052,0
          146.11847,-38.63047,0
          146.11807,-38.63041,0
          146.11802,-38.63041,0
          146.11789,-38.63039,0
          146.1175,-38.63038,0
          146.1169,-38.63032,0
          146.11658,-38.63023,0
          146.11645,-38.63018,0
          146.11602,-38.62996,0
          146.11591,-38.62992,0
          146.11549,-38.62972,0
          146.11339,-38.62895,0
          146.11182,-38.62843,0
          146.1116,-38.62837,0
          146.11093,-38.62815,0
          146.11031,-38.62799,0
          146.10988,-38.6279,0
          146.10956,-38.62786,0
          146.10826,-38.62777,0
          146.1082,-38.62776,0
          146.10742,-38.6277,0
          146.10704,-38.62763,0
          146.10669,-38.62752,0
          146.10626,-38.62734,0
          146.10608,-38.62725,0
          146.10594,-38.62716,0
          146.10585,-38.62706,0
          146.10576,-38.62694,0
          146.10566,-38.62674,0
          146.10558,-38.62648,0
          146.10561,-38.62572,0
          146.10571,-38.62505,0
          146.10569,-38.62484,0
          146.10567,-38.62475,0
          146.10561,-38.62457,0
          146.10537,-38.62407,0
          146.10532,-38.62383,0
          146.10532,-38.62365,0
          146.10534,-38.62358,0
          146.10538,-38.62349,0
          146.10546,-38.62336,0
          146.1056,-38.62319,0
          146.1058,-38.62306,0
          146.10619,-38.62284,0
          146.10626,-38.62275,0
          146.1063,-38.62265,0
          146.1063,-38.62251,0
          146.10628,-38.62245,0
          146.10616,-38.62231,0
          146.10606,-38.62225,0
          146.10591,-38.62219,0
          146.10572,-38.62216,0
          146.10553,-38.6221,0
          146.10529,-38.622,0
          146.10507,-38.62182,0
          146.10501,-38.62175,0
          146.10495,-38.62166,0
          146.10488,-38.62149,0
          146.10488,-38.62137,0
          146.1049,-38.6213,0
          146.105,-38.62114,0
          146.10511,-38.621,0
          146.10515,-38.62093,0
          146.10518,-38.62084,0
          146.10518,-38.62075,0
          146.10516,-38.62064,0
          146.10508,-38.62042,0
          146.10503,-38.6202,0
          146.10502,-38.6201,0
          146.10503,-38.61999,0
          146.10525,-38.6195,0
          146.10534,-38.61934,0
          146.10542,-38.61926,0
          146.10542,-38.61925,0
          146.10555,-38.61915,0
          146.10567,-38.6191,0
          146.10587,-38.61908,0
          146.10606,-38.61912,0
          146.10611,-38.61915,0
          146.10642,-38.61929,0
          146.10653,-38.61931,0
          146.10666,-38.61931,0
          146.10668,-38.6193,0
          146.10672,-38.61929,0
          146.10676,-38.61927,0
          146.10679,-38.61923,0
          146.10682,-38.6192,0
          146.10682,-38.61919,0
          146.10684,-38.61911,0
          146.10683,-38.61905,0
          146.10675,-38.6188,0
          146.10673,-38.61866,0
          146.10672,-38.61864,0
          146.10673,-38.61857,0
          146.10678,-38.61845,0
          146.10688,-38.61837,0
          146.10691,-38.61836,0
          146.10699,-38.61832,0
          146.10713,-38.61829,0
          146.10721,-38.61829,0
          146.10729,-38.61828,0
          146.10738,-38.61828,0
          146.10763,-38.61824,0
          146.1079,-38.618,0
          146.10794,-38.61774,0
          146.10837,-38.61572,0
          146.10837,-38.61568,0
          146.10836,-38.61564,0
          146.10833,-38.61558,0
          146.10827,-38.61552,0
          146.10816,-38.61546,0
          146.10798,-38.61545,0
          146.10742,-38.61561,0
          146.10734,-38.61561,0
          146.10726,-38.61562,0
          146.10723,-38.61561,0
          146.10721,-38.61561,0
          146.10717,-38.61559,0
          146.10713,-38.61558,0
          146.107,-38.61552,0
          146.10697,-38.6155,0
          146.10687,-38.6154,0
          146.10684,-38.61534,0
          146.10682,-38.61528,0
          146.1066,-38.61437,0
          146.10653,-38.61416,0
          146.10635,-38.61384,0
          146.10595,-38.61325,0
          146.10577,-38.61295,0
          146.10565,-38.61271,0
          146.10559,-38.61261,0
          146.10554,-38.61255,0
          146.10554,-38.61254,0
          146.10547,-38.6125,0
          146.10518,-38.61239,0
          146.10514,-38.61238,0
          146.10499,-38.61224,0
          146.10495,-38.61221,0
          146.10479,-38.61212,0
          146.10462,-38.61205,0
          146.10461,-38.61205,0
          146.10453,-38.61203,0
          146.1044,-38.61198,0
          146.10432,-38.61194,0
          146.10425,-38.61187,0
          146.10424,-38.61185,0
          146.10403,-38.61162,0
          146.10281,-38.61008,0
          146.10278,-38.61002,0
          146.10272,-38.60996,0
          146.10264,-38.60986,0
          146.10241,-38.6095,0
          146.10225,-38.609,0
          146.1022,-38.60879,0
          146.10218,-38.60858,0
          146.10216,-38.60795,0
          146.10214,-38.60787,0
          146.1021,-38.60781,0
          146.10205,-38.60776,0
          146.10198,-38.60773,0
          146.10189,-38.60771,0
          146.10187,-38.6077,0
          146.1018,-38.6077,0
          146.10167,-38.60774,0
          146.1016,-38.60777,0
          146.10142,-38.60789,0
          146.10118,-38.60808,0
          146.10105,-38.6082,0
          146.10043,-38.60871,0
          146.10036,-38.60875,0
          146.10036,-38.60876,0
          146.10025,-38.6088,0
          146.10009,-38.60882,0
          146.09967,-38.60883,0
          146.09946,-38.60881,0
          146.09945,-38.6088,0
          146.09939,-38.60879,0
          146.0993,-38.60876,0
          146.09925,-38.60875,0
          146.09925,-38.60874,0
          146.09916,-38.6087,0
          146.09899,-38.60852,0
          146.09896,-38.60847,0
          146.09876,-38.60821,0
          146.09871,-38.60816,0
          146.09821,-38.60757,0
          146.09812,-38.60748,0
          146.09802,-38.60741,0
          146.09786,-38.60734,0
          146.09763,-38.6073,0
          146.0974,-38.60728,0
          146.09721,-38.60723,0
          146.09698,-38.60714,0
          146.09684,-38.60706,0
          146.0968,-38.60703,0
          146.09671,-38.60698,0
          146.09659,-38.60687,0
          146.09655,-38.60678,0
          146.09655,-38.60666,0
          146.09659,-38.60638,0
          146.09659,-38.60607,0
          146.09657,-38.60591,0
          146.09651,-38.6058,0
          146.09642,-38.6057,0
          146.09633,-38.60565,0
          146.09612,-38.60556,0
          146.09581,-38.60548,0
          146.0958,-38.60547,0
          146.09489,-38.60522,0
          146.09452,-38.6051,0
          146.09451,-38.6051,0
          146.09431,-38.605,0
          146.09335,-38.60445,0
          146.09299,-38.60428,0
          146.09221,-38.60399,0
          146.09197,-38.60387,0
          146.09171,-38.60376,0
          146.09127,-38.60347,0
          146.09079,-38.60303,0
          146.09044,-38.60253,0
          146.09008,-38.60211,0
          146.08963,-38.60164,0
          146.0895,-38.60153,0
          146.08916,-38.60132,0
          146.08896,-38.60123,0
          146.0887,-38.60109,0
          146.08582,-38.59973,0
          146.08579,-38.59971,0
          146.08483,-38.59926,0
          146.08421,-38.59902,0
          146.0842,-38.59902,0
          146.0841,-38.59898,0
          146.08355,-38.59887,0
          146.08348,-38.59885,0
          146.08264,-38.59876,0
          146.08153,-38.59851,0
          146.08148,-38.59849,0
          146.08136,-38.59846,0
          146.081,-38.59833,0
          146.08007,-38.59792,0
          146.08005,-38.59792,0
          146.07908,-38.59754,0
          146.07861,-38.59731,0
          146.07567,-38.59568,0
          146.07455,-38.59499,0
          146.07449,-38.59496,0
          146.07294,-38.59392,0
          146.07273,-38.59373,0
          146.07248,-38.59346,0
          146.07211,-38.59297,0
          146.07166,-38.5923,0
          146.07128,-38.5918,0
          146.07088,-38.59143,0
          146.07086,-38.5914,0
          146.07085,-38.59137,0
          146.07088,-38.59131,0
          146.07039,-38.59108,0
          146.07011,-38.59093,0
          146.06984,-38.59075,0
          146.06975,-38.59072,0
          146.06904,-38.59029,0
          146.06823,-38.58986,0
          146.06817,-38.58982,0
          146.06779,-38.58964,0
          146.06592,-38.58885,0
          146.0658,-38.58874,0
          146.06261,-38.5874,0
          146.06245,-38.58737,0
          146.06243,-38.58735,0
          146.06216,-38.58722,0
          146.06057,-38.58654,0
          146.06052,-38.58651,0
          146.06064,-38.58583,0
          146.06538,-38.56293,0
          146.06551,-38.56219,0
          146.06566,-38.56151,0
          146.06567,-38.5615,0
          146.06741,-38.55299,0
          146.06741,-38.55296,0
          146.06747,-38.55264,0
          146.06748,-38.55243,0
          146.06747,-38.5523,0
          146.06747,-38.55212,0
          146.06746,-38.55209,0
          146.06744,-38.55193,0
          146.06743,-38.55191,0
          146.06737,-38.5517,0
          146.06721,-38.5513,0
          146.0668,-38.55072,0
          146.06551,-38.54918,0
          146.06907,-38.54739,0
          146.06913,-38.54735,0
          146.07113,-38.54634,0
          146.0712,-38.54629,0
          146.07239,-38.54574,0
          146.07588,-38.54394,0
          146.07597,-38.54387,0
          146.07842,-38.54266,0
          146.08042,-38.54162,0
          146.08051,-38.54159,0
          146.08481,-38.53939,0
          146.08677,-38.53845,0
          146.08685,-38.53839,0
          146.08913,-38.53724,0
          146.08916,-38.53722,0
          146.09183,-38.53587,0
          146.092,-38.5358,0
          146.09203,-38.53578,0
          146.09311,-38.53525,0
          146.09393,-38.53481,0
          146.09396,-38.5348,0
          146.09432,-38.53457,0
          146.09436,-38.53453,0
          146.09441,-38.53446,0
          146.09448,-38.53431,0
          146.09454,-38.53387,0
          146.09454,-38.53382,0
          146.09463,-38.53341,0
          146.09477,-38.53253,0
          146.09482,-38.53241,0
          146.0949,-38.53194,0
          146.0949,-38.53183,0
          146.09512,-38.53018,0
          146.09519,-38.52985,0
          146.0953,-38.52946,0
          146.09543,-38.52922,0
          146.09565,-38.52894,0
          146.09579,-38.52882,0
          146.096,-38.52867,0
          146.09621,-38.52854,0
          146.09653,-38.52839,0
          146.09751,-38.52786,0
          146.10341,-38.52486,0
          146.10464,-38.52418,0
          146.10506,-38.52389,0
          146.10629,-38.5231,0
          146.10668,-38.52287,0
          146.10826,-38.52205,0
          146.10846,-38.52196,0
          146.11672,-38.51774,0
          146.1169,-38.5176,0
          146.11693,-38.51759,0
          146.11689,-38.51754,0
          146.11622,-38.51645,0
          146.11609,-38.51629,0
          146.11597,-38.51617,0
          146.11568,-38.51595,0
          146.11556,-38.51583,0
          146.11542,-38.51564,0
          146.11532,-38.51541,0
          146.11527,-38.51524,0
          146.11526,-38.51511,0
          146.11526,-38.51495,0
          146.1153,-38.51466,0
          146.11539,-38.51448,0
          146.11589,-38.51361,0
          146.11591,-38.51356,0
          146.11612,-38.5132,0
          146.11616,-38.51311,0
          146.11637,-38.51278,0
          146.11649,-38.51265,0
          146.11664,-38.51252,0
          146.11679,-38.51243,0
          146.11692,-38.51237,0
          146.11724,-38.51227,0
          146.1181,-38.51211,0
          146.11814,-38.51209,0
          146.11818,-38.51208,0
          146.11826,-38.51202,0
          146.11828,-38.51199,0
          146.11838,-38.51178,0
          146.11837,-38.51174,0
          146.11833,-38.5117,0
          146.11831,-38.51167,0
          146.11774,-38.51119,0
          146.11769,-38.51114,0
          146.11766,-38.5111,0
          146.11763,-38.51096,0
          146.11767,-38.51077,0
          146.11778,-38.51043,0
          146.11785,-38.51025,0
          146.11788,-38.51019,0
          146.11794,-38.51001,0
          146.11802,-38.50985,0
          146.11803,-38.50981,0
          146.11809,-38.5097,0
          146.1183,-38.5094,0
          146.11864,-38.50897,0
          146.1188,-38.50879,0
          146.11923,-38.50812,0
          146.11924,-38.50812,0
          146.11931,-38.508,0
          146.11936,-38.50788,0
          146.1194,-38.50768,0
          146.1194,-38.5076,0
          146.11939,-38.50753,0
          146.11936,-38.50747,0
          146.11932,-38.50741,0
          146.11931,-38.50738,0
          146.11927,-38.50732,0
          146.11919,-38.50724,0
          146.11896,-38.50708,0
          146.11815,-38.50666,0
          146.11808,-38.50661,0
          146.11804,-38.50659,0
          146.11792,-38.50649,0
          146.11791,-38.50649,0
          146.11779,-38.50637,0
          146.1177,-38.50622,0
          146.11764,-38.50607,0
          146.11758,-38.50581,0
          146.11754,-38.50552,0
          146.11753,-38.5055,0
          146.11749,-38.50515,0
          146.11749,-38.50507,0
          146.11751,-38.50492,0
          146.11757,-38.50471,0
          146.11763,-38.5046,0
          146.11776,-38.50444,0
          146.11784,-38.50436,0
          146.11798,-38.50426,0
          146.11998,-38.5033,0
          146.12022,-38.50317,0
          146.1203,-38.50311,0
          146.12045,-38.50297,0
          146.12058,-38.50283,0
          146.12109,-38.50216,0
          146.1211,-38.50214,0
          146.12141,-38.50173,0
          146.12148,-38.50166,0
          146.12232,-38.50052,0
          146.12236,-38.50044,0
          146.12237,-38.50043,0
          146.12246,-38.50026,0
          146.12254,-38.50002,0
          146.12281,-38.4988,0
          146.12283,-38.49875,0
          146.12296,-38.4985,0
          146.123,-38.49845,0
          146.1233,-38.49816,0
          146.1237,-38.49782,0
          146.12377,-38.49774,0
          146.12378,-38.49774,0
          146.12391,-38.49758,0
          146.12403,-38.49736,0
          146.12406,-38.49726,0
          146.12407,-38.49724,0
          146.12411,-38.49711,0
          146.12413,-38.49707,0
          146.12449,-38.49572,0
          146.12475,-38.49457,0
          146.12478,-38.49433,0
          146.12478,-38.49423,0
          146.12479,-38.49418,0
          146.12479,-38.49413,0
          146.12489,-38.49385,0
          146.12538,-38.49278,0
          146.12552,-38.49256,0
          146.12558,-38.4925,0
          146.12567,-38.49243,0
          146.12589,-38.49234,0
          146.12622,-38.49225,0
          146.12653,-38.49224,0
          146.1266,-38.49225,0
          146.12665,-38.49225,0
          146.12721,-38.49231,0
          146.12735,-38.49231,0
          146.12743,-38.4923,0
          146.12764,-38.49223,0
          146.12787,-38.49212,0
          146.12797,-38.49204,0
          146.12805,-38.49194,0
          146.1281,-38.49185,0
          146.1282,-38.49154,0
          146.12826,-38.49141,0
          146.12834,-38.49133,0
          146.12848,-38.49124,0
          146.12868,-38.49116,0
          146.12887,-38.49111,0
          146.12898,-38.4911,0
          146.12914,-38.49107,0
          146.12924,-38.49106,0
          146.12939,-38.49102,0
          146.12943,-38.491,0
          146.12947,-38.49099,0
          146.12947,-38.49098,0
          146.12957,-38.49094,0
          146.12966,-38.49088,0
          146.12967,-38.49088,0
          146.12995,-38.49058,0
          146.1302,-38.49036,0
          146.13117,-38.48964,0
          146.13126,-38.48955,0
          146.13134,-38.48944,0
          146.13139,-38.48933,0
          146.13139,-38.48917,0
          146.13136,-38.48905,0
          146.13109,-38.48866,0
          146.131,-38.48845,0
          146.13098,-38.48838,0
          146.13097,-38.48828,0
          146.13098,-38.48817,0
          146.131,-38.48806,0
          146.131,-38.48803,0
          146.13101,-38.48799,0
          146.13102,-38.48797,0
          146.13105,-38.48786,0
          146.13133,-38.48724,0
          146.13135,-38.48718,0
          146.13143,-38.48702,0
          146.13143,-38.48701,0
          146.1315,-38.48686,0
          146.1315,-38.48684,0
          146.13175,-38.48612,0
          146.13178,-38.486,0
          146.13179,-38.48583,0
          146.13178,-38.4858,0
          146.13231,-38.4856,0
          146.13239,-38.48556,0
          146.13524,-38.48447,0
          146.13524,-38.48446,0
          146.13636,-38.48402,0
          146.1364,-38.48401,0
          146.13797,-38.48341,0
          146.13837,-38.48324,0
          146.14114,-38.48221,0
          146.14121,-38.48219,0
          146.1425,-38.48163,0
          146.14265,-38.48154,0
          146.14284,-38.4814,0
          146.14305,-38.4812,0
          146.14321,-38.48098,0
          146.14336,-38.48066,0
          146.14341,-38.48047,0
          146.14359,-38.47956,0
          146.14367,-38.47932,0
          146.14372,-38.47921,0
          146.14388,-38.47895,0
          146.14412,-38.47869,0
          146.14452,-38.4783,0
          146.14453,-38.47827,0
          146.14458,-38.47823,0
          146.14506,-38.47776,0
          146.14542,-38.47733,0
          146.14557,-38.4771,0
          146.14561,-38.47702,0
          146.14573,-38.47668,0
          146.14577,-38.4765,0
          146.14579,-38.4763,0
          146.14579,-38.4761,0
          146.14577,-38.4759,0
          146.14569,-38.47563,0
          146.14555,-38.47531,0
          146.14549,-38.4752,0
          146.14538,-38.47503,0
          146.14516,-38.47477,0
          146.14504,-38.47466,0
          146.14486,-38.47452,0
          146.14455,-38.47433,0
          146.14309,-38.47371,0
          146.14294,-38.47363,0
          146.14273,-38.47349,0
          146.14259,-38.47338,0
          146.14134,-38.47225,0
          146.14131,-38.47223,0
          146.13998,-38.47099,0
          146.13958,-38.47051,0
          146.13954,-38.47045,0
          146.1395,-38.47037,0
          146.13946,-38.47031,0
          146.13924,-38.46984,0
          146.13913,-38.46967,0
          146.13895,-38.46945,0
          146.13885,-38.46936,0
          146.13876,-38.46926,0
          146.13852,-38.46906,0
          146.13784,-38.4686,0
          146.1376,-38.46842,0
          146.13723,-38.46803,0
          146.1372,-38.46801,0
          146.13671,-38.4674,0
          146.1367,-38.46738,0
          146.13647,-38.46709,0
          146.13647,-38.46708,0
          146.13626,-38.46678,0
          146.1359,-38.46611,0
          146.13576,-38.46578,0
          146.13571,-38.4656,0
          146.13568,-38.46543,0
          146.13568,-38.46521,0
          146.13571,-38.46502,0
          146.13578,-38.46474,0
          146.13588,-38.4645,0
          146.13605,-38.46362,0
          146.13606,-38.46345,0
          146.13604,-38.46324,0
          146.13601,-38.46308,0
          146.13601,-38.46306,0
          146.13596,-38.46288,0
          146.1359,-38.46271,0
          146.13584,-38.46261,0
          146.13569,-38.4624,0
          146.13557,-38.46227,0
          146.13476,-38.46158,0
          146.13475,-38.46158,0
          146.13401,-38.4609,0
          146.13245,-38.45928,0
          146.13058,-38.45726,0
          146.12969,-38.45598,0
          146.12845,-38.45402,0
          146.12841,-38.45397,0
          146.12837,-38.4539,0
          146.12829,-38.45368,0
          146.12827,-38.45358,0
          146.12824,-38.45348,0
          146.12822,-38.45344,0
          146.12819,-38.45331,0
          146.12816,-38.45311,0
          146.12816,-38.45293,0
          146.12818,-38.45276,0
          146.12818,-38.45272,0
          146.12893,-38.44906,0
          146.12895,-38.44901,0
          146.12936,-38.44713,0
          146.12945,-38.44684,0
          146.12948,-38.44678,0
          146.12952,-38.44667,0
          146.13062,-38.44457,0
          146.13083,-38.44426,0
          146.13089,-38.44412,0
          146.13093,-38.44405,0
          146.13096,-38.44396,0
          146.13098,-38.44392,0
          146.13099,-38.44388,0
          146.13104,-38.44377,0
          146.13104,-38.44375,0
          146.13105,-38.44373,0
          146.13107,-38.44365,0
          146.13112,-38.44329,0
          146.13113,-38.44308,0
          146.13111,-38.44258,0
          146.13113,-38.44153,0
          146.13114,-38.44141,0
          146.13113,-38.44117,0
          146.13107,-38.44086,0
          146.13099,-38.44056,0
          146.13057,-38.43932,0
          146.13045,-38.43889,0
          146.13039,-38.43862,0
          146.13038,-38.43841,0
          146.13039,-38.43839,0
          146.13047,-38.43793,0
          146.13057,-38.4377,0
          146.13071,-38.43749,0
          146.1309,-38.43726,0
          146.13105,-38.43712,0
          146.13107,-38.43711,0
          146.13114,-38.43705,0
          146.13141,-38.43689,0
          146.13166,-38.43677,0
          146.13182,-38.43668,0
          146.13251,-38.43638,0
          146.13292,-38.43617,0
          146.13303,-38.4361,0
          146.13306,-38.43609,0
          146.13322,-38.43595,0
          146.13403,-38.43534,0
          146.13458,-38.43497,0
          146.13465,-38.43491,0
          146.13598,-38.43398,0
          146.13606,-38.43394,0
          146.137,-38.4332,0
          146.13712,-38.43309,0
          146.13713,-38.43307,0
          146.13724,-38.43293,0
          146.13739,-38.43268,0
          146.13747,-38.43246,0
          146.13755,-38.43212,0
          146.13758,-38.4319,0
          146.13798,-38.42998,0
          146.13802,-38.42985,0
          146.13806,-38.42967,0
          146.13821,-38.42927,0
          146.13845,-38.42892,0
          146.13885,-38.4284,0
          146.13887,-38.42838,0
          146.13899,-38.42815,0
          146.13908,-38.42794,0
          146.13915,-38.4275,0
          146.13921,-38.42679,0
          146.13921,-38.42671,0
          146.13926,-38.42646,0
          146.13931,-38.42635,0
          146.13944,-38.42613,0
          146.13965,-38.42589,0
          146.13982,-38.42572,0
          146.14002,-38.42557,0
          146.1402,-38.42546,0
          146.14054,-38.42522,0
          146.14124,-38.42478,0
          146.14161,-38.42451,0
          146.14235,-38.4239,0
          146.14253,-38.42373,0
          146.14299,-38.42325,0
          146.14321,-38.42305,0
          146.14326,-38.42298,0
          146.14366,-38.42261,0
          146.14374,-38.42256,0
          146.14466,-38.4217,0
          146.1452,-38.42126,0
          146.14573,-38.42089,0
          146.14584,-38.42083,0
          146.14586,-38.42081,0
          146.146,-38.42072,0
          146.14617,-38.42057,0
          146.14627,-38.42042,0
          146.14633,-38.42035,0
          146.14637,-38.42025,0
          146.14637,-38.42024,0
          146.14638,-38.42024,0
          146.14642,-38.42007,0
          146.14643,-38.42006,0
          146.14643,-38.42004,0
          146.14649,-38.41972,0
          146.14649,-38.4197,0
          146.14652,-38.41955,0
          146.14652,-38.41952,0
          146.14653,-38.41947,0
          146.14653,-38.41896,0
          146.14648,-38.41872,0
          146.14644,-38.41862,0
          146.14643,-38.41857,0
          146.14636,-38.41842,0
          146.14632,-38.41831,0
          146.1463,-38.41828,0
          146.14617,-38.418,0
          146.14606,-38.41768,0
          146.14602,-38.41748,0
          146.14604,-38.41733,0
          146.14604,-38.41723,0
          146.14607,-38.4171,0
          146.14614,-38.4169,0
          146.14619,-38.4168,0
          146.14627,-38.41667,0
          146.14654,-38.41643,0
          146.14676,-38.41628,0
          146.14701,-38.41616,0
          146.14705,-38.41615,0
          146.14713,-38.41611,0
          146.14729,-38.41605,0
          146.14735,-38.41604,0
          146.14753,-38.41599,0
          146.14765,-38.41594,0
          146.1478,-38.41586,0
          146.14795,-38.4158,0
          146.14802,-38.41576,0
          146.14807,-38.41574,0
          146.14859,-38.41539,0
          146.14865,-38.41533,0
          146.14887,-38.41515,0
          146.14917,-38.41497,0
          146.14925,-38.41491,0
          146.14934,-38.41482,0
          146.14945,-38.41473,0
          146.14971,-38.41448,0
          146.14971,-38.41447,0
          146.14986,-38.41432,0
          146.15023,-38.41381,0
          146.15028,-38.41369,0
          146.15059,-38.41316,0
          146.15184,-38.41173,0
          146.15218,-38.41143,0
          146.15255,-38.41115,0
          146.15315,-38.41065,0
          146.154,-38.40979,0
          146.154,-38.40978,0
          146.15444,-38.40923,0
          146.15487,-38.40848,0
          146.15502,-38.40811,0
          146.15506,-38.4078,0
          146.15507,-38.40763,0
          146.15506,-38.40762,0
          146.15504,-38.40741,0
          146.15496,-38.40712,0
          146.15427,-38.40579,0
          146.15377,-38.40493,0
          146.15365,-38.40463,0
          146.15365,-38.40449,0
          146.15367,-38.40434,0
          146.15376,-38.40407,0
          146.15376,-38.40406,0
          146.1539,-38.40373,0
          146.15391,-38.40369,0
          146.15399,-38.40351,0
          146.15401,-38.40343,0
          146.15405,-38.40333,0
          146.15479,-38.40229,0
          146.15548,-38.40238,0
          146.15548,-38.40235,0
          146.15579,-38.40089,0
        </coordinates>
      </LineString>
    </Placemark>
    <Placemark>
      <name>South Point</name>
      <styleUrl>#icon-1899-DB4436-nodesc</styleUrl>
      <Point>
        <coordinates>
          146.3762498,-39.1339231,0
        </coordinates>
      </Point>
    </Placemark>
    <Placemark>
      <name>Mirboo North VIC</name>
      <styleUrl>#icon-1899-DB4436-nodesc</styleUrl>
      <Point>
        <coordinates>
          146.1557946,-38.4008867,0
        </coordinates>
      </Point>
    </Placemark>
  </Document>
</kml>
